This is LuaTeX, Version 1.10.0 (TeX Live 2019)  (format=lualatex 2020.3.2)  11 APR 2020 19:13
 restricted system commands enabled.
**tuttle.tex
(./tuttle.tex
LaTeX2e <2020-02-02> patch level 5
Lua module: luaotfload-main 2020-02-02 3.12 luaotfload entry point
Lua module: luaotfload-init 2020-02-02 3.12 luaotfload submodule / initializatio
n
Lua module: lualibs 2020-02-02 2.70 ConTeXt Lua standard libraries.
Lua module: lualibs-extended 2020-02-02 2.70 ConTeXt Lua libraries -- extended c
ollection.
Lua module: luaotfload-log 2020-02-02 3.12 luaotfload submodule / logging
Lua module: luaotfload-parsers 2020-02-02 3.12 luaotfload submodule / filelist
Lua module: luaotfload-configuration 2020-02-02 3.12 luaotfload submodule / conf
ig file reader
luaotfload | conf : Root cache directory is /home/henri/.texlive2019/texmf-var/l
uatex-cache/generic-dev/names.
luaotfload | init : Loading fontloader “fontloader-2020-01-26.lua” from kpse
-resolved path “/usr/local/texlive/2019/texmf-dist/tex/luatex/luaotfload/fontl
oader-2020-01-26.lua”.
Lua-only attribute luaotfload@state = 2
Lua-only attribute luaotfload@noligature = 3
Lua-only attribute luaotfload@syllabe = 4
luaotfload | init : Context OpenType loader version “3.11”
Inserting `luaotfload.node_processor' at position 1 in `pre_linebreak_filter'.
Inserting `luaotfload.node_processor' at position 1 in `hpack_filter'.
Lua module: luaotfload-loaders 2020-02-02 3.12 luaotfload submodule / callback h
andling
Inserting `luaotfload.define_font' at position 1 in `define_font'.
Lua module: luaotfload-database 2020-02-02 3.12 luaotfload submodule / database
Lua module: luaotfload-unicode 2020-02-02 3.12 luaotfload submodule / Unicode he
lpers
Lua module: luaotfload-colors 2020-02-02 3.12 luaotfload submodule / color
Lua-only attribute luaotfload_color_attribute = 5
Lua module: luaotfload-resolvers 2020-02-02 3.12 luaotfload submodule / resolver
s
luaotfload | conf : Root cache directory is /home/henri/.texlive2019/texmf-var/l
uatex-cache/generic-dev/names.
Lua module: luaotfload-features 2020-02-02 3.12 luaotfload submodule / features
Lua module: luaotfload-letterspace 2020-02-02 3.12 luaotfload submodule / color
Lua module: luaotfload-embolden 2020-02-02 3.12 luaotfload submodule / color
Lua module: luaotfload-notdef 2020-02-02 3.12 luaotfload submodule / color
Lua module: luaotfload-auxiliary 2020-02-02 3.12 luaotfload submodule / auxiliar
y functions
Inserting `luaotfload.aux.set_sscale_dimens' at position 1 in `luaotfload.patch_
font'.
Inserting `luaotfload.aux.set_font_index' at position 2 in `luaotfload.patch_fon
t'.
Inserting `luaotfload.aux.patch_cambria_domh' at position 3 in `luaotfload.patch
_font'.
Inserting `luaotfload.aux.fixup_fontdata' at position 1 in `luaotfload.patch_fon
t_unsafe'.
Inserting `luaotfload.aux.set_capheight' at position 4 in `luaotfload.patch_font
'.
Inserting `luaotfload.aux.set_xheight' at position 5 in `luaotfload.patch_font'.
Lua module: luaotfload-fallback 2020-02-02 3.12 luaotfload submodule / fallback
Lua module: luaotfload-multiscript 2020-02-02 3.12 luaotfload submodule / multis
cript
Lua module: luaotfload-script 2020-02-02 3.12 luaotfload submodule / Script help
ers
Lua module: luaotfload-tounicode 2020-02-02 3.12 luaotfload submodule / tounicod
e
Inserting `luaotfload.rewrite_fontname' at position 6 in `luaotfload.patch_font'
. L3 programming layer <2020-02-25>
(/usr/local/texlive/2019/texmf-dist/tex/luatex/luatexja/ltjbook.cls
Document Class: ltjbook 2020/01/13 v1.8e-ltj-17 Standard LuaLaTeX-ja class
(/usr/local/texlive/2019/texmf-dist/tex/luatex/luatexja/luatexja.sty
Package: luatexja 2020/03/01 Japanese Typesetting with Lua(La)TeX

(/usr/local/texlive/2019/texmf-dist/tex/luatex/luatexja/luatexja-core.sty
Package: luatexja-core 2017/11/12 Core of LuaTeX-ja

(/usr/local/texlive/2019/texmf-dist/tex/luatex/luatexbase/luatexbase.sty
Package: luatexbase 2015/10/04 v1.3 luatexbase interface to LuaTeX 

(/usr/local/texlive/2019/texmf-dist/tex/luatex/ctablestack/ctablestack.sty
Package: ctablestack 2015/10/01 v1.0 Catcode table stable support
\@catcodetablestackcnt=\count163
)
\CatcodeTableOther=\catcodetable5
\CatcodeTableExpl=\catcodetable6
)
(/usr/local/texlive/2019/texmf-dist/tex/generic/ltxcmds/ltxcmds.sty
Package: ltxcmds 2019/12/15 v1.24 LaTeX kernel commands for general use (HO)
)
(/usr/local/texlive/2019/texmf-dist/tex/latex/pdftexcmds/pdftexcmds.sty
Package: pdftexcmds 2019/11/24 v0.31 Utility functions of pdfTeX for LuaTeX (HO)


(/usr/local/texlive/2019/texmf-dist/tex/generic/infwarerr/infwarerr.sty
Package: infwarerr 2019/12/03 v1.5 Providing info/warning/error messages (HO)
)
(/usr/local/texlive/2019/texmf-dist/tex/generic/iftex/iftex.sty
Package: iftex 2019/11/07 v1.0c TeX engine tests
)
Package pdftexcmds Info: \pdf@primitive is available.
Package pdftexcmds Info: \pdf@ifprimitive is available.
Package pdftexcmds Info: \pdfdraftmode found.
\pdftexcmds@toks=\toks15
)
(/usr/local/texlive/2019/texmf-dist/tex/latex/xkeyval/xkeyval.sty
Package: xkeyval 2014/12/03 v2.7a package option processing (HA)

(/usr/local/texlive/2019/texmf-dist/tex/generic/xkeyval/xkeyval.tex
(/usr/local/texlive/2019/texmf-dist/tex/generic/xkeyval/xkvutils.tex
\XKV@toks=\toks16
\XKV@tempa@toks=\toks17

(/usr/local/texlive/2019/texmf-dist/tex/generic/xkeyval/keyval.tex))
\XKV@depth=\count164
File: xkeyval.tex 2014/12/03 v2.7a key=value parser (HA)
))
(/usr/local/texlive/2019/texmf-dist/tex/generic/atbegshi/atbegshi.sty
Package: atbegshi 2019/12/05 v1.19 At begin shipout hook (HO)
)
(/usr/local/texlive/2019/texmf-dist/tex/latex/etoolbox/etoolbox.sty
Package: etoolbox 2019/09/21 v2.5h e-TeX tools for LaTeX (JAW)
\etb@tempcnta=\count165
)
\AtBeginShipoutBox=\box45

(/usr/local/texlive/2019/texmf-dist/tex/latex/everyhook/everyhook.sty
(/usr/local/texlive/2019/texmf-dist/tex/latex/svn-prov/svn-prov.sty
Package: svn-prov 2010/04/24 v3.1862 Package Date/Version from SVN Keywords
)
Package: everyhook 2014/11/26 v1.2 (SVN Rev: 12)\ Hooks for low level TeX everyX
 primitives.
\everypar=\toks18
\frozen@everymath=\toks19
\frozen@everydisplay=\toks20
\everyhbox=\toks21
\everyvbox=\toks22
\everycr=\toks23
)
\ltjlineendcomment=\count166
\ltj@dimen@zw=\dimen134
\ltj@dimen@zh=\dimen135
\ltj@dimen@jQ=\dimen136
\ltj@icflag=\attribute6
\ltj@curjfnt=\attribute7
\ltj@curtfnt=\attribute8
\ltj@charclass=\attribute9
\ltj@charcode=\attribute10
\ltj@autospc=\attribute11
\ltj@autoxspc=\attribute12
\ltj@yablshift=\attribute13
\ltj@ykblshift=\attribute14
\ltj@tablshift=\attribute15
\ltj@tkblshift=\attribute16
\jfam=\attribute17
\ltj@vert@ori=\attribute18
\ltj@dir=\attribute19
\ltj@@japanese=\language2
\ltj@tempcnta=\count167
\ltj@kcat0=\attribute20
\ltj@kcat1=\attribute21
\ltj@kcat2=\attribute22
\ltj@kcat3=\attribute23
\ltj@kcat4=\attribute24
\ltj@kcat5=\attribute25
\ltj@kcat6=\attribute26
Custom whatsit inhibitglue = 1
Custom whatsit stack_marker = 2
Custom whatsit begin_par = 3
Custom whatsit direction = 4
Custom whatsit box_boundary = 5
Custom whatsit ja_al_boundary = 6(load cache: /home/henri/.texlive2019/texmf-var
/luatexja/ltj-cid-auto-adobe-japan1.luc)
Lua module: luatexja.charrange 2019/09/26 Handling the range of Japanese charact
ers
Lua module: luatexja.stack 2019/09/26 LuaTeX-ja stack system
Inserting `ltj.create_dir_whatsit' at position 2 in `hpack_filter'.
Inserting `ltj.create_dir_whatsit' at position 1 in `post_linebreak_filter'.
Inserting `ltj.direction' at position 1 in `vpack_filter'.
Inserting `ltj.direction' at position 1 in `pre_output_filter'.
Inserting `ltj.lineskip' at position 2 in `post_linebreak_filter'.
Inserting `ltj.lineskip' at position 1 in `append_to_vlist_filter'.
Lua module: luatexja.jfont 2019/09/26 Loader for Japanese fonts
Removing  `luaotfload.define_font' from `define_font'.
Inserting `luatexja.font_callback' at position 1 in `define_font'.
Removing  `luaotfload.aux.set_sscale_dimens' from `luaotfload.patch_font'.
Removing  `luaotfload.aux.set_font_index' from `luaotfload.patch_font'.
Removing  `luaotfload.aux.patch_cambria_domh' from `luaotfload.patch_font'.
Removing  `luaotfload.aux.set_capheight' from `luaotfload.patch_font'.
Removing  `luaotfload.aux.set_xheight' from `luaotfload.patch_font'.
Removing  `luaotfload.rewrite_fontname' from `luaotfload.patch_font'.
Inserting `ltj.prepare_extra_data' at position 1 in `luaotfload.patch_font'.
Inserting `luaotfload.aux.set_sscale_dimens' at position 2 in `luaotfload.patch_
font'.
Inserting `luaotfload.aux.set_font_index' at position 3 in `luaotfload.patch_fon
t'.
Inserting `luaotfload.aux.patch_cambria_domh' at position 4 in `luaotfload.patch
_font'.
Inserting `luaotfload.aux.set_capheight' at position 5 in `luaotfload.patch_font
'.
Inserting `luaotfload.aux.set_xheight' at position 6 in `luaotfload.patch_font'.
Inserting `luaotfload.rewrite_fontname' at position 7 in `luaotfload.patch_font'
.
Inserting `ltj.prepare_extra_data' at position 1 in `luatexja.define_font'.
Inserting `ltj.get_vert_form' at position 1 in `luatexja.define_jfont'.
Removing  `ltj.prepare_extra_data' from `luaotfload.patch_font'.
Removing  `luaotfload.aux.set_sscale_dimens' from `luaotfload.patch_font'.
Removing  `luaotfload.aux.set_font_index' from `luaotfload.patch_font'.
Removing  `luaotfload.aux.patch_cambria_domh' from `luaotfload.patch_font'.
Removing  `luaotfload.aux.set_capheight' from `luaotfload.patch_font'.
Removing  `luaotfload.aux.set_xheight' from `luaotfload.patch_font'.
Removing  `luaotfload.rewrite_fontname' from `luaotfload.patch_font'.
Inserting `ltj.supply_tounicode' at position 1 in `luaotfload.patch_font'.
Inserting `ltj.prepare_extra_data' at position 2 in `luaotfload.patch_font'.
Inserting `luaotfload.aux.set_sscale_dimens' at position 3 in `luaotfload.patch_
font'.
Inserting `luaotfload.aux.set_font_index' at position 4 in `luaotfload.patch_fon
t'.
Inserting `luaotfload.aux.patch_cambria_domh' at position 5 in `luaotfload.patch
_font'.
Inserting `luaotfload.aux.set_capheight' at position 6 in `luaotfload.patch_font
'.
Inserting `luaotfload.aux.set_xheight' at position 7 in `luaotfload.patch_font'.
Inserting `luaotfload.rewrite_fontname' at position 8 in `luaotfload.patch_font'
.
Inserting `ltj.process_input_buffer' at position 1 in `process_input_buffer'.
Inserting `ltj.hyphenate' at position 1 in `hyphenate'.
Removing  `luaotfload.node_processor' from `hpack_filter'.
Removing  `ltj.create_dir_whatsit' from `hpack_filter'.
Inserting `ltj.set_stack_level' at position 1 in `hpack_filter'.
Inserting `luaotfload.node_processor' at position 2 in `hpack_filter'.
Inserting `ltj.create_dir_whatsit' at position 3 in `hpack_filter'.
Removing  `luaotfload.node_processor' from `pre_linebreak_filter'.
Inserting `ltj.set_stack_level' at position 1 in `pre_linebreak_filter'.
Inserting `luaotfload.node_processor' at position 2 in `pre_linebreak_filter'.
Lua module: luatexja.jfmglue 2020/01/23 Insertion process of JFM glues, [x]kanji
skip and others
Inserting `luatexja.beginpar.np_info' at position 1 in `luatexja.jfmglue.whatsit
_getinfo'.
Inserting `luatexja.beginpar.np_info_after' at position 1 in `luatexja.jfmglue.w
hatsit_after'.
Inserting `ltj.mlist_to_hlist_pre' at position 1 in `pre_mlist_to_hlist_filter'.
Inserting `ltj.main' at position 3 in `pre_linebreak_filter'.
Removing  `ltj.create_dir_whatsit' from `hpack_filter'.
Inserting `ltj.main' at position 3 in `hpack_filter'.
Inserting `ltj.create_dir_whatsit' at position 4 in `hpack_filter'.
Removing  `ltj.set_stack_level' from `pre_linebreak_filter'.
Removing  `luaotfload.node_processor' from `pre_linebreak_filter'.
Removing  `ltj.main' from `pre_linebreak_filter'.
Inserting `ltj.adjust_icflag' at position 1 in `pre_linebreak_filter'.
Inserting `ltj.set_stack_level' at position 2 in `pre_linebreak_filter'.
Inserting `luaotfload.node_processor' at position 3 in `pre_linebreak_filter'.
Inserting `ltj.main' at position 4 in `pre_linebreak_filter'.
Removing  `ltj.set_stack_level' from `hpack_filter'.
Removing  `luaotfload.node_processor' from `hpack_filter'.
Removing  `ltj.main' from `hpack_filter'.
Removing  `ltj.create_dir_whatsit' from `hpack_filter'.
Inserting `ltj.adjust_icflag' at position 1 in `hpack_filter'.
Inserting `ltj.set_stack_level' at position 2 in `hpack_filter'.
Inserting `luaotfload.node_processor' at position 3 in `hpack_filter'.
Inserting `ltj.main' at position 4 in `hpack_filter'.
Inserting `ltj.create_dir_whatsit' at position 5 in `hpack_filter'.
(/usr/local/texlive/2019/texmf-dist/tex/luatex/luatexja/ltj-base.sty
Package: ltj-base 2017/05/05
\ltj@tempcntb=\count168
\ltj@tempcntc=\count169
\ltj@tempdima=\dimen137
\ltj@afbox=\box46
)
\ltj@@italic@inner=\luafunction1
\ltj@@jfont@inner=\luafunction2
\ltj@zw@inner=\luafunction3
\ltj@zh@inner=\luafunction4
\ltj@reset@globaldefs@inner=\luafunction5
\ltj@restore@globaldefs@inner=\luafunction6
\ltj@@ihb@inner=\luafunction7
\ltj@@fakeparbegin@inner=\luafunction8
\ltj@@fakeboxbdd@inner=\luafunction9
\ltj@@stack=\count170
\ltj@@group@level=\count171
\ltjsetkanjiskip@inner=\luafunction10
\ltjsetxkanjiskip@inner=\luafunction11
\ltj@alljachar@inner=\luafunction12
\ltj@@box@dirhook=\luafunction13
\ltj@@reset@badness@inner=\luafunction14

(/usr/local/texlive/2019/texmf-dist/tex/luatex/luatexja/ltj-latex.sty
Package: ltj-latex 2019/09/26 LaTeX support of LuaTeX-ja

(/usr/local/texlive/2019/texmf-dist/tex/luatex/luatexja/patches/lltjfont.sty
Package: lltjfont 2020/03/01 Patch to NFSS2 for LuaTeX-ja

(/usr/local/texlive/2019/texmf-dist/tex/latex/base/tuenc.def
File: tuenc.def 2020/02/11 v2.0o Standard LaTeX file
LaTeX Font Info:    Redeclaring font encoding TU on input line 82.
)
\Cht=\dimen138
\cht=\dimen139
\Cdp=\dimen140
\cdp=\dimen141
\Cwd=\dimen142
\cwd=\dimen143
\Cvs=\dimen144
\cvs=\dimen145
\Chs=\dimen146
\chs=\dimen147
\cHT=\dimen148
\dstrutbox=\box47
\tstrutbox=\box48
\zstrutbox=\box49
LaTeX Info: Redefining \strut on input line 67.

(/usr/local/texlive/2019/texmf-dist/tex/latex/ms/everysel.sty
Package: everysel 2011/10/28 v1.2 EverySelectfont Package (MS)
)
ABD: EverySelectfont initializing macros
LaTeX Info: Redefining \selectfont on input line 317.
\ltj@@adjust@baseline@inner=\luafunction15
LaTeX Info: Redefining \fontencoding on input line 493.
LaTeX Info: Redefining \fontfamily on input line 538.
\ltj@@latex@plv=\count172
LaTeX Info: Redefining \fontseries on input line 676.
LaTeX Info: Redefining \fontseriesforce on input line 680.
LaTeX Info: Redefining \fontshape on input line 685.
LaTeX Info: Redefining \fontshapeforce on input line 689.
LaTeX Info: Redefining \normalfont on input line 719.
LaTeX Info: Redefining \bfseries on input line 746.
LaTeX Info: Redefining \mdseries on input line 761.
)
(/usr/local/texlive/2019/texmf-dist/tex/luatex/luatexja/patches/lltjdefs.sty
Package: lltjdefs 2020/02/27 Default font settings of LuaTeX-ja
luaotfload | db : Font names database loaded from /home/henri/.texlive2019/texmf
-var/luatex-cache/generic-dev/names/luaotfload-names.luc
LaTeX Font Info:    Font shape `JT3/mc/m/n' will be
(Font)              scaled to size 9.6222pt on input line 71.

(/usr/local/texlive/2019/texmf-dist/tex/luatex/luatexja/jfm-ujisv.lua)
LaTeX Font Info:    Font shape `JY3/mc/m/n' will be
(Font)              scaled to size 9.6222pt on input line 71.
luaotfload | cache : Lookup cache loaded from /home/henri/.texlive2019/texmf-var
/luatex-cache/generic-dev/names/luaotfload-lookup-cache.luc.
(/usr/local/texlive/2019/texmf-dist/tex/luatex/luatexja/jfm-ujis.lua)
\symmincho=\mathgroup4
LaTeX Font Info:    Overwriting symbol font `mincho' in version `bold'
(Font)                  JY3/mc/m/n --> JY3/gt/m/n on input line 81.
)
(/usr/local/texlive/2019/texmf-dist/tex/luatex/luatexja/patches/lltjcore.sty
Package: lltjcore 2019/09/26 Patch to LaTeX2e Kernel for LuaTeX-ja
\@tombowwidth=\dimen149
\@TL=\box50
\@Tl=\box51
\@TC=\box52
\@TR=\box53
\@Tr=\box54
\@BL=\box55
\@Bl=\box56
\@BC=\box57
\@BR=\box58
\@Br=\box59
\@CL=\box60
\@CR=\box61
\@bannertoken=\toks24
\@@paperheight=\dimen150
\@@paperwidth=\dimen151
\@@topmargin=\dimen152
LaTeX Info: Redefining \underline on input line 237.
LaTeX Info: Redefining \AtBeginDvi on input line 243.
)
(/usr/local/texlive/2019/texmf-dist/tex/latex/filehook/filehook.sty
Package: filehook 2020/02/03 v0.7 Hooks for input files
)
(/usr/local/texlive/2019/texmf-dist/tex/luatex/luatexja/patches/lltjp-geometry.
sty
Package: lltjp-geometry 2020/02/25 Patch to geometry for LuaTeX-ja with vertical
 writing mode
 (/usr/local/texlive/2019/texmf-dist/tex/latex/l3kernel/expl3.sty
Package: expl3 2020-02-25 L3 programming layer (loader) 

(/usr/local/texlive/2019/texmf-dist/tex/latex/l3backend/l3backend-pdfmode.def
File: l3backend-pdfmode.def 2020-02-23 L3 backend support: PDF mode
\l__kernel_color_stack_int=\count173
\l__pdf_internal_box=\box62
)) (/usr/local/texlive/2019/texmf-dist/tex/generic/iftex/ifluatex.sty
Package: ifluatex 2019/10/25 v1.5 ifluatex legacy package. Use iftex instead.
)))
\ltj@temp@cctb=\catcodetable7
)
(/usr/local/texlive/2019/texmf-dist/tex/luatex/luatexja/luatexja-compat.sty
Package: luatexja-compat 2018/03/29 Compatibility with pTeX
(load cache: /home/henri/.texlive2019/texmf-var/luatexja/ltj-jisx0208.luc)
\hour=\count174
\minute=\count175
))
\c@@paper=\count176
Inserting `ltj.jclasses_load_jfm' at position 1 in `luatexja.load_jfm'.
(/usr/local/texlive/2019/texmf-dist/tex/luatex/luatexja/jfm-min.lua)
Removing  `ltj.jclasses_load_jfm' from `luatexja.load_jfm'.
(/usr/local/texlive/2019/texmf-dist/tex/luatex/luatexja/ltjbk10.clo
File: ltjbk10.clo 2020/01/13 v1.8e-ltj-17 Standard LuaLaTeX-ja file (size option
)
LaTeX Font Info:    Font shape `JY3/mc/m/n' will be
(Font)              scaled to size 9.6222pt on input line 35.
)
\c@part=\count177
\c@chapter=\count178
\c@section=\count179
\c@subsection=\count180
\c@subsubsection=\count181
\c@paragraph=\count182
\c@subparagraph=\count183
\c@figure=\count184
\c@table=\count185
\abovecaptionskip=\skip47
\belowcaptionskip=\skip48
LaTeX Font Info:    Redeclaring symbol font `mincho' on input line 731.
LaTeX Font Info:    Overwriting symbol font `mincho' in version `normal'
(Font)                  JY3/mc/m/n --> JY3/mc/m/n on input line 731.
LaTeX Font Info:    Overwriting symbol font `mincho' in version `bold'
(Font)                  JY3/gt/m/n --> JY3/mc/m/n on input line 731.
LaTeX Font Info:    Overwriting symbol font `mincho' in version `bold'
(Font)                  JY3/mc/m/n --> JY3/gt/m/n on input line 733.
LaTeX Font Info:    Redeclaring math alphabet \mathgt on input line 735.
LaTeX Font Info:    Overwriting math alphabet `\mathgt' in version `normal'
(Font)                  JY3/gt/m/n --> JY3/gt/m/n on input line 735.
LaTeX Font Info:    Overwriting math alphabet `\mathgt' in version `bold'
(Font)                  JY3/gt/m/n --> JY3/gt/m/n on input line 735.
LaTeX Info: Redefining \mc on input line 744.
LaTeX Info: Redefining \gt on input line 745.
\toclineskip=\dimen153
\@lnumwidth=\dimen154
\bibindent=\dimen155
\heisei=\count186

(/usr/local/texlive/2019/texmf-dist/tex/latex/sttools/stfloats.sty
Package: stfloats 2017/03/27 v3.3 Improve float mechanism and baselineskip setti
ngs
\@dblbotnum=\count187
\c@dblbotnumber=\count188
)
(/usr/local/texlive/2019/texmf-dist/tex/luatex/luatexja/patches/lltjp-stfloats.
sty)) (/usr/local/texlive/2019/texmf-dist/tex/latex/geometry/geometry.sty
Package: geometry 2020/01/02 v5.9 Page Geometry

(/usr/local/texlive/2019/texmf-dist/tex/generic/iftex/ifvtex.sty
Package: ifvtex 2019/10/25 v1.7 ifvtex legacy package. Use iftex instead.
)
\Gm@cnth=\count189
\Gm@cntv=\count190
\c@Gm@tempcnt=\count191
\Gm@bindingoffset=\dimen156
\Gm@wd@mp=\dimen157
\Gm@odd@mp=\dimen158
\Gm@even@mp=\dimen159
\Gm@layoutwidth=\dimen160
\Gm@layoutheight=\dimen161
\Gm@layouthoffset=\dimen162
\Gm@layoutvoffset=\dimen163
\Gm@dimlist=\toks25
)
(/usr/local/texlive/2019/texmf-dist/tex/latex/xcolor/xcolor.sty
Package: xcolor 2016/05/11 v2.12 LaTeX color extensions (UK)

(/usr/local/texlive/2019/texmf-dist/tex/latex/graphics-cfg/color.cfg
File: color.cfg 2016/01/02 v1.6 sample color configuration
)
Package xcolor Info: Driver file: luatex.def on input line 225.

(/usr/local/texlive/2019/texmf-dist/tex/latex/graphics-def/luatex.def
File: luatex.def 2018/01/08 v1.0l Graphics/color driver for luatex
)
(/usr/local/texlive/2019/texmf-dist/tex/latex/colortbl/colortbl.sty
Package: colortbl 2020/01/04 v1.0e Color table columns (DPC)

(/usr/local/texlive/2019/texmf-dist/tex/latex/tools/array.sty
Package: array 2019/08/31 v2.4l Tabular extension package (FMi)
\col@sep=\dimen164
\ar@mcellbox=\box63
\extrarowheight=\dimen165
\NC@list=\toks26
\extratabsurround=\skip49
\backup@length=\skip50
\ar@cellbox=\box64
)
\everycr=\toks27
\minrowclearance=\skip51
)
\rownum=\count192
Package xcolor Info: Model `cmy' substituted by `cmy0' on input line 1348.
Package xcolor Info: Model `hsb' substituted by `rgb' on input line 1352.
Package xcolor Info: Model `RGB' extended on input line 1364.
Package xcolor Info: Model `HTML' substituted by `rgb' on input line 1366.
Package xcolor Info: Model `Hsb' substituted by `hsb' on input line 1367.
Package xcolor Info: Model `tHsb' substituted by `hsb' on input line 1368.
Package xcolor Info: Model `HSB' substituted by `hsb' on input line 1369.
Package xcolor Info: Model `Gray' substituted by `gray' on input line 1370.
Package xcolor Info: Model `wave' substituted by `hsb' on input line 1371.
)
(/usr/local/texlive/2019/texmf-dist/tex/latex/amsmath/amsmath.sty
Package: amsmath 2020/01/20 v2.17e AMS math features
\@mathmargin=\skip52

For additional information on amsmath, use the `?' option.
(/usr/local/texlive/2019/texmf-dist/tex/latex/amsmath/amstext.sty
Package: amstext 2000/06/29 v2.01 AMS text

(/usr/local/texlive/2019/texmf-dist/tex/latex/amsmath/amsgen.sty
File: amsgen.sty 1999/11/30 v2.0 generic functions
\@emptytoks=\toks28
\ex@=\dimen166
))
(/usr/local/texlive/2019/texmf-dist/tex/latex/amsmath/amsbsy.sty
Package: amsbsy 1999/11/29 v1.2d Bold Symbols
\pmbraise@=\dimen167
)
(/usr/local/texlive/2019/texmf-dist/tex/latex/amsmath/amsopn.sty
Package: amsopn 2016/03/08 v2.02 operator names
)
\inf@bad=\count193
LaTeX Info: Redefining \frac on input line 227.
\uproot@=\count194
\leftroot@=\count195
LaTeX Info: Redefining \overline on input line 389.
\classnum@=\count196
\DOTSCASE@=\count197
LaTeX Info: Redefining \ldots on input line 486.
LaTeX Info: Redefining \dots on input line 489.
LaTeX Info: Redefining \cdots on input line 610.
\Mathstrutbox@=\box65
\strutbox@=\box66
\big@size=\dimen168
LaTeX Font Info:    Redeclaring font encoding OML on input line 733.
LaTeX Font Info:    Redeclaring font encoding OMS on input line 734.
\macc@depth=\count198
\c@MaxMatrixCols=\count199
\dotsspace@=\muskip16
\c@parentequation=\count266
\dspbrk@lvl=\count267
\tag@help=\toks29
\row@=\count268
\column@=\count269
\maxfields@=\count270
\andhelp@=\toks30
\eqnshift@=\dimen169
\alignsep@=\dimen170
\tagshift@=\dimen171
\tagwidth@=\dimen172
\totwidth@=\dimen173
\lineht@=\dimen174
\@envbody=\toks31
\multlinegap=\skip53
\multlinetaggap=\skip54
\mathdisplay@stack=\toks32
LaTeX Info: Redefining \[ on input line 2859.
LaTeX Info: Redefining \] on input line 2860.
)
(/usr/local/texlive/2019/texmf-dist/tex/latex/cjk/texinput/ruby.sty
Package: ruby 2015/04/18 4.8.4

(/usr/local/texlive/2019/texmf-dist/tex/latex/cjk/texinput/CJK.sty
Package: CJK 2015/04/18 4.8.4

(/usr/local/texlive/2019/texmf-dist/tex/latex/cjk/texinput/mule/MULEenc.sty
Package: MULEenc 2015/04/18 4.8.4
)
(/usr/local/texlive/2019/texmf-dist/tex/latex/cjk/texinput/CJK.enc
File: CJK.enc 2015/04/18 4.8.4
)
LaTeX Info: Redefining \selectfont on input line 755.
\CJK@indent=\box67
)
\ruby@width=\dimen175
)
(/usr/local/texlive/2019/texmf-dist/tex/latex/pgf/frontendlayer/tikz.sty
(/usr/local/texlive/2019/texmf-dist/tex/latex/pgf/basiclayer/pgf.sty
(/usr/local/texlive/2019/texmf-dist/tex/latex/pgf/utilities/pgfrcs.sty
(/usr/local/texlive/2019/texmf-dist/tex/generic/pgf/utilities/pgfutil-common.te
x
\pgfutil@everybye=\toks33
\pgfutil@tempdima=\dimen176
\pgfutil@tempdimb=\dimen177

(/usr/local/texlive/2019/texmf-dist/tex/generic/pgf/utilities/pgfutil-common-li
sts.tex))
(/usr/local/texlive/2019/texmf-dist/tex/generic/pgf/utilities/pgfutil-latex.def
\pgfutil@abb=\box68
(/usr/local/texlive/2019/texmf-dist/tex/latex/ms/everyshi.sty
Package: everyshi 2001/05/15 v3.00 EveryShipout Package (MS)
))
(/usr/local/texlive/2019/texmf-dist/tex/generic/pgf/utilities/pgfrcs.code.tex
(/usr/local/texlive/2019/texmf-dist/tex/generic/pgf/pgf.revision.tex)
Package: pgfrcs 2020/01/08 v3.1.5b (3.1.5b)
))
Package: pgf 2020/01/08 v3.1.5b (3.1.5b)

(/usr/local/texlive/2019/texmf-dist/tex/latex/pgf/basiclayer/pgfcore.sty
(/usr/local/texlive/2019/texmf-dist/tex/latex/graphics/graphicx.sty
Package: graphicx 2019/11/30 v1.2a Enhanced LaTeX Graphics (DPC,SPQR)

(/usr/local/texlive/2019/texmf-dist/tex/latex/graphics/graphics.sty
Package: graphics 2019/11/30 v1.4a Standard LaTeX Graphics (DPC,SPQR)

(/usr/local/texlive/2019/texmf-dist/tex/latex/graphics/trig.sty
Package: trig 2016/01/03 v1.10 sin cos tan (DPC)
)
(/usr/local/texlive/2019/texmf-dist/tex/latex/graphics-cfg/graphics.cfg
File: graphics.cfg 2016/06/04 v1.11 sample graphics configuration
)
Package graphics Info: Driver file: luatex.def on input line 105.
)
\Gin@req@height=\dimen178
\Gin@req@width=\dimen179
)
(/usr/local/texlive/2019/texmf-dist/tex/latex/pgf/systemlayer/pgfsys.sty
(/usr/local/texlive/2019/texmf-dist/tex/generic/pgf/systemlayer/pgfsys.code.tex
Package: pgfsys 2020/01/08 v3.1.5b (3.1.5b)
(/usr/local/texlive/2019/texmf-dist/tex/generic/pgf/utilities/pgfkeys.code.tex
\pgfkeys@pathtoks=\toks34
\pgfkeys@temptoks=\toks35

(/usr/local/texlive/2019/texmf-dist/tex/generic/pgf/utilities/pgfkeysfiltered.c
ode.tex
\pgfkeys@tmptoks=\toks36
))
\pgf@x=\dimen180
\pgf@y=\dimen181
\pgf@xa=\dimen182
\pgf@ya=\dimen183
\pgf@xb=\dimen184
\pgf@yb=\dimen185
\pgf@xc=\dimen186
\pgf@yc=\dimen187
\pgf@xd=\dimen188
\pgf@yd=\dimen189
\w@pgf@writea=\write3
\r@pgf@reada=\read2
\c@pgf@counta=\count271
\c@pgf@countb=\count272
\c@pgf@countc=\count273
\c@pgf@countd=\count274
\t@pgf@toka=\toks37
\t@pgf@tokb=\toks38
\t@pgf@tokc=\toks39
\pgf@sys@id@count=\count275

(/usr/local/texlive/2019/texmf-dist/tex/generic/pgf/systemlayer/pgf.cfg
File: pgf.cfg 2020/01/08 v3.1.5b (3.1.5b)
)
Driver file for pgf: pgfsys-luatex.def

(/usr/local/texlive/2019/texmf-dist/tex/generic/pgf/systemlayer/pgfsys-luatex.d
ef
File: pgfsys-luatex.def 2020/01/08 v3.1.5b (3.1.5b)

(/usr/local/texlive/2019/texmf-dist/tex/generic/pgf/systemlayer/pgfsys-common-p
df.def
File: pgfsys-common-pdf.def 2020/01/08 v3.1.5b (3.1.5b)
)))
(/usr/local/texlive/2019/texmf-dist/tex/generic/pgf/systemlayer/pgfsyssoftpath.
code.tex
File: pgfsyssoftpath.code.tex 2020/01/08 v3.1.5b (3.1.5b)
\pgfsyssoftpath@smallbuffer@items=\count276
\pgfsyssoftpath@bigbuffer@items=\count277
)
(/usr/local/texlive/2019/texmf-dist/tex/generic/pgf/systemlayer/pgfsysprotocol.
code.tex
File: pgfsysprotocol.code.tex 2020/01/08 v3.1.5b (3.1.5b)
))
(/usr/local/texlive/2019/texmf-dist/tex/generic/pgf/basiclayer/pgfcore.code.tex
Package: pgfcore 2020/01/08 v3.1.5b (3.1.5b)
(/usr/local/texlive/2019/texmf-dist/tex/generic/pgf/math/pgfmath.code.tex
(/usr/local/texlive/2019/texmf-dist/tex/generic/pgf/math/pgfmathcalc.code.tex
(/usr/local/texlive/2019/texmf-dist/tex/generic/pgf/math/pgfmathutil.code.tex)
(/usr/local/texlive/2019/texmf-dist/tex/generic/pgf/math/pgfmathparser.code.tex
\pgfmath@dimen=\dimen190
\pgfmath@count=\count278
\pgfmath@box=\box69
\pgfmath@toks=\toks40
\pgfmath@stack@operand=\toks41
\pgfmath@stack@operation=\toks42
)
(/usr/local/texlive/2019/texmf-dist/tex/generic/pgf/math/pgfmathfunctions.code.
tex
(/usr/local/texlive/2019/texmf-dist/tex/generic/pgf/math/pgfmathfunctions.basic
.code.tex)
(/usr/local/texlive/2019/texmf-dist/tex/generic/pgf/math/pgfmathfunctions.trigo
nometric.code.tex)
(/usr/local/texlive/2019/texmf-dist/tex/generic/pgf/math/pgfmathfunctions.rando
m.code.tex)
(/usr/local/texlive/2019/texmf-dist/tex/generic/pgf/math/pgfmathfunctions.compa
rison.code.tex)
(/usr/local/texlive/2019/texmf-dist/tex/generic/pgf/math/pgfmathfunctions.base.
code.tex)
(/usr/local/texlive/2019/texmf-dist/tex/generic/pgf/math/pgfmathfunctions.round
.code.tex)
(/usr/local/texlive/2019/texmf-dist/tex/generic/pgf/math/pgfmathfunctions.misc.
code.tex)
(/usr/local/texlive/2019/texmf-dist/tex/generic/pgf/math/pgfmathfunctions.integ
erarithmetics.code.tex)))
(/usr/local/texlive/2019/texmf-dist/tex/generic/pgf/math/pgfmathfloat.code.tex
\c@pgfmathroundto@lastzeros=\count279
)) (/usr/local/texlive/2019/texmf-dist/tex/generic/pgf/math/pgfint.code.tex)
(/usr/local/texlive/2019/texmf-dist/tex/generic/pgf/basiclayer/pgfcorepoints.co
de.tex
File: pgfcorepoints.code.tex 2020/01/08 v3.1.5b (3.1.5b)
\pgf@picminx=\dimen191
\pgf@picmaxx=\dimen192
\pgf@picminy=\dimen193
\pgf@picmaxy=\dimen194
\pgf@pathminx=\dimen195
\pgf@pathmaxx=\dimen196
\pgf@pathminy=\dimen197
\pgf@pathmaxy=\dimen198
\pgf@xx=\dimen199
\pgf@xy=\dimen256
\pgf@yx=\dimen257
\pgf@yy=\dimen258
\pgf@zx=\dimen259
\pgf@zy=\dimen260
)
(/usr/local/texlive/2019/texmf-dist/tex/generic/pgf/basiclayer/pgfcorepathconst
ruct.code.tex
File: pgfcorepathconstruct.code.tex 2020/01/08 v3.1.5b (3.1.5b)
\pgf@path@lastx=\dimen261
\pgf@path@lasty=\dimen262
)
(/usr/local/texlive/2019/texmf-dist/tex/generic/pgf/basiclayer/pgfcorepathusage
.code.tex
File: pgfcorepathusage.code.tex 2020/01/08 v3.1.5b (3.1.5b)
\pgf@shorten@end@additional=\dimen263
\pgf@shorten@start@additional=\dimen264
)
(/usr/local/texlive/2019/texmf-dist/tex/generic/pgf/basiclayer/pgfcorescopes.co
de.tex
File: pgfcorescopes.code.tex 2020/01/08 v3.1.5b (3.1.5b)
\pgfpic=\box70
\pgf@hbox=\box71
\pgf@layerbox@main=\box72
\pgf@picture@serial@count=\count280
)
(/usr/local/texlive/2019/texmf-dist/tex/generic/pgf/basiclayer/pgfcoregraphicst
ate.code.tex
File: pgfcoregraphicstate.code.tex 2020/01/08 v3.1.5b (3.1.5b)
\pgflinewidth=\dimen265
)
(/usr/local/texlive/2019/texmf-dist/tex/generic/pgf/basiclayer/pgfcoretransform
ations.code.tex
File: pgfcoretransformations.code.tex 2020/01/08 v3.1.5b (3.1.5b)
\pgf@pt@x=\dimen266
\pgf@pt@y=\dimen267
\pgf@pt@temp=\dimen268
)
(/usr/local/texlive/2019/texmf-dist/tex/generic/pgf/basiclayer/pgfcorequick.cod
e.tex
File: pgfcorequick.code.tex 2020/01/08 v3.1.5b (3.1.5b)
)
(/usr/local/texlive/2019/texmf-dist/tex/generic/pgf/basiclayer/pgfcoreobjects.c
ode.tex
File: pgfcoreobjects.code.tex 2020/01/08 v3.1.5b (3.1.5b)
)
(/usr/local/texlive/2019/texmf-dist/tex/generic/pgf/basiclayer/pgfcorepathproce
ssing.code.tex
File: pgfcorepathprocessing.code.tex 2020/01/08 v3.1.5b (3.1.5b)
)
(/usr/local/texlive/2019/texmf-dist/tex/generic/pgf/basiclayer/pgfcorearrows.co
de.tex
File: pgfcorearrows.code.tex 2020/01/08 v3.1.5b (3.1.5b)
\pgfarrowsep=\dimen269
)
(/usr/local/texlive/2019/texmf-dist/tex/generic/pgf/basiclayer/pgfcoreshade.cod
e.tex
File: pgfcoreshade.code.tex 2020/01/08 v3.1.5b (3.1.5b)
\pgf@max=\dimen270
\pgf@sys@shading@range@num=\count281
\pgf@shadingcount=\count282
)
(/usr/local/texlive/2019/texmf-dist/tex/generic/pgf/basiclayer/pgfcoreimage.cod
e.tex
File: pgfcoreimage.code.tex 2020/01/08 v3.1.5b (3.1.5b)

(/usr/local/texlive/2019/texmf-dist/tex/generic/pgf/basiclayer/pgfcoreexternal.
code.tex
File: pgfcoreexternal.code.tex 2020/01/08 v3.1.5b (3.1.5b)
\pgfexternal@startupbox=\box73
))
(/usr/local/texlive/2019/texmf-dist/tex/generic/pgf/basiclayer/pgfcorelayers.co
de.tex
File: pgfcorelayers.code.tex 2020/01/08 v3.1.5b (3.1.5b)
)
(/usr/local/texlive/2019/texmf-dist/tex/generic/pgf/basiclayer/pgfcoretranspare
ncy.code.tex
File: pgfcoretransparency.code.tex 2020/01/08 v3.1.5b (3.1.5b)
)
(/usr/local/texlive/2019/texmf-dist/tex/generic/pgf/basiclayer/pgfcorepatterns.
code.tex
File: pgfcorepatterns.code.tex 2020/01/08 v3.1.5b (3.1.5b)
)
(/usr/local/texlive/2019/texmf-dist/tex/generic/pgf/basiclayer/pgfcorerdf.code.
tex
File: pgfcorerdf.code.tex 2020/01/08 v3.1.5b (3.1.5b)
)))
(/usr/local/texlive/2019/texmf-dist/tex/generic/pgf/modules/pgfmoduleshapes.cod
e.tex
File: pgfmoduleshapes.code.tex 2020/01/08 v3.1.5b (3.1.5b)
\pgfnodeparttextbox=\box74
)
(/usr/local/texlive/2019/texmf-dist/tex/generic/pgf/modules/pgfmoduleplot.code.
tex
File: pgfmoduleplot.code.tex 2020/01/08 v3.1.5b (3.1.5b)
)
(/usr/local/texlive/2019/texmf-dist/tex/latex/pgf/compatibility/pgfcomp-version
-0-65.sty
Package: pgfcomp-version-0-65 2020/01/08 v3.1.5b (3.1.5b)
\pgf@nodesepstart=\dimen271
\pgf@nodesepend=\dimen272
)
(/usr/local/texlive/2019/texmf-dist/tex/latex/pgf/compatibility/pgfcomp-version
-1-18.sty
Package: pgfcomp-version-1-18 2020/01/08 v3.1.5b (3.1.5b)
))
(/usr/local/texlive/2019/texmf-dist/tex/latex/pgf/utilities/pgffor.sty
(/usr/local/texlive/2019/texmf-dist/tex/latex/pgf/utilities/pgfkeys.sty
(/usr/local/texlive/2019/texmf-dist/tex/generic/pgf/utilities/pgfkeys.code.tex))
 (/usr/local/texlive/2019/texmf-dist/tex/latex/pgf/math/pgfmath.sty
(/usr/local/texlive/2019/texmf-dist/tex/generic/pgf/math/pgfmath.code.tex))
(/usr/local/texlive/2019/texmf-dist/tex/generic/pgf/utilities/pgffor.code.tex
Package: pgffor 2020/01/08 v3.1.5b (3.1.5b)

(/usr/local/texlive/2019/texmf-dist/tex/generic/pgf/math/pgfmath.code.tex)
\pgffor@iter=\dimen273
\pgffor@skip=\dimen274
\pgffor@stack=\toks43
\pgffor@toks=\toks44
))
(/usr/local/texlive/2019/texmf-dist/tex/generic/pgf/frontendlayer/tikz/tikz.cod
e.tex
Package: tikz 2020/01/08 v3.1.5b (3.1.5b)

(/usr/local/texlive/2019/texmf-dist/tex/generic/pgf/libraries/pgflibraryplothan
dlers.code.tex
File: pgflibraryplothandlers.code.tex 2020/01/08 v3.1.5b (3.1.5b)
\pgf@plot@mark@count=\count283
\pgfplotmarksize=\dimen275
)
\tikz@lastx=\dimen276
\tikz@lasty=\dimen277
\tikz@lastxsaved=\dimen278
\tikz@lastysaved=\dimen279
\tikz@lastmovetox=\dimen280
\tikz@lastmovetoy=\dimen281
\tikzleveldistance=\dimen282
\tikzsiblingdistance=\dimen283
\tikz@figbox=\box75
\tikz@figbox@bg=\box76
\tikz@tempbox=\box77
\tikz@tempbox@bg=\box78
\tikztreelevel=\count284
\tikznumberofchildren=\count285
\tikznumberofcurrentchild=\count286
\tikz@fig@count=\count287

(/usr/local/texlive/2019/texmf-dist/tex/generic/pgf/modules/pgfmodulematrix.cod
e.tex
File: pgfmodulematrix.code.tex 2020/01/08 v3.1.5b (3.1.5b)
\pgfmatrixcurrentrow=\count288
\pgfmatrixcurrentcolumn=\count289
\pgf@matrix@numberofcolumns=\count290
)
\tikz@expandcount=\count291

(/usr/local/texlive/2019/texmf-dist/tex/generic/pgf/frontendlayer/tikz/librarie
s/tikzlibrarytopaths.code.tex
File: tikzlibrarytopaths.code.tex 2020/01/08 v3.1.5b (3.1.5b)
)))
(/usr/local/texlive/2019/texmf-dist/tex/latex/pgfplots/pgfplots.sty
(/usr/local/texlive/2019/texmf-dist/tex/generic/pgfplots/pgfplots.revision.tex)
Package: pgfplots 2018/03/28 v1.16 Data Visualization (1.16)
(/usr/local/texlive/2019/texmf-dist/tex/generic/pgfplots/pgfplots.code.tex
(/usr/local/texlive/2019/texmf-dist/tex/generic/pgfplots/pgfplotscore.code.tex
Package pgfplots info on input line 124: Initializing with LUA version Lua 5.3
\pgfplots@luabackend@table=\catcodetable8
\t@pgfplots@toka=\toks45
\t@pgfplots@tokb=\toks46
\t@pgfplots@tokc=\toks47
\pgfplots@tmpa=\dimen284
\c@pgfplots@coordindex=\count292
\c@pgfplots@scanlineindex=\count293

(/usr/local/texlive/2019/texmf-dist/tex/generic/pgfplots/sys/pgfplotssysgeneric
.code.tex))
(/usr/local/texlive/2019/texmf-dist/tex/generic/pgfplots/libs/pgfplotslibrary.c
ode.tex)
(/usr/local/texlive/2019/texmf-dist/tex/generic/pgfplots/oldpgfcompatib/pgfplot
soldpgfsupp_loader.code.tex
(/usr/local/texlive/2019/texmf-dist/tex/generic/pgf/libraries/pgflibraryfpu.cod
e.tex)
(/usr/local/texlive/2019/texmf-dist/tex/generic/pgf/libraries/luamath/pgflibrar
yluamath.code.tex)
Package pgfplots info on input line 275: luamath library shipped with pgf 3.1.5b
 is up-to-date
)
(/usr/local/texlive/2019/texmf-dist/tex/generic/pgfplots/util/pgfplotsutil.code
.tex
Package pgfplots info on input line 82: Found new luatex: initializing lua comma
nds instead of write18 (shell-escape)

(/usr/local/texlive/2019/texmf-dist/tex/generic/pgfplots/liststructure/pgfplots
liststructure.code.tex)
(/usr/local/texlive/2019/texmf-dist/tex/generic/pgfplots/liststructure/pgfplots
liststructureext.code.tex)
(/usr/local/texlive/2019/texmf-dist/tex/generic/pgfplots/liststructure/pgfplots
array.code.tex
\c@pgfplotsarray@tmp=\count294
)
(/usr/local/texlive/2019/texmf-dist/tex/generic/pgfplots/liststructure/pgfplots
matrix.code.tex)
(/usr/local/texlive/2019/texmf-dist/tex/generic/pgfplots/numtable/pgfplotstable
shared.code.tex
\c@pgfplotstable@counta=\count295
\t@pgfplotstable@a=\toks48
)
(/usr/local/texlive/2019/texmf-dist/tex/generic/pgfplots/liststructure/pgfplots
deque.code.tex)
(/usr/local/texlive/2019/texmf-dist/tex/generic/pgfplots/util/pgfplotsbinary.co
de.tex
(/usr/local/texlive/2019/texmf-dist/tex/generic/pgfplots/util/pgfplotsbinary.da
ta.code.tex))
(/usr/local/texlive/2019/texmf-dist/tex/generic/pgfplots/util/pgfplotsutil.verb
.code.tex)
(/usr/local/texlive/2019/texmf-dist/tex/generic/pgfplots/libs/pgflibrarypgfplot
s.surfshading.code.tex
\c@pgfplotslibrarysurf@no=\count296

(/usr/local/texlive/2019/texmf-dist/tex/generic/pgfplots/sys/pgflibrarypgfplots
.surfshading.pgfsys-luatex.def)))
(/usr/local/texlive/2019/texmf-dist/tex/generic/pgfplots/util/pgfplotscolormap.
code.tex
(/usr/local/texlive/2019/texmf-dist/tex/generic/pgfplots/util/pgfplotscolor.cod
e.tex))
(/usr/local/texlive/2019/texmf-dist/tex/generic/pgfplots/pgfplotsstackedplots.c
ode.tex)
(/usr/local/texlive/2019/texmf-dist/tex/generic/pgfplots/pgfplotsplothandlers.c
ode.tex
(/usr/local/texlive/2019/texmf-dist/tex/generic/pgfplots/pgfplotsmeshplothandle
r.code.tex
(/usr/local/texlive/2019/texmf-dist/tex/generic/pgfplots/pgfplotsmeshplotimage.
code.tex)))
(/usr/local/texlive/2019/texmf-dist/tex/generic/pgfplots/pgfplots.scaling.code.
tex)
(/usr/local/texlive/2019/texmf-dist/tex/generic/pgfplots/pgfplotscoordprocessin
g.code.tex)
(/usr/local/texlive/2019/texmf-dist/tex/generic/pgfplots/pgfplots.errorbars.cod
e.tex)
(/usr/local/texlive/2019/texmf-dist/tex/generic/pgfplots/pgfplots.markers.code.
tex)
(/usr/local/texlive/2019/texmf-dist/tex/generic/pgfplots/pgfplotsticks.code.tex
)
(/usr/local/texlive/2019/texmf-dist/tex/generic/pgfplots/pgfplots.paths.code.te
x)
(/usr/local/texlive/2019/texmf-dist/tex/generic/pgf/frontendlayer/tikz/librarie
s/tikzlibrarydecorations.code.tex
(/usr/local/texlive/2019/texmf-dist/tex/generic/pgf/modules/pgfmoduledecoration
s.code.tex
\pgfdecoratedcompleteddistance=\dimen285
\pgfdecoratedremainingdistance=\dimen286
\pgfdecoratedinputsegmentcompleteddistance=\dimen287
\pgfdecoratedinputsegmentremainingdistance=\dimen288
\pgf@decorate@distancetomove=\dimen289
\pgf@decorate@repeatstate=\count297
\pgfdecorationsegmentamplitude=\dimen290
\pgfdecorationsegmentlength=\dimen291
)
\tikz@lib@dec@box=\box79
)
(/usr/local/texlive/2019/texmf-dist/tex/generic/pgf/frontendlayer/tikz/librarie
s/tikzlibrarydecorations.pathmorphing.code.tex
(/usr/local/texlive/2019/texmf-dist/tex/generic/pgf/libraries/decorations/pgfli
brarydecorations.pathmorphing.code.tex))
(/usr/local/texlive/2019/texmf-dist/tex/generic/pgf/frontendlayer/tikz/librarie
s/tikzlibrarydecorations.pathreplacing.code.tex
(/usr/local/texlive/2019/texmf-dist/tex/generic/pgf/libraries/decorations/pgfli
brarydecorations.pathreplacing.code.tex))
\pgfplots@numplots=\count298
\pgfplots@xmin@reg=\dimen292
\pgfplots@xmax@reg=\dimen293
\pgfplots@ymin@reg=\dimen294
\pgfplots@ymax@reg=\dimen295
\pgfplots@zmin@reg=\dimen296
\pgfplots@zmax@reg=\dimen297
)
(/usr/local/texlive/2019/texmf-dist/tex/generic/pgf/frontendlayer/tikz/librarie
s/tikzlibraryplotmarks.code.tex
File: tikzlibraryplotmarks.code.tex 2020/01/08 v3.1.5b (3.1.5b)

(/usr/local/texlive/2019/texmf-dist/tex/generic/pgf/libraries/pgflibraryplotmar
ks.code.tex
File: pgflibraryplotmarks.code.tex 2020/01/08 v3.1.5b (3.1.5b)
)))
(/usr/local/texlive/2019/texmf-dist/tex/latex/l3packages/xfrac/xfrac.sty
(/usr/local/texlive/2019/texmf-dist/tex/latex/l3packages/l3keys2e/l3keys2e.sty
Package: l3keys2e 2020-02-25 LaTeX2e option processing using LaTeX3 keys
) (/usr/local/texlive/2019/texmf-dist/tex/latex/base/textcomp.sty
Package: textcomp 2020/02/02 v2.0n Standard LaTeX package
)
(/usr/local/texlive/2019/texmf-dist/tex/latex/l3packages/xparse/xparse.sty
Package: xparse 2020-02-25 L3 Experimental document command parser
\l__xparse_current_arg_int=\count299
\g__xparse_grabber_int=\count300
\l__xparse_m_args_int=\count301
\l__xparse_v_nesting_int=\count302
)
(/usr/local/texlive/2019/texmf-dist/tex/latex/l3packages/xtemplate/xtemplate.st
y
Package: xtemplate 2020-02-25 L3 Experimental prototype document functions
\l__xtemplate_tmp_dim=\dimen298
\l__xtemplate_tmp_int=\count303
\l__xtemplate_tmp_muskip=\muskip17
\l__xtemplate_tmp_skip=\skip55
)
Package: xfrac 2020-02-25 L3 Experimental split-level fractions
\l__xfrac_slash_box=\box80
\l__xfrac_tmp_box=\box81
\l__xfrac_denominator_bot_sep_dim=\dimen299
\l__xfrac_numerator_bot_sep_dim=\dimen300
\l__xfrac_numerator_top_sep_dim=\dimen301
\l__xfrac_slash_left_sep_dim=\dimen302
\l__xfrac_slash_right_sep_dim=\dimen303
\l__xfrac_slash_left_muskip=\muskip18
\l__xfrac_slash_right_muskip=\muskip19

Package xtemplate Info: Declaring object type 'xfrac' taking 3 argument(s) on
(xtemplate)             line 80.

) (/usr/local/texlive/2019/texmf-dist/tex/latex/makecell/makecell.sty
Package: makecell 2009/08/03 V0.1e Managing of Tab Column Heads and Cells
\rotheadsize=\dimen304
\c@nlinenum=\count304
\TeXr@lab=\toks49
)
(/usr/local/texlive/2019/texmf-dist/tex/latex/aurical/aurical.sty
Package: aurical 2006/10/12 aurical - a set of three decorative fonts with accen
ts
)
(/usr/local/texlive/2019/texmf-dist/tex/latex/booktabs/booktabs.sty
Package: booktabs 2020/01/12 v1.61803398 Publication quality tables
\heavyrulewidth=\dimen305
\lightrulewidth=\dimen306
\cmidrulewidth=\dimen307
\belowrulesep=\dimen308
\belowbottomsep=\dimen309
\aboverulesep=\dimen310
\abovetopsep=\dimen311
\cmidrulesep=\dimen312
\cmidrulekern=\dimen313
\defaultaddspace=\dimen314
\@cmidla=\count305
\@cmidlb=\count306
\@aboverulesep=\dimen315
\@belowrulesep=\dimen316
\@thisruleclass=\count307
\@lastruleclass=\count308
\@thisrulewidth=\dimen317
)
(/usr/local/texlive/2019/texmf-dist/tex/latex/tools/multicol.sty
Package: multicol 2019/12/09 v1.8y multicolumn formatting (FMi)
\c@tracingmulticols=\count309
\mult@box=\box82
\multicol@leftmargin=\dimen318
\c@unbalance=\count310
\c@collectmore=\count311
\doublecol@number=\count312
\multicoltolerance=\count313
\multicolpretolerance=\count314
\full@width=\dimen319
\page@free=\dimen320
\premulticols=\dimen321
\postmulticols=\dimen322
\multicolsep=\skip56
\multicolbaselineskip=\skip57
\partial@page=\box83
\last@line=\box84
\maxbalancingoverflow=\dimen323
\mult@rightbox=\box85
\mult@grightbox=\box86
\mult@gfirstbox=\box87
\mult@firstbox=\box88
\@tempa=\box89
\@tempa=\box90
\@tempa=\box91
\@tempa=\box92
\@tempa=\box93
\@tempa=\box94
\@tempa=\box95
\@tempa=\box96
\@tempa=\box97
\@tempa=\box98
\@tempa=\box99
\@tempa=\box100
\@tempa=\box101
\@tempa=\box102
\@tempa=\box103
\@tempa=\box104
\@tempa=\box105
\@tempa=\box106
\@tempa=\box107
\@tempa=\box108
\@tempa=\box109
\@tempa=\box110
\@tempa=\box111
\@tempa=\box112
\@tempa=\box113
\@tempa=\box114
\@tempa=\box115
\@tempa=\box116
\@tempa=\box117
\@tempa=\box118
\@tempa=\box119
\@tempa=\box120
\@tempa=\box121
\@tempa=\box122
\@tempa=\box123
\@tempa=\box124
\@tempa=\box125
\c@minrows=\count315
\c@columnbadness=\count316
\c@finalcolumnbadness=\count317
\last@try=\dimen324
\multicolovershoot=\dimen325
\multicolundershoot=\dimen326
\mult@nat@firstbox=\box126
\colbreak@box=\box127
\mc@col@check@num=\count318
)
(/usr/local/texlive/2019/texmf-dist/tex/latex/multirow/multirow.sty
Package: multirow 2019/05/31 v2.5 Span multiple rows of a table
\multirow@colwidth=\skip58
\multirow@cntb=\count319
\multirow@dima=\skip59
\bigstrutjot=\dimen327
)
(/usr/local/texlive/2019/texmf-dist/tex/latex/tools/calc.sty
Package: calc 2017/05/25 v4.3 Infix arithmetic (KKT,FJ)
\calc@Acount=\count320
\calc@Bcount=\count321
\calc@Adimen=\dimen328
\calc@Bdimen=\dimen329
\calc@Askip=\skip60
\calc@Bskip=\skip61
LaTeX Info: Redefining \setlength on input line 80.
LaTeX Info: Redefining \addtolength on input line 81.
\calc@Ccount=\count322
\calc@Cskip=\skip62
)
(/usr/local/texlive/2019/texmf-dist/tex/latex/environ/environ.sty
Package: environ 2014/05/04 v0.3 A new way to define environments

(/usr/local/texlive/2019/texmf-dist/tex/latex/trimspaces/trimspaces.sty
Package: trimspaces 2009/09/17 v1.1 Trim spaces around a token list
))
(/usr/local/texlive/2019/texmf-dist/tex/latex/tools/tabularx.sty
Package: tabularx 2020/01/15 v2.11c `tabularx' package (DPC)
\TX@col@width=\dimen330
\TX@old@table=\dimen331
\TX@old@col=\dimen332
\TX@target=\dimen333
\TX@delta=\dimen334
\TX@cols=\count323
\TX@ftn=\toks50
)
(/usr/local/texlive/2019/texmf-dist/tex/latex/tools/hhline.sty
Package: hhline 2020/01/04 v2.04 Table rule package (DPC)
)
(/usr/local/texlive/2019/texmf-dist/tex/latex/wasysym/wasysym.sty
Package: wasysym 2020/01/19 v2.4 Wasy-2 symbol support package
\symwasy=\mathgroup5
LaTeX Font Info:    Overwriting symbol font `wasy' in version `bold'
(Font)                  U/wasy/m/n --> U/wasy/b/n on input line 93.
)
(/usr/local/texlive/2019/texmf-dist/tex/latex/microtype/microtype.sty
Package: microtype 2019/11/18 v2.7d Micro-typographical refinements (RS)
\MT@toks=\toks51
\MT@count=\count324
LaTeX Info: Redefining \textls on input line 790.
\MT@outer@kern=\dimen335
LaTeX Info: Redefining \textmicrotypecontext on input line 1354.
\MT@listname@count=\count325

(/usr/local/texlive/2019/texmf-dist/tex/latex/microtype/microtype-luatex.def
File: microtype-luatex.def 2019/11/18 v2.7d Definitions specific to luatex (RS)
Module microtype Info: overwriting function `keepligature' on input line 59
LaTeX Info: Redefining \lsstyle on input line 695.
LaTeX Info: Redefining \lslig on input line 695.
\MT@outer@space=\skip63
)
Package microtype Info: Loading configuration file microtype.cfg.

(/usr/local/texlive/2019/texmf-dist/tex/latex/microtype/microtype.cfg
File: microtype.cfg 2019/11/18 v2.7d microtype main configuration file (RS)
))
(/usr/local/texlive/2019/texmf-dist/tex/luatex/luatexja/patches/lltjp-microtype
.sty

Package luatexja Warning: LuaTeX-ja's patch against the microtype package 
(luatexja)                (lltjp-microtype.sty, 2019-11-08) may not work.

)
(/usr/local/texlive/2019/texmf-dist/tex/generic/pgf/frontendlayer/tikz/librarie
s/tikzlibrarypatterns.code.tex
File: tikzlibrarypatterns.code.tex 2020/01/08 v3.1.5b (3.1.5b)

(/usr/local/texlive/2019/texmf-dist/tex/generic/pgf/libraries/pgflibrarypattern
s.code.tex
File: pgflibrarypatterns.code.tex 2020/01/08 v3.1.5b (3.1.5b)
))
(/usr/local/texlive/2019/texmf-dist/tex/latex/hyphenat/hyphenat.sty
Package: hyphenat 2009/09/02 v2.3c hyphenation utilities
\langwohyphens=\language3
LaTeX Info: Redefining \_ on input line 43.
)
(/usr/local/texlive/2019/texmf-dist/tex/latex/hyperref/hyperref.sty
Package: hyperref 2020/01/14 v7.00d Hypertext links for LaTeX

(/usr/local/texlive/2019/texmf-dist/tex/generic/kvsetkeys/kvsetkeys.sty
Package: kvsetkeys 2019/12/15 v1.18 Key value parser (HO)
)
(/usr/local/texlive/2019/texmf-dist/tex/generic/kvdefinekeys/kvdefinekeys.sty
Package: kvdefinekeys 2019-12-19 v1.6 Define keys (HO)
)
(/usr/local/texlive/2019/texmf-dist/tex/generic/pdfescape/pdfescape.sty
Package: pdfescape 2019/12/09 v1.15 Implements pdfTeX's escape features (HO)
)
(/usr/local/texlive/2019/texmf-dist/tex/latex/hycolor/hycolor.sty
Package: hycolor 2020-01-27 v1.10 Color options for hyperref/bookmark (HO)
)
(/usr/local/texlive/2019/texmf-dist/tex/latex/letltxmacro/letltxmacro.sty
Package: letltxmacro 2019/12/03 v1.6 Let assignment for LaTeX macros (HO)
)
(/usr/local/texlive/2019/texmf-dist/tex/latex/auxhook/auxhook.sty
Package: auxhook 2019-12-17 v1.6 Hooks for auxiliary files (HO)
)
(/usr/local/texlive/2019/texmf-dist/tex/latex/kvoptions/kvoptions.sty
Package: kvoptions 2019/11/29 v3.13 Key value format for package options (HO)
)
\@linkdim=\dimen336
\Hy@linkcounter=\count326
\Hy@pagecounter=\count327

(/usr/local/texlive/2019/texmf-dist/tex/latex/hyperref/pd1enc.def
File: pd1enc.def 2020/01/14 v7.00d Hyperref: PDFDocEncoding definition (HO)
)
(/usr/local/texlive/2019/texmf-dist/tex/generic/intcalc/intcalc.sty
Package: intcalc 2019/12/15 v1.3 Expandable calculations with integers (HO)
)
(/usr/local/texlive/2019/texmf-dist/tex/generic/etexcmds/etexcmds.sty
Package: etexcmds 2019/12/15 v1.7 Avoid name clashes with e-TeX commands (HO)
)
\Hy@SavedSpaceFactor=\count328
Package hyperref Info: Hyper figures OFF on input line 4547.
Package hyperref Info: Link nesting OFF on input line 4552.
Package hyperref Info: Hyper index ON on input line 4555.
Package hyperref Info: Plain pages OFF on input line 4562.
Package hyperref Info: Backreferencing OFF on input line 4567.
Package hyperref Info: Implicit mode ON; LaTeX internals redefined.
Package hyperref Info: Bookmarks ON on input line 4800.
\c@Hy@tempcnt=\count329

(/usr/local/texlive/2019/texmf-dist/tex/latex/url/url.sty
\Urlmuskip=\muskip20
Package: url 2013/09/16  ver 3.4  Verb mode for urls, etc.
)
LaTeX Info: Redefining \url on input line 5159.
\XeTeXLinkMargin=\dimen337

(/usr/local/texlive/2019/texmf-dist/tex/generic/bitset/bitset.sty
Package: bitset 2019/12/09 v1.3 Handle bit-vector datatype (HO)

(/usr/local/texlive/2019/texmf-dist/tex/generic/bigintcalc/bigintcalc.sty
Package: bigintcalc 2019/12/15 v1.5 Expandable calculations on big integers (HO)

))
\Fld@menulength=\count330
\Field@Width=\dimen338
\Fld@charsize=\dimen339
Package hyperref Info: Hyper figures OFF on input line 6430.
Package hyperref Info: Link nesting OFF on input line 6435.
Package hyperref Info: Hyper index ON on input line 6438.
Package hyperref Info: backreferencing OFF on input line 6445.
Package hyperref Info: Link coloring OFF on input line 6450.
Package hyperref Info: Link coloring with OCG OFF on input line 6455.
Package hyperref Info: PDF/A mode OFF on input line 6460.
LaTeX Info: Redefining \ref on input line 6500.
LaTeX Info: Redefining \pageref on input line 6504.
\Hy@abspage=\count331
\c@Item=\count332
\c@Hfootnote=\count333
)
Package hyperref Info: Driver (autodetected): hluatex.

(/usr/local/texlive/2019/texmf-dist/tex/latex/hyperref/hluatex.def
File: hluatex.def 2020/01/14 v7.00d Hyperref driver for luaTeX

(/usr/local/texlive/2019/texmf-dist/tex/latex/hyperref/puenc.def
File: puenc.def 2020/01/14 v7.00d Hyperref: PDF Unicode definition (HO)
)
(/usr/local/texlive/2019/texmf-dist/tex/generic/stringenc/stringenc.sty
Package: stringenc 2019/11/29 v1.12 Convert strings between diff. encodings (HO)

)
(/usr/local/texlive/2019/texmf-dist/tex/latex/atveryend/atveryend.sty
Package: atveryend 2019-12-11 v1.11 Hooks at the very end of document (HO)
)
\Fld@listcount=\count334
\c@bookmark@seq@number=\count335

(/usr/local/texlive/2019/texmf-dist/tex/latex/rerunfilecheck/rerunfilecheck.sty
Package: rerunfilecheck 2019/12/05 v1.9 Rerun checks for auxiliary files (HO)

(/usr/local/texlive/2019/texmf-dist/tex/generic/uniquecounter/uniquecounter.sty
Package: uniquecounter 2019/12/15 v1.4 Provide unlimited unique counter (HO)
)
Package uniquecounter Info: New unique counter `rerunfilecheck' on input line 28
6.
)
\Hy@SectionHShift=\skip64
)
Package hyperref Info: Option `colorlinks' set `true' on input line 28.
 (/usr/local/texlive/2019/texmf-dist/tex/latex/fancyhdr/fancyhdr.sty
Package: fancyhdr 2019/01/31 v3.10 Extensive control of page headers and footers

\f@nch@headwidth=\skip65
\f@nch@O@elh=\skip66
\f@nch@O@erh=\skip67
\f@nch@O@olh=\skip68
\f@nch@O@orh=\skip69
\f@nch@O@elf=\skip70
\f@nch@O@erf=\skip71
\f@nch@O@olf=\skip72
\f@nch@O@orf=\skip73
)
(/usr/local/texlive/2019/texmf-dist/tex/generic/pgfplots/libs/tikzlibrarypgfplo
ts.groupplots.code.tex
\pgfplots@group@current@plot=\count336
\pgfplots@group@current@row=\count337
\pgfplots@group@current@column=\count338

(/usr/local/texlive/2019/texmf-dist/tex/generic/pgf/frontendlayer/tikz/librarie
s/tikzlibrarycalc.code.tex
File: tikzlibrarycalc.code.tex 2020/01/08 v3.1.5b (3.1.5b)
))
(/usr/local/texlive/2019/texmf-dist/tex/generic/pgf/frontendlayer/tikz/librarie
s/tikzlibrarymatrix.code.tex
File: tikzlibrarymatrix.code.tex 2020/01/08 v3.1.5b (3.1.5b)
)
(/usr/local/texlive/2019/texmf-dist/tex/generic/pgf/frontendlayer/tikz/librarie
s/tikzlibrarypositioning.code.tex
File: tikzlibrarypositioning.code.tex 2020/01/08 v3.1.5b (3.1.5b)
)
(/usr/local/texlive/2019/texmf-dist/tex/generic/pgf/frontendlayer/tikz/librarie
s/tikzlibraryfit.code.tex
File: tikzlibraryfit.code.tex 2020/01/08 v3.1.5b (3.1.5b)
)
(/usr/local/texlive/2019/texmf-dist/tex/generic/pgf/frontendlayer/tikz/librarie
s/tikzlibraryshapes.code.tex
File: tikzlibraryshapes.code.tex 2020/01/08 v3.1.5b (3.1.5b)

(/usr/local/texlive/2019/texmf-dist/tex/generic/pgf/frontendlayer/tikz/librarie
s/tikzlibraryshapes.geometric.code.tex
File: tikzlibraryshapes.geometric.code.tex 2020/01/08 v3.1.5b (3.1.5b)

(/usr/local/texlive/2019/texmf-dist/tex/generic/pgf/libraries/shapes/pgflibrary
shapes.geometric.code.tex
File: pgflibraryshapes.geometric.code.tex 2020/01/08 v3.1.5b (3.1.5b)
))
(/usr/local/texlive/2019/texmf-dist/tex/generic/pgf/frontendlayer/tikz/librarie
s/tikzlibraryshapes.misc.code.tex
File: tikzlibraryshapes.misc.code.tex 2020/01/08 v3.1.5b (3.1.5b)

(/usr/local/texlive/2019/texmf-dist/tex/generic/pgf/libraries/shapes/pgflibrary
shapes.misc.code.tex
File: pgflibraryshapes.misc.code.tex 2020/01/08 v3.1.5b (3.1.5b)
))
(/usr/local/texlive/2019/texmf-dist/tex/generic/pgf/frontendlayer/tikz/librarie
s/tikzlibraryshapes.symbols.code.tex
File: tikzlibraryshapes.symbols.code.tex 2020/01/08 v3.1.5b (3.1.5b)

(/usr/local/texlive/2019/texmf-dist/tex/generic/pgf/libraries/shapes/pgflibrary
shapes.symbols.code.tex
File: pgflibraryshapes.symbols.code.tex 2020/01/08 v3.1.5b (3.1.5b)
))
(/usr/local/texlive/2019/texmf-dist/tex/generic/pgf/frontendlayer/tikz/librarie
s/tikzlibraryshapes.arrows.code.tex
File: tikzlibraryshapes.arrows.code.tex 2020/01/08 v3.1.5b (3.1.5b)

(/usr/local/texlive/2019/texmf-dist/tex/generic/pgf/libraries/shapes/pgflibrary
shapes.arrows.code.tex
File: pgflibraryshapes.arrows.code.tex 2020/01/08 v3.1.5b (3.1.5b)
))
(/usr/local/texlive/2019/texmf-dist/tex/generic/pgf/frontendlayer/tikz/librarie
s/tikzlibraryshapes.callouts.code.tex
(/usr/local/texlive/2019/texmf-dist/tex/generic/pgf/libraries/shapes/pgflibrary
shapes.callouts.code.tex))
(/usr/local/texlive/2019/texmf-dist/tex/generic/pgf/frontendlayer/tikz/librarie
s/tikzlibraryshapes.multipart.code.tex
File: tikzlibraryshapes.multipart.code.tex 2020/01/08 v3.1.5b (3.1.5b)

(/usr/local/texlive/2019/texmf-dist/tex/generic/pgf/libraries/shapes/pgflibrary
shapes.multipart.code.tex
File: pgflibraryshapes.multipart.code.tex 2020/01/08 v3.1.5b (3.1.5b)
\pgfnodepartlowerbox=\box128
\pgfnodeparttwobox=\box129
\pgfnodepartthreebox=\box130
\pgfnodepartfourbox=\box131
\pgfnodeparttwentybox=\box132
\pgfnodepartnineteenbox=\box133
\pgfnodeparteighteenbox=\box134
\pgfnodepartseventeenbox=\box135
\pgfnodepartsixteenbox=\box136
\pgfnodepartfifteenbox=\box137
\pgfnodepartfourteenbox=\box138
\pgfnodepartthirteenbox=\box139
\pgfnodeparttwelvebox=\box140
\pgfnodepartelevenbox=\box141
\pgfnodeparttenbox=\box142
\pgfnodepartninebox=\box143
\pgfnodeparteightbox=\box144
\pgfnodepartsevenbox=\box145
\pgfnodepartsixbox=\box146
\pgfnodepartfivebox=\box147
)))
(/usr/local/texlive/2019/texmf-dist/tex/generic/pgf/frontendlayer/tikz/librarie
s/tikzlibraryautomata.code.tex
File: tikzlibraryautomata.code.tex 2020/01/08 v3.1.5b (3.1.5b)
)
(/usr/local/texlive/2019/texmf-dist/tex/latex/tocloft/tocloft.sty
Package: tocloft 2017/08/31 v2.3i parameterised ToC, etc., typesetting
Package tocloft Info: The document has chapter divisions on input line 51.
\cftparskip=\skip74
\cftbeforetoctitleskip=\skip75
\cftaftertoctitleskip=\skip76
\cftbeforepartskip=\skip77
\cftpartnumwidth=\skip78
\cftpartindent=\skip79
\cftbeforechapskip=\skip80
\cftchapindent=\skip81
\cftchapnumwidth=\skip82
\cftbeforesecskip=\skip83
\cftsecindent=\skip84
\cftsecnumwidth=\skip85
\cftbeforesubsecskip=\skip86
\cftsubsecindent=\skip87
\cftsubsecnumwidth=\skip88
\cftbeforesubsubsecskip=\skip89
\cftsubsubsecindent=\skip90
\cftsubsubsecnumwidth=\skip91
\cftbeforeparaskip=\skip92
\cftparaindent=\skip93
\cftparanumwidth=\skip94
\cftbeforesubparaskip=\skip95
\cftsubparaindent=\skip96
\cftsubparanumwidth=\skip97
\cftbeforeloftitleskip=\skip98
\cftafterloftitleskip=\skip99
\cftbeforefigskip=\skip100
\cftfigindent=\skip101
\cftfignumwidth=\skip102
\c@lofdepth=\count339
\c@lotdepth=\count340
\cftbeforelottitleskip=\skip103
\cftafterlottitleskip=\skip104
\cftbeforetabskip=\skip105
\cfttabindent=\skip106
\cfttabnumwidth=\skip107
)
\c@glyph=\count341
\cftbeforeglyphskip=\skip108
\cftglyphindent=\skip109
\cftglyphnumwidth=\skip110
\c@lokdepth=\count342
\cftbeforeloktitleskip=\skip111
\cftafterloktitleskip=\skip112

(./tuttle.aux

LaTeX Warning: Label `glyph:music' multiply defined.


LaTeX Warning: Label `glyph:number' multiply defined.

)
\openout1 = tuttle.aux

LaTeX Font Info:    Checking defaults for OML/cmm/m/it on input line 171.
LaTeX Font Info:    ... okay on input line 171.
LaTeX Font Info:    Checking defaults for OMS/cmsy/m/n on input line 171.
LaTeX Font Info:    ... okay on input line 171.
LaTeX Font Info:    Checking defaults for OT1/cmr/m/n on input line 171.
LaTeX Font Info:    ... okay on input line 171.
LaTeX Font Info:    Checking defaults for T1/cmr/m/n on input line 171.
LaTeX Font Info:    ... okay on input line 171.
LaTeX Font Info:    Checking defaults for TS1/cmr/m/n on input line 171.
LaTeX Font Info:    Trying to load font information for TS1+cmr on input line 17
1.
 (/usr/local/texlive/2019/texmf-dist/tex/latex/base/ts1cmr.fd
File: ts1cmr.fd 2019/12/16 v2.5j Standard LaTeX font definitions
)
LaTeX Font Info:    ... okay on input line 171.
LaTeX Font Info:    Checking defaults for TU/lmr/m/n on input line 171.
LaTeX Font Info:    ... okay on input line 171.
LaTeX Font Info:    Checking defaults for OMX/cmex/m/n on input line 171.
LaTeX Font Info:    ... okay on input line 171.
LaTeX Font Info:    Checking defaults for U/cmr/m/n on input line 171.
LaTeX Font Info:    ... okay on input line 171.
LaTeX Font Info:    Checking defaults for JY3/mc/m/n on input line 171.
LaTeX Font Info:    ... okay on input line 171.
LaTeX Font Info:    Checking defaults for JT3/mc/m/n on input line 171.
LaTeX Font Info:    ... okay on input line 171.
LaTeX Font Info:    Checking defaults for C00/song/m/n on input line 171.
LaTeX Font Info:    ... okay on input line 171.
LaTeX Font Info:    Checking defaults for C05/song/m/n on input line 171.
LaTeX Font Info:    ... okay on input line 171.
LaTeX Font Info:    Checking defaults for C09/song/m/n on input line 171.
LaTeX Font Info:    ... okay on input line 171.
LaTeX Font Info:    Checking defaults for C10/song/m/n on input line 171.
LaTeX Font Info:    ... okay on input line 171.
LaTeX Font Info:    Checking defaults for C20/song/m/n on input line 171.
LaTeX Font Info:    ... okay on input line 171.
LaTeX Font Info:    Checking defaults for C19/song/m/n on input line 171.
LaTeX Font Info:    ... okay on input line 171.
LaTeX Font Info:    Checking defaults for C40/song/m/n on input line 171.
LaTeX Font Info:    ... okay on input line 171.
LaTeX Font Info:    Checking defaults for C42/song/m/n on input line 171.
LaTeX Font Info:    ... okay on input line 171.
LaTeX Font Info:    Checking defaults for C43/song/m/n on input line 171.
LaTeX Font Info:    ... okay on input line 171.
LaTeX Font Info:    Checking defaults for C50/song/m/n on input line 171.
LaTeX Font Info:    ... okay on input line 171.
LaTeX Font Info:    Checking defaults for C52/song/m/n on input line 171.
LaTeX Font Info:    ... okay on input line 171.
LaTeX Font Info:    Checking defaults for C49/song/m/n on input line 171.
LaTeX Font Info:    ... okay on input line 171.
LaTeX Font Info:    Checking defaults for C60/mj/m/n on input line 171.
LaTeX Font Info:    ... okay on input line 171.
LaTeX Font Info:    Checking defaults for C61/mj/m/n on input line 171.
LaTeX Font Info:    ... okay on input line 171.
LaTeX Font Info:    Checking defaults for C63/mj/m/n on input line 171.
LaTeX Font Info:    ... okay on input line 171.
LaTeX Font Info:    Checking defaults for C64/mj/m/n on input line 171.
LaTeX Font Info:    ... okay on input line 171.
LaTeX Font Info:    Checking defaults for C65/mj/m/n on input line 171.
LaTeX Font Info:    ... okay on input line 171.
LaTeX Font Info:    Checking defaults for C70/song/m/n on input line 171.
LaTeX Font Info:    ... okay on input line 171.
LaTeX Font Info:    Checking defaults for C31/song/m/n on input line 171.
LaTeX Font Info:    ... okay on input line 171.
LaTeX Font Info:    Checking defaults for C32/song/m/n on input line 171.
LaTeX Font Info:    ... okay on input line 171.
LaTeX Font Info:    Checking defaults for C33/song/m/n on input line 171.
LaTeX Font Info:    ... okay on input line 171.
LaTeX Font Info:    Checking defaults for C34/song/m/n on input line 171.
LaTeX Font Info:    ... okay on input line 171.
LaTeX Font Info:    Checking defaults for C35/song/m/n on input line 171.
LaTeX Font Info:    ... okay on input line 171.
LaTeX Font Info:    Checking defaults for C36/song/m/n on input line 171.
LaTeX Font Info:    ... okay on input line 171.
LaTeX Font Info:    Checking defaults for C37/song/m/n on input line 171.
LaTeX Font Info:    ... okay on input line 171.
LaTeX Font Info:    Checking defaults for C80/song/m/n on input line 171.
LaTeX Font Info:    ... okay on input line 171.
LaTeX Font Info:    Checking defaults for C81/song/m/n on input line 171.
LaTeX Font Info:    ... okay on input line 171.
LaTeX Font Info:    Checking defaults for C01/song/m/n on input line 171.
LaTeX Font Info:    ... okay on input line 171.
LaTeX Font Info:    Checking defaults for C11/song/m/n on input line 171.
LaTeX Font Info:    ... okay on input line 171.
LaTeX Font Info:    Checking defaults for C21/song/m/n on input line 171.
LaTeX Font Info:    ... okay on input line 171.
LaTeX Font Info:    Checking defaults for C41/song/m/n on input line 171.
LaTeX Font Info:    ... okay on input line 171.
LaTeX Font Info:    Checking defaults for C62/song/m/n on input line 171.
LaTeX Font Info:    ... okay on input line 171.
LaTeX Font Info:    Checking defaults for PD1/pdf/m/n on input line 171.
LaTeX Font Info:    ... okay on input line 171.
LaTeX Font Info:    Checking defaults for PU/pdf/m/n on input line 171.
LaTeX Font Info:    ... okay on input line 171.

(/usr/local/texlive/2019/texmf-dist/tex/luatex/luatexja/patches/lltjp-array.sty
Package: lltjp-array 2018/03/29 Patch to array for LuaTeX-ja
) ABD: EverySelectfont initializing macros

LaTeX Warning: Command \selectfont   has changed.
               Check if current package is valid.

LaTeX Info: Redefining \selectfont on input line 171.
*geometry* driver: auto-detecting
*geometry* detected driver: luatex
*geometry* verbose mode - [ preamble ] result:
* driver: luatex
* paper: a4paper
* layout: <same size as paper>
* layoutoffset:(h,v)=(0.0pt,0.0pt)
* modes: twoside 
* h-part:(L,W,R)=(54.06006pt, 489.38776pt, 54.06006pt)
* v-part:(T,H,B)=(42.67912pt, 759.6886pt, 42.67912pt)
* \paperwidth=597.50787pt
* \paperheight=845.04684pt
* \textwidth=489.38776pt
* \textheight=759.6886pt
* \oddsidemargin=-18.20993pt
* \evensidemargin=-18.20993pt
* \topmargin=-59.65836pt
* \headheight=12.0pt
* \headsep=18.06749pt
* \topskip=7.77591pt
* \footskip=25.29494pt
* \marginparwidth=133.0pt
* \marginparsep=10.0pt
* \columnsep=10.0pt
* \skip\footins=9.0pt plus 4.0pt minus 2.0pt
* \hoffset=0.0pt
* \voffset=0.0pt
* \mag=1000
* \@twocolumnfalse
* \@twosidetrue
* \@mparswitchtrue
* \@reversemarginfalse
* (1in=72.27pt=25.4mm, 1cm=28.453pt)

(/usr/local/texlive/2019/texmf-dist/tex/context/base/mkii/supp-pdf.mkii
[Loading MPS to PDF converter (version 2006.09.02).]
\scratchcounter=\count343
\scratchdimen=\dimen340
\scratchbox=\box148
\nofMPsegments=\count344
\nofMParguments=\count345
\everyMPshowfont=\toks52
\MPscratchCnt=\count346
\MPscratchDim=\dimen341
\MPnumerator=\count347
\makeMPintoPDFobject=\count348
\everyMPtoPDFconversion=\toks53
) (/usr/local/texlive/2019/texmf-dist/tex/latex/epstopdf-pkg/epstopdf-base.sty
Package: epstopdf-base 2020-01-24 v2.11 Base part for package epstopdf
Package epstopdf-base Info: Redefining graphics rule for `.eps' on input line 48
5.

(/usr/local/texlive/2019/texmf-dist/tex/latex/latexconfig/epstopdf-sys.cfg
File: epstopdf-sys.cfg 2010/07/13 v1.3 Configuration of (r)epstopdf for TeX Live

))
ABD: EveryShipout initializing macros
LaTeX Info: Redefining \microtypecontext on input line 171.
Package microtype Info: Generating PDF output.
Package microtype Info: Character protrusion enabled (level 2).
Package microtype Info: Using default protrusion set `alltext'.
Package microtype Info: Automatic font expansion enabled (level 2),
(microtype)             stretch: 20, shrink: 20, step: 1, non-selected.
Package microtype Info: Using default expansion set `basictext'.
LaTeX Info: Redefining \showhyphens on input line 171.
Package microtype Info: No adjustment of tracking.
Package microtype Info: No adjustment of spacing.
Package microtype Info: No adjustment of kerning.

(/usr/local/texlive/2019/texmf-dist/tex/latex/microtype/mt-LatinModernRoman.cfg
File: mt-LatinModernRoman.cfg 2013/03/13 v1.0 microtype config. file: Latin Mode
rn Roman (RS)
)
Package hyperref Info: Link coloring ON on input line 171.
 (/usr/local/texlive/2019/texmf-dist/tex/latex/hyperref/nameref.sty
Package: nameref 2019/09/16 v2.46 Cross-referencing by name of section

(/usr/local/texlive/2019/texmf-dist/tex/latex/refcount/refcount.sty
Package: refcount 2019/12/15 v3.6 Data extraction from label references (HO)
)
(/usr/local/texlive/2019/texmf-dist/tex/generic/gettitlestring/gettitlestring.s
ty
Package: gettitlestring 2019/12/15 v1.6 Cleanup title references (HO)
)
\c@section@level=\count349
)
LaTeX Info: Redefining \ref on input line 171.
LaTeX Info: Redefining \pageref on input line 171.
LaTeX Info: Redefining \nameref on input line 171.
 (./tuttle.out) (./tuttle.out)
\@outlinefile=\write4

\openout4 = tuttle.out
LaTeX Font Info:    Font shape `JT3/mc/m/n' will be
(Font)              scaled to size 23.94002pt on input line 174.
LaTeX Font Info:    Font shape `JY3/mc/m/n' will be
(Font)              scaled to size 23.94002pt on input line 174.
LaTeX Font Info:    Font shape `JT3/mc/b/n' in size <24.88> not available
(Font)              Font shape `JT3/gt/m/n' tried instead on input line 174.
LaTeX Font Info:    Font shape `JT3/gt/m/n' will be
(Font)              scaled to size 23.94002pt on input line 174.
LaTeX Font Info:    Font shape `JY3/mc/b/n' in size <24.88> not available
(Font)              Font shape `JY3/gt/m/n' tried instead on input line 174.
LaTeX Font Info:    Font shape `JY3/gt/m/n' will be
(Font)              scaled to size 23.94002pt on input line 174.
 (./tuttle.lok
(/usr/local/texlive/2019/texmf-dist/tex/latex/microtype/mt-cmr.cfg
File: mt-cmr.cfg 2013/05/19 v2.2 microtype config. file: Computer Modern Roman (
RS)
)
LaTeX Font Info:    Font shape `JY3/mc/m/n' will be
(Font)              scaled to size 6.73553pt on input line 1.
LaTeX Font Info:    Font shape `JY3/mc/m/n' will be
(Font)              scaled to size 4.8111pt on input line 1.
LaTeX Font Info:    Trying to load font information for U+wasy on input line 1.

(/usr/local/texlive/2019/texmf-dist/tex/latex/wasysym/uwasy.fd
File: uwasy.fd 2020/01/19 v2.4 Wasy-2 symbol font definitions
) [1

{/usr/local/texlive/2019/texmf-var/fonts/map/pdftex/updmap/pdftex.map}]
LaTeX Font Info:    Font shape `JT3/mc/m/n' will be
(Font)              scaled to size 6.73553pt on input line 199.


Package Fancyhdr Warning: \headheight is too small (12.0pt): 
Make it at least 15.0pt.
We now make it that large for the rest of the document.
This may cause the page layout to be inconsistent, however.

[2] [3] [4] [5])
\tf@lok=\write5

\openout5 = tuttle.lok
 [6]
第 1 章
LaTeX Font Info:    Font shape `JT3/mc/m/n' will be
(Font)              scaled to size 19.95642pt on input line 182.
LaTeX Font Info:    Font shape `JY3/mc/m/n' will be
(Font)              scaled to size 19.95642pt on input line 182.
LaTeX Font Info:    Font shape `JT3/mc/b/n' in size <20.74> not available
(Font)              Font shape `JT3/gt/m/n' tried instead on input line 182.
LaTeX Font Info:    Font shape `JT3/gt/m/n' will be
(Font)              scaled to size 19.95642pt on input line 182.
LaTeX Font Info:    Font shape `JY3/mc/b/n' in size <20.74> not available
(Font)              Font shape `JY3/gt/m/n' tried instead on input line 182.
LaTeX Font Info:    Font shape `JY3/gt/m/n' will be
(Font)              scaled to size 19.95642pt on input line 182.
(./chap1.tex
File: /home/henri/stuff/japanese/kanji/chap1/mountain.pdf Graphic file (type pdf
)
<use /home/henri/stuff/japanese/kanji/chap1/mountain.pdf>
Package luatex.def Info: /home/henri/stuff/japanese/kanji/chap1/mountain.pdf  us
ed on input line 5.
(luatex.def)             Requested size: 56.90388pt x 56.90388pt.
File: /home/henri/stuff/japanese/kanji/chap1/so_mountain.pdf Graphic file (type 
pdf)
<use /home/henri/stuff/japanese/kanji/chap1/so_mountain.pdf>
Package luatex.def Info: /home/henri/stuff/japanese/kanji/chap1/so_mountain.pdf 
 used on input line 5.
(luatex.def)             Requested size: 56.8991pt x 56.8991pt.

Overfull \hbox (0.81456pt too wide) in alignment at lines 5--5
[][][]
 []

File: /home/henri/stuff/japanese/kanji/chap1/person.pdf Graphic file (type pdf)
<use /home/henri/stuff/japanese/kanji/chap1/person.pdf>
Package luatex.def Info: /home/henri/stuff/japanese/kanji/chap1/person.pdf  used
 on input line 47.
(luatex.def)             Requested size: 56.90388pt x 56.90388pt.
File: /home/henri/stuff/japanese/kanji/chap1/so_person.pdf Graphic file (type pd
f)
<use /home/henri/stuff/japanese/kanji/chap1/so_person.pdf>
Package luatex.def Info: /home/henri/stuff/japanese/kanji/chap1/so_person.pdf  u
sed on input line 47.
(luatex.def)             Requested size: 56.8991pt x 56.8991pt.

Overfull \hbox (0.81456pt too wide) in alignment at lines 47--47
[][][]
 []


Overfull \hbox (0.81456pt too wide) in alignment at lines 65--65
[][][]
 []


Overfull \hbox (0.81456pt too wide) in alignment at lines 87--87
[][][]
 []


Underfull \hbox (badness 10000) has occurred while \output is active
[]
 []

[7


</home/henri/stuff/japanese/kanji/chap1/mountain.pdf></home/henri/stuff/japanese
/kanji/chap1/so_mountain.pdf></home/henri/stuff/japanese/kanji/chap1/person.pdf>
</home/henri/stuff/japanese/kanji/chap1/so_person.pdf>]
File: /home/henri/stuff/japanese/kanji/chap1/one.pdf Graphic file (type pdf)
<use /home/henri/stuff/japanese/kanji/chap1/one.pdf>
Package luatex.def Info: /home/henri/stuff/japanese/kanji/chap1/one.pdf  used on
 input line 102.
(luatex.def)             Requested size: 56.90388pt x 56.90388pt.
File: /home/henri/stuff/japanese/kanji/chap1/so_one.pdf Graphic file (type pdf)
<use /home/henri/stuff/japanese/kanji/chap1/so_one.pdf>
Package luatex.def Info: /home/henri/stuff/japanese/kanji/chap1/so_one.pdf  used
 on input line 102.
(luatex.def)             Requested size: 56.8991pt x 56.8991pt.

Overfull \hbox (0.81456pt too wide) in alignment at lines 102--102
[][][]
 []


Overfull \hbox (0.81456pt too wide) in alignment at lines 118--118
[][][]
 []


Overfull \hbox (0.81456pt too wide) in alignment at lines 137--137
[][][]
 []

[8</home/henri/stuff/japanese/kanji/chap1/one.pdf></home/henri/stuff/japanese/ka
nji/chap1/so_one.pdf>]
File: /home/henri/stuff/japanese/kanji/chap1/two.pdf Graphic file (type pdf)
<use /home/henri/stuff/japanese/kanji/chap1/two.pdf>
Package luatex.def Info: /home/henri/stuff/japanese/kanji/chap1/two.pdf  used on
 input line 153.
(luatex.def)             Requested size: 56.90388pt x 56.90388pt.
File: /home/henri/stuff/japanese/kanji/chap1/so_two.pdf Graphic file (type pdf)
<use /home/henri/stuff/japanese/kanji/chap1/so_two.pdf>
Package luatex.def Info: /home/henri/stuff/japanese/kanji/chap1/so_two.pdf  used
 on input line 153.
(luatex.def)             Requested size: 56.8991pt x 56.8991pt.

Overfull \hbox (0.81456pt too wide) in alignment at lines 153--153
[][][]
 []

File: /home/henri/stuff/japanese/kanji/chap1/three.pdf Graphic file (type pdf)
<use /home/henri/stuff/japanese/kanji/chap1/three.pdf>
Package luatex.def Info: /home/henri/stuff/japanese/kanji/chap1/three.pdf  used 
on input line 202.
(luatex.def)             Requested size: 56.90388pt x 56.90388pt.
File: /home/henri/stuff/japanese/kanji/chap1/so_three.pdf Graphic file (type pdf
)
<use /home/henri/stuff/japanese/kanji/chap1/so_three.pdf>
Package luatex.def Info: /home/henri/stuff/japanese/kanji/chap1/so_three.pdf  us
ed on input line 202.
(luatex.def)             Requested size: 56.8991pt x 56.8991pt.

Overfull \hbox (0.81456pt too wide) in alignment at lines 202--202
[][][]
 []

[9</home/henri/stuff/japanese/kanji/chap1/two.pdf></home/henri/stuff/japanese/ka
nji/chap1/so_two.pdf></home/henri/stuff/japanese/kanji/chap1/three.pdf></home/he
nri/stuff/japanese/kanji/chap1/so_three.pdf>]
File: /home/henri/stuff/japanese/kanji/chap1/sun.pdf Graphic file (type pdf)
<use /home/henri/stuff/japanese/kanji/chap1/sun.pdf>
Package luatex.def Info: /home/henri/stuff/japanese/kanji/chap1/sun.pdf  used on
 input line 247.
(luatex.def)             Requested size: 56.90388pt x 56.90388pt.
File: /home/henri/stuff/japanese/kanji/chap1/so_sun.pdf Graphic file (type pdf)
<use /home/henri/stuff/japanese/kanji/chap1/so_sun.pdf>
Package luatex.def Info: /home/henri/stuff/japanese/kanji/chap1/so_sun.pdf  used
 on input line 247.
(luatex.def)             Requested size: 56.8991pt x 56.8991pt.

Overfull \hbox (0.81456pt too wide) in alignment at lines 247--247
[][][]
 []


Overfull \hbox (0.81456pt too wide) in alignment at lines 265--265
[][][]
 []

File: /home/henri/stuff/japanese/kanji/chap1/white.pdf Graphic file (type pdf)
<use /home/henri/stuff/japanese/kanji/chap1/white.pdf>
Package luatex.def Info: /home/henri/stuff/japanese/kanji/chap1/white.pdf  used 
on input line 302.
(luatex.def)             Requested size: 56.90388pt x 56.90388pt.
File: /home/henri/stuff/japanese/kanji/chap1/so_white.pdf Graphic file (type pdf
)
<use /home/henri/stuff/japanese/kanji/chap1/so_white.pdf>
Package luatex.def Info: /home/henri/stuff/japanese/kanji/chap1/so_white.pdf  us
ed on input line 302.
(luatex.def)             Requested size: 56.8991pt x 56.8991pt.

Overfull \hbox (0.81456pt too wide) in alignment at lines 302--302
[][][]
 []


Overfull \vbox (3.46706pt too high) has occurred while \output is active []


[10</home/henri/stuff/japanese/kanji/chap1/sun.pdf></home/henri/stuff/japanese/k
anji/chap1/so_sun.pdf></home/henri/stuff/japanese/kanji/chap1/white.pdf></home/h
enri/stuff/japanese/kanji/chap1/so_white.pdf>]
File: /home/henri/stuff/japanese/kanji/chap1/mouth.pdf Graphic file (type pdf)
<use /home/henri/stuff/japanese/kanji/chap1/mouth.pdf>
Package luatex.def Info: /home/henri/stuff/japanese/kanji/chap1/mouth.pdf  used 
on input line 346.
(luatex.def)             Requested size: 56.90388pt x 56.90388pt.
File: /home/henri/stuff/japanese/kanji/chap1/so_mouth.pdf Graphic file (type pdf
)
<use /home/henri/stuff/japanese/kanji/chap1/so_mouth.pdf>
Package luatex.def Info: /home/henri/stuff/japanese/kanji/chap1/so_mouth.pdf  us
ed on input line 346.
(luatex.def)             Requested size: 56.8991pt x 56.8991pt.

Overfull \hbox (0.81456pt too wide) in alignment at lines 346--346
[][][]
 []

File: /home/henri/stuff/japanese/kanji/chap1/rotate.pdf Graphic file (type pdf)
<use /home/henri/stuff/japanese/kanji/chap1/rotate.pdf>
Package luatex.def Info: /home/henri/stuff/japanese/kanji/chap1/rotate.pdf  used
 on input line 391.
(luatex.def)             Requested size: 56.90388pt x 56.90388pt.
File: /home/henri/stuff/japanese/kanji/chap1/so_rotate.pdf Graphic file (type pd
f)
<use /home/henri/stuff/japanese/kanji/chap1/so_rotate.pdf>
Package luatex.def Info: /home/henri/stuff/japanese/kanji/chap1/so_rotate.pdf  u
sed on input line 391.
(luatex.def)             Requested size: 56.8991pt x 56.8991pt.

Overfull \hbox (0.81456pt too wide) in alignment at lines 391--391
[][][]
 []


Overfull \hbox (0.81456pt too wide) in alignment at lines 419--419
[][][]
 []

[11</home/henri/stuff/japanese/kanji/chap1/mouth.pdf></home/henri/stuff/japanese
/kanji/chap1/so_mouth.pdf></home/henri/stuff/japanese/kanji/chap1/rotate.pdf></h
ome/henri/stuff/japanese/kanji/chap1/so_rotate.pdf>]
File: /home/henri/stuff/japanese/kanji/chap1/four.pdf Graphic file (type pdf)
<use /home/henri/stuff/japanese/kanji/chap1/four.pdf>
Package luatex.def Info: /home/henri/stuff/japanese/kanji/chap1/four.pdf  used o
n input line 436.
(luatex.def)             Requested size: 56.90388pt x 56.90388pt.
File: /home/henri/stuff/japanese/kanji/chap1/so_four.pdf Graphic file (type pdf)

<use /home/henri/stuff/japanese/kanji/chap1/so_four.pdf>
Package luatex.def Info: /home/henri/stuff/japanese/kanji/chap1/so_four.pdf  use
d on input line 436.
(luatex.def)             Requested size: 56.8991pt x 56.8991pt.

Overfull \hbox (0.81456pt too wide) in alignment at lines 436--436
[][][]
 []

File: /home/henri/stuff/japanese/kanji/chap1/moon.pdf Graphic file (type pdf)
<use /home/henri/stuff/japanese/kanji/chap1/moon.pdf>
Package luatex.def Info: /home/henri/stuff/japanese/kanji/chap1/moon.pdf  used o
n input line 483.
(luatex.def)             Requested size: 56.90388pt x 56.90388pt.
File: /home/henri/stuff/japanese/kanji/chap1/so_moon.pdf Graphic file (type pdf)

<use /home/henri/stuff/japanese/kanji/chap1/so_moon.pdf>
Package luatex.def Info: /home/henri/stuff/japanese/kanji/chap1/so_moon.pdf  use
d on input line 483.
(luatex.def)             Requested size: 56.8991pt x 56.8991pt.

Overfull \hbox (0.81456pt too wide) in alignment at lines 483--483
[][][]
 []

[12</home/henri/stuff/japanese/kanji/chap1/four.pdf></home/henri/stuff/japanese/
kanji/chap1/so_four.pdf></home/henri/stuff/japanese/kanji/chap1/moon.pdf></home/
henri/stuff/japanese/kanji/chap1/so_moon.pdf>]
File: /home/henri/stuff/japanese/kanji/chap1/bright.pdf Graphic file (type pdf)
<use /home/henri/stuff/japanese/kanji/chap1/bright.pdf>
Package luatex.def Info: /home/henri/stuff/japanese/kanji/chap1/bright.pdf  used
 on input line 529.
(luatex.def)             Requested size: 56.90388pt x 56.90388pt.
File: /home/henri/stuff/japanese/kanji/chap1/so_bright.pdf Graphic file (type pd
f)
<use /home/henri/stuff/japanese/kanji/chap1/so_bright.pdf>
Package luatex.def Info: /home/henri/stuff/japanese/kanji/chap1/so_bright.pdf  u
sed on input line 529.
(luatex.def)             Requested size: 56.8991pt x 56.8991pt.

Overfull \hbox (0.81456pt too wide) in alignment at lines 529--529
[][][]
 []

File: /home/henri/stuff/japanese/kanji/chap1/tree.pdf Graphic file (type pdf)
<use /home/henri/stuff/japanese/kanji/chap1/tree.pdf>
Package luatex.def Info: /home/henri/stuff/japanese/kanji/chap1/tree.pdf  used o
n input line 569.
(luatex.def)             Requested size: 56.90388pt x 56.90388pt.
File: /home/henri/stuff/japanese/kanji/chap1/so_tree.pdf Graphic file (type pdf)

<use /home/henri/stuff/japanese/kanji/chap1/so_tree.pdf>
Package luatex.def Info: /home/henri/stuff/japanese/kanji/chap1/so_tree.pdf  use
d on input line 569.
(luatex.def)             Requested size: 56.8991pt x 56.8991pt.

Overfull \hbox (0.81456pt too wide) in alignment at lines 569--569
[][][]
 []


Overfull \hbox (0.81456pt too wide) in alignment at lines 586--586
[][][]
 []


Overfull \hbox (0.81456pt too wide) in alignment at lines 607--607
[][][]
 []

[13</home/henri/stuff/japanese/kanji/chap1/bright.pdf></home/henri/stuff/japanes
e/kanji/chap1/so_bright.pdf></home/henri/stuff/japanese/kanji/chap1/tree.pdf></h
ome/henri/stuff/japanese/kanji/chap1/so_tree.pdf>]
File: /home/henri/stuff/japanese/kanji/chap1/five.pdf Graphic file (type pdf)
<use /home/henri/stuff/japanese/kanji/chap1/five.pdf>
Package luatex.def Info: /home/henri/stuff/japanese/kanji/chap1/five.pdf  used o
n input line 624.
(luatex.def)             Requested size: 56.90388pt x 56.90388pt.
File: /home/henri/stuff/japanese/kanji/chap1/so_five.pdf Graphic file (type pdf)

<use /home/henri/stuff/japanese/kanji/chap1/so_five.pdf>
Package luatex.def Info: /home/henri/stuff/japanese/kanji/chap1/so_five.pdf  use
d on input line 624.
(luatex.def)             Requested size: 56.8991pt x 56.8991pt.

Overfull \hbox (0.81456pt too wide) in alignment at lines 624--624
[][][]
 []

File: /home/henri/stuff/japanese/kanji/chap1/eye.pdf Graphic file (type pdf)
<use /home/henri/stuff/japanese/kanji/chap1/eye.pdf>
Package luatex.def Info: /home/henri/stuff/japanese/kanji/chap1/eye.pdf  used on
 input line 669.
(luatex.def)             Requested size: 56.90388pt x 56.90388pt.
File: /home/henri/stuff/japanese/kanji/chap1/so_eye.pdf Graphic file (type pdf)
<use /home/henri/stuff/japanese/kanji/chap1/so_eye.pdf>
Package luatex.def Info: /home/henri/stuff/japanese/kanji/chap1/so_eye.pdf  used
 on input line 669.
(luatex.def)             Requested size: 56.8991pt x 56.8991pt.

Overfull \hbox (0.81456pt too wide) in alignment at lines 669--669
[][][]
 []


Overfull \hbox (0.81456pt too wide) in alignment at lines 684--684
[][][]
 []

[14</home/henri/stuff/japanese/kanji/chap1/five.pdf></home/henri/stuff/japanese/
kanji/chap1/so_five.pdf></home/henri/stuff/japanese/kanji/chap1/eye.pdf></home/h
enri/stuff/japanese/kanji/chap1/so_eye.pdf>]
File: /home/henri/stuff/japanese/kanji/chap1/woman.pdf Graphic file (type pdf)
<use /home/henri/stuff/japanese/kanji/chap1/woman.pdf>
Package luatex.def Info: /home/henri/stuff/japanese/kanji/chap1/woman.pdf  used 
on input line 712.
(luatex.def)             Requested size: 56.90388pt x 56.90388pt.
File: /home/henri/stuff/japanese/kanji/chap1/so_woman.pdf Graphic file (type pdf
)
<use /home/henri/stuff/japanese/kanji/chap1/so_woman.pdf>
Package luatex.def Info: /home/henri/stuff/japanese/kanji/chap1/so_woman.pdf  us
ed on input line 712.
(luatex.def)             Requested size: 56.8991pt x 56.8991pt.

Overfull \hbox (0.81456pt too wide) in alignment at lines 712--712
[][][]
 []

File: /home/henri/stuff/japanese/kanji/chap1/large.pdf Graphic file (type pdf)
<use /home/henri/stuff/japanese/kanji/chap1/large.pdf>
Package luatex.def Info: /home/henri/stuff/japanese/kanji/chap1/large.pdf  used 
on input line 755.
(luatex.def)             Requested size: 56.90388pt x 56.90388pt.
File: /home/henri/stuff/japanese/kanji/chap1/so_large.pdf Graphic file (type pdf
)
<use /home/henri/stuff/japanese/kanji/chap1/so_large.pdf>
Package luatex.def Info: /home/henri/stuff/japanese/kanji/chap1/so_large.pdf  us
ed on input line 755.
(luatex.def)             Requested size: 56.8991pt x 56.8991pt.

Overfull \hbox (0.81456pt too wide) in alignment at lines 755--755
[][][]
 []


Overfull \hbox (0.81456pt too wide) in alignment at lines 772--772
[][][]
 []

[15</home/henri/stuff/japanese/kanji/chap1/woman.pdf></home/henri/stuff/japanese
/kanji/chap1/so_woman.pdf></home/henri/stuff/japanese/kanji/chap1/large.pdf></ho
me/henri/stuff/japanese/kanji/chap1/so_large.pdf>]
File: /home/henri/stuff/japanese/kanji/chap1/middle.pdf Graphic file (type pdf)
<use /home/henri/stuff/japanese/kanji/chap1/middle.pdf>
Package luatex.def Info: /home/henri/stuff/japanese/kanji/chap1/middle.pdf  used
 on input line 808.
(luatex.def)             Requested size: 56.90388pt x 56.90388pt.
File: /home/henri/stuff/japanese/kanji/chap1/so_middle.pdf Graphic file (type pd
f)
<use /home/henri/stuff/japanese/kanji/chap1/so_middle.pdf>
Package luatex.def Info: /home/henri/stuff/japanese/kanji/chap1/so_middle.pdf  u
sed on input line 808.
(luatex.def)             Requested size: 56.8991pt x 56.8991pt.

Overfull \hbox (0.81456pt too wide) in alignment at lines 808--808
[][][]
 []

File: /home/henri/stuff/japanese/kanji/chap1/eight.pdf Graphic file (type pdf)
<use /home/henri/stuff/japanese/kanji/chap1/eight.pdf>
Package luatex.def Info: /home/henri/stuff/japanese/kanji/chap1/eight.pdf  used 
on input line 852.
(luatex.def)             Requested size: 56.90388pt x 56.90388pt.
File: /home/henri/stuff/japanese/kanji/chap1/so_eight.pdf Graphic file (type pdf
)
<use /home/henri/stuff/japanese/kanji/chap1/so_eight.pdf>
Package luatex.def Info: /home/henri/stuff/japanese/kanji/chap1/so_eight.pdf  us
ed on input line 852.
(luatex.def)             Requested size: 56.8991pt x 56.8991pt.

Overfull \hbox (0.81456pt too wide) in alignment at lines 852--852
[][][]
 []

[16</home/henri/stuff/japanese/kanji/chap1/middle.pdf></home/henri/stuff/japanes
e/kanji/chap1/so_middle.pdf></home/henri/stuff/japanese/kanji/chap1/eight.pdf></
home/henri/stuff/japanese/kanji/chap1/so_eight.pdf>]
File: /home/henri/stuff/japanese/kanji/chap1/small.pdf Graphic file (type pdf)
<use /home/henri/stuff/japanese/kanji/chap1/small.pdf>
Package luatex.def Info: /home/henri/stuff/japanese/kanji/chap1/small.pdf  used 
on input line 897.
(luatex.def)             Requested size: 56.90388pt x 56.90388pt.
File: /home/henri/stuff/japanese/kanji/chap1/so_small.pdf Graphic file (type pdf
)
<use /home/henri/stuff/japanese/kanji/chap1/so_small.pdf>
Package luatex.def Info: /home/henri/stuff/japanese/kanji/chap1/so_small.pdf  us
ed on input line 897.
(luatex.def)             Requested size: 56.8991pt x 56.8991pt.

Overfull \hbox (0.81456pt too wide) in alignment at lines 897--897
[][][]
 []

) [17</home/henri/stuff/japanese/kanji/chap1/small.pdf></home/henri/stuff/japane
se/kanji/chap1/so_small.pdf>] [18

]
第 2 章
(./chap2.tex
File: /home/henri/stuff/japanese/kanji/chap2/shellfish.pdf Graphic file (type pd
f)
<use /home/henri/stuff/japanese/kanji/chap2/shellfish.pdf>
Package luatex.def Info: /home/henri/stuff/japanese/kanji/chap2/shellfish.pdf  u
sed on input line 4.
(luatex.def)             Requested size: 56.90388pt x 56.90388pt.
File: /home/henri/stuff/japanese/kanji/chap2/so_shellfish.pdf Graphic file (type
 pdf)
<use /home/henri/stuff/japanese/kanji/chap2/so_shellfish.pdf>
Package luatex.def Info: /home/henri/stuff/japanese/kanji/chap2/so_shellfish.pdf
  used on input line 4.
(luatex.def)             Requested size: 56.8991pt x 56.8991pt.

Overfull \hbox (0.81456pt too wide) in alignment at lines 4--4
[][][]
 []

File: /home/henri/stuff/japanese/kanji/chap2/six.pdf Graphic file (type pdf)
<use /home/henri/stuff/japanese/kanji/chap2/six.pdf>
Package luatex.def Info: /home/henri/stuff/japanese/kanji/chap2/six.pdf  used on
 input line 43.
(luatex.def)             Requested size: 56.90388pt x 56.90388pt.
File: /home/henri/stuff/japanese/kanji/chap2/so_six.pdf Graphic file (type pdf)
<use /home/henri/stuff/japanese/kanji/chap2/so_six.pdf>
Package luatex.def Info: /home/henri/stuff/japanese/kanji/chap2/so_six.pdf  used
 on input line 43.
(luatex.def)             Requested size: 56.8991pt x 56.8991pt.

Overfull \hbox (0.81456pt too wide) in alignment at lines 43--43
[][][]
 []

[19</home/henri/stuff/japanese/kanji/chap2/shellfish.pdf></home/henri/stuff/japa
nese/kanji/chap2/so_shellfish.pdf></home/henri/stuff/japanese/kanji/chap2/six.pd
f></home/henri/stuff/japanese/kanji/chap2/so_six.pdf>]
File: /home/henri/stuff/japanese/kanji/chap2/king.pdf Graphic file (type pdf)
<use /home/henri/stuff/japanese/kanji/chap2/king.pdf>
Package luatex.def Info: /home/henri/stuff/japanese/kanji/chap2/king.pdf  used o
n input line 89.
(luatex.def)             Requested size: 56.90388pt x 56.90388pt.
File: /home/henri/stuff/japanese/kanji/chap2/so_king.pdf Graphic file (type pdf)

<use /home/henri/stuff/japanese/kanji/chap2/so_king.pdf>
Package luatex.def Info: /home/henri/stuff/japanese/kanji/chap2/so_king.pdf  use
d on input line 89.
(luatex.def)             Requested size: 56.8991pt x 56.8991pt.

Overfull \hbox (0.81456pt too wide) in alignment at lines 89--89
[][][]
 []

File: /home/henri/stuff/japanese/kanji/chap2/jewel.pdf Graphic file (type pdf)
<use /home/henri/stuff/japanese/kanji/chap2/jewel.pdf>
Package luatex.def Info: /home/henri/stuff/japanese/kanji/chap2/jewel.pdf  used 
on input line 130.
(luatex.def)             Requested size: 56.90388pt x 56.90388pt.
File: /home/henri/stuff/japanese/kanji/chap2/so_jewel.pdf Graphic file (type pdf
)
<use /home/henri/stuff/japanese/kanji/chap2/so_jewel.pdf>
Package luatex.def Info: /home/henri/stuff/japanese/kanji/chap2/so_jewel.pdf  us
ed on input line 130.
(luatex.def)             Requested size: 56.8991pt x 56.8991pt.

Overfull \hbox (0.81456pt too wide) in alignment at lines 130--130
[][][]
 []

[20</home/henri/stuff/japanese/kanji/chap2/king.pdf></home/henri/stuff/japanese/
kanji/chap2/so_king.pdf></home/henri/stuff/japanese/kanji/chap2/jewel.pdf></home
/henri/stuff/japanese/kanji/chap2/so_jewel.pdf>]
File: /home/henri/stuff/japanese/kanji/chap2/heart.pdf Graphic file (type pdf)
<use /home/henri/stuff/japanese/kanji/chap2/heart.pdf>
Package luatex.def Info: /home/henri/stuff/japanese/kanji/chap2/heart.pdf  used 
on input line 176.
(luatex.def)             Requested size: 56.90388pt x 56.90388pt.
File: /home/henri/stuff/japanese/kanji/chap2/so_heart.pdf Graphic file (type pdf
)
<use /home/henri/stuff/japanese/kanji/chap2/so_heart.pdf>
Package luatex.def Info: /home/henri/stuff/japanese/kanji/chap2/so_heart.pdf  us
ed on input line 176.
(luatex.def)             Requested size: 56.8991pt x 56.8991pt.

Overfull \hbox (0.81456pt too wide) in alignment at lines 176--176
[][][]
 []


Overfull \hbox (0.81456pt too wide) in alignment at lines 191--191
[][][]
 []

File: /home/henri/stuff/japanese/kanji/chap2/country.pdf Graphic file (type pdf)

<use /home/henri/stuff/japanese/kanji/chap2/country.pdf>
Package luatex.def Info: /home/henri/stuff/japanese/kanji/chap2/country.pdf  use
d on input line 219.
(luatex.def)             Requested size: 56.90388pt x 56.90388pt.
File: /home/henri/stuff/japanese/kanji/chap2/so_country.pdf Graphic file (type p
df)
<use /home/henri/stuff/japanese/kanji/chap2/so_country.pdf>
Package luatex.def Info: /home/henri/stuff/japanese/kanji/chap2/so_country.pdf  
used on input line 219.
(luatex.def)             Requested size: 56.8991pt x 56.8991pt.

Overfull \hbox (0.81456pt too wide) in alignment at lines 219--219
[][][]
 []

[21</home/henri/stuff/japanese/kanji/chap2/heart.pdf></home/henri/stuff/japanese
/kanji/chap2/so_heart.pdf></home/henri/stuff/japanese/kanji/chap2/country.pdf></
home/henri/stuff/japanese/kanji/chap2/so_country.pdf>]
File: /home/henri/stuff/japanese/kanji/chap2/complete.pdf Graphic file (type pdf
)
<use /home/henri/stuff/japanese/kanji/chap2/complete.pdf>
Package luatex.def Info: /home/henri/stuff/japanese/kanji/chap2/complete.pdf  us
ed on input line 264.
(luatex.def)             Requested size: 56.90388pt x 56.90388pt.
File: /home/henri/stuff/japanese/kanji/chap2/so_complete.pdf Graphic file (type 
pdf)
<use /home/henri/stuff/japanese/kanji/chap2/so_complete.pdf>
Package luatex.def Info: /home/henri/stuff/japanese/kanji/chap2/so_complete.pdf 
 used on input line 264.
(luatex.def)             Requested size: 56.8991pt x 56.8991pt.

Overfull \hbox (0.81456pt too wide) in alignment at lines 264--264
[][][]
 []

File: /home/henri/stuff/japanese/kanji/chap2/ten.pdf Graphic file (type pdf)
<use /home/henri/stuff/japanese/kanji/chap2/ten.pdf>
Package luatex.def Info: /home/henri/stuff/japanese/kanji/chap2/ten.pdf  used on
 input line 308.
(luatex.def)             Requested size: 56.90388pt x 56.90388pt.
File: /home/henri/stuff/japanese/kanji/chap2/so_ten.pdf Graphic file (type pdf)
<use /home/henri/stuff/japanese/kanji/chap2/so_ten.pdf>
Package luatex.def Info: /home/henri/stuff/japanese/kanji/chap2/so_ten.pdf  used
 on input line 308.
(luatex.def)             Requested size: 56.8991pt x 56.8991pt.

Overfull \hbox (0.81456pt too wide) in alignment at lines 308--308
[][][]
 []

[22</home/henri/stuff/japanese/kanji/chap2/complete.pdf></home/henri/stuff/japan
ese/kanji/chap2/so_complete.pdf></home/henri/stuff/japanese/kanji/chap2/ten.pdf>
</home/henri/stuff/japanese/kanji/chap2/so_ten.pdf>]
File: /home/henri/stuff/japanese/kanji/chap2/early.pdf Graphic file (type pdf)
<use /home/henri/stuff/japanese/kanji/chap2/early.pdf>
Package luatex.def Info: /home/henri/stuff/japanese/kanji/chap2/early.pdf  used 
on input line 358.
(luatex.def)             Requested size: 56.90388pt x 56.90388pt.
File: /home/henri/stuff/japanese/kanji/chap2/so_early.pdf Graphic file (type pdf
)
<use /home/henri/stuff/japanese/kanji/chap2/so_early.pdf>
Package luatex.def Info: /home/henri/stuff/japanese/kanji/chap2/so_early.pdf  us
ed on input line 358.
(luatex.def)             Requested size: 56.8991pt x 56.8991pt.

Overfull \hbox (0.81456pt too wide) in alignment at lines 358--358
[][][]
 []

File: /home/henri/stuff/japanese/kanji/chap2/upper.pdf Graphic file (type pdf)
<use /home/henri/stuff/japanese/kanji/chap2/upper.pdf>
Package luatex.def Info: /home/henri/stuff/japanese/kanji/chap2/upper.pdf  used 
on input line 401.
(luatex.def)             Requested size: 56.90388pt x 56.90388pt.
File: /home/henri/stuff/japanese/kanji/chap2/so_upper.pdf Graphic file (type pdf
)
<use /home/henri/stuff/japanese/kanji/chap2/so_upper.pdf>
Package luatex.def Info: /home/henri/stuff/japanese/kanji/chap2/so_upper.pdf  us
ed on input line 401.
(luatex.def)             Requested size: 56.8991pt x 56.8991pt.

Overfull \hbox (0.81456pt too wide) in alignment at lines 401--401
[][][]
 []


Overfull \hbox (0.81456pt too wide) in alignment at lines 416--416
[][][]
 []


Overfull \hbox (0.81456pt too wide) in alignment at lines 431--431
[][][]
 []

[23</home/henri/stuff/japanese/kanji/chap2/early.pdf></home/henri/stuff/japanese
/kanji/chap2/so_early.pdf></home/henri/stuff/japanese/kanji/chap2/upper.pdf></ho
me/henri/stuff/japanese/kanji/chap2/so_upper.pdf>]
File: /home/henri/stuff/japanese/kanji/chap2/lower.pdf Graphic file (type pdf)
<use /home/henri/stuff/japanese/kanji/chap2/lower.pdf>
Package luatex.def Info: /home/henri/stuff/japanese/kanji/chap2/lower.pdf  used 
on input line 447.
(luatex.def)             Requested size: 56.90388pt x 56.90388pt.
File: /home/henri/stuff/japanese/kanji/chap2/so_lower.pdf Graphic file (type pdf
)
<use /home/henri/stuff/japanese/kanji/chap2/so_lower.pdf>
Package luatex.def Info: /home/henri/stuff/japanese/kanji/chap2/so_lower.pdf  us
ed on input line 447.
(luatex.def)             Requested size: 56.8991pt x 56.8991pt.

Overfull \hbox (0.81456pt too wide) in alignment at lines 447--447
[][][]
 []


Overfull \hbox (0.81456pt too wide) in alignment at lines 462--462
[][][]
 []

File: /home/henri/stuff/japanese/kanji/chap2/rice.pdf Graphic file (type pdf)
<use /home/henri/stuff/japanese/kanji/chap2/rice.pdf>
Package luatex.def Info: /home/henri/stuff/japanese/kanji/chap2/rice.pdf  used o
n input line 497.
(luatex.def)             Requested size: 56.90388pt x 56.90388pt.
File: /home/henri/stuff/japanese/kanji/chap2/so_rice.pdf Graphic file (type pdf)

<use /home/henri/stuff/japanese/kanji/chap2/so_rice.pdf>
Package luatex.def Info: /home/henri/stuff/japanese/kanji/chap2/so_rice.pdf  use
d on input line 497.
(luatex.def)             Requested size: 56.8991pt x 56.8991pt.

Overfull \hbox (0.81456pt too wide) in alignment at lines 497--497
[][][]
 []


Overfull \hbox (0.81456pt too wide) in alignment at lines 513--513
[][][]
 []


Overfull \vbox (11.66322pt too high) has occurred while \output is active []


[24</home/henri/stuff/japanese/kanji/chap2/lower.pdf></home/henri/stuff/japanese
/kanji/chap2/so_lower.pdf></home/henri/stuff/japanese/kanji/chap2/rice.pdf></hom
e/henri/stuff/japanese/kanji/chap2/so_rice.pdf>]
File: /home/henri/stuff/japanese/kanji/chap2/self.pdf Graphic file (type pdf)
<use /home/henri/stuff/japanese/kanji/chap2/self.pdf>
Package luatex.def Info: /home/henri/stuff/japanese/kanji/chap2/self.pdf  used o
n input line 543.
(luatex.def)             Requested size: 56.90388pt x 56.90388pt.
File: /home/henri/stuff/japanese/kanji/chap2/so_self.pdf Graphic file (type pdf)

<use /home/henri/stuff/japanese/kanji/chap2/so_self.pdf>
Package luatex.def Info: /home/henri/stuff/japanese/kanji/chap2/so_self.pdf  use
d on input line 543.
(luatex.def)             Requested size: 56.8991pt x 56.8991pt.

Overfull \hbox (0.81456pt too wide) in alignment at lines 543--543
[][][]
 []


Overfull \hbox (0.81456pt too wide) in alignment at lines 558--558
[][][]
 []

File: /home/henri/stuff/japanese/kanji/chap2/inside.pdf Graphic file (type pdf)
<use /home/henri/stuff/japanese/kanji/chap2/inside.pdf>
Package luatex.def Info: /home/henri/stuff/japanese/kanji/chap2/inside.pdf  used
 on input line 586.
(luatex.def)             Requested size: 56.90388pt x 56.90388pt.
File: /home/henri/stuff/japanese/kanji/chap2/so_inside.pdf Graphic file (type pd
f)
<use /home/henri/stuff/japanese/kanji/chap2/so_inside.pdf>
Package luatex.def Info: /home/henri/stuff/japanese/kanji/chap2/so_inside.pdf  u
sed on input line 586.
(luatex.def)             Requested size: 56.8991pt x 56.8991pt.

Overfull \hbox (0.81456pt too wide) in alignment at lines 586--586
[][][]
 []

[25</home/henri/stuff/japanese/kanji/chap2/self.pdf></home/henri/stuff/japanese/
kanji/chap2/so_self.pdf></home/henri/stuff/japanese/kanji/chap2/inside.pdf></hom
e/henri/stuff/japanese/kanji/chap2/so_inside.pdf>]
File: /home/henri/stuff/japanese/kanji/chap2/migi.pdf Graphic file (type pdf)
<use /home/henri/stuff/japanese/kanji/chap2/migi.pdf>
Package luatex.def Info: /home/henri/stuff/japanese/kanji/chap2/migi.pdf  used o
n input line 630.
(luatex.def)             Requested size: 56.90388pt x 56.90388pt.
File: /home/henri/stuff/japanese/kanji/chap2/so_migi.pdf Graphic file (type pdf)

<use /home/henri/stuff/japanese/kanji/chap2/so_migi.pdf>
Package luatex.def Info: /home/henri/stuff/japanese/kanji/chap2/so_migi.pdf  use
d on input line 630.
(luatex.def)             Requested size: 56.8991pt x 56.8991pt.

Overfull \hbox (0.81456pt too wide) in alignment at lines 630--630
[][][]
 []

File: /home/henri/stuff/japanese/kanji/chap2/have.pdf Graphic file (type pdf)
<use /home/henri/stuff/japanese/kanji/chap2/have.pdf>
Package luatex.def Info: /home/henri/stuff/japanese/kanji/chap2/have.pdf  used o
n input line 673.
(luatex.def)             Requested size: 56.90388pt x 56.90388pt.
File: /home/henri/stuff/japanese/kanji/chap2/so_have.pdf Graphic file (type pdf)

<use /home/henri/stuff/japanese/kanji/chap2/so_have.pdf>
Package luatex.def Info: /home/henri/stuff/japanese/kanji/chap2/so_have.pdf  use
d on input line 673.
(luatex.def)             Requested size: 56.8991pt x 56.8991pt.

Overfull \hbox (0.81456pt too wide) in alignment at lines 673--673
[][][]
 []

[26</home/henri/stuff/japanese/kanji/chap2/migi.pdf></home/henri/stuff/japanese/
kanji/chap2/so_migi.pdf></home/henri/stuff/japanese/kanji/chap2/have.pdf></home/
henri/stuff/japanese/kanji/chap2/so_have.pdf>]
File: /home/henri/stuff/japanese/kanji/chap2/meat.pdf Graphic file (type pdf)
<use /home/henri/stuff/japanese/kanji/chap2/meat.pdf>
Package luatex.def Info: /home/henri/stuff/japanese/kanji/chap2/meat.pdf  used o
n input line 718.
(luatex.def)             Requested size: 56.90388pt x 56.90388pt.
File: /home/henri/stuff/japanese/kanji/chap2/so_meat.pdf Graphic file (type pdf)

<use /home/henri/stuff/japanese/kanji/chap2/so_meat.pdf>
Package luatex.def Info: /home/henri/stuff/japanese/kanji/chap2/so_meat.pdf  use
d on input line 718.
(luatex.def)             Requested size: 56.8991pt x 56.8991pt.

Overfull \hbox (0.81456pt too wide) in alignment at lines 718--718
[][][]
 []

File: /home/henri/stuff/japanese/kanji/chap2/half.pdf Graphic file (type pdf)
<use /home/henri/stuff/japanese/kanji/chap2/half.pdf>
Package luatex.def Info: /home/henri/stuff/japanese/kanji/chap2/half.pdf  used o
n input line 760.
(luatex.def)             Requested size: 56.90388pt x 56.90388pt.
File: /home/henri/stuff/japanese/kanji/chap2/so_half.pdf Graphic file (type pdf)

<use /home/henri/stuff/japanese/kanji/chap2/so_half.pdf>
Package luatex.def Info: /home/henri/stuff/japanese/kanji/chap2/so_half.pdf  use
d on input line 760.
(luatex.def)             Requested size: 56.8991pt x 56.8991pt.

Overfull \hbox (0.81456pt too wide) in alignment at lines 760--760
[][][]
 []

[27</home/henri/stuff/japanese/kanji/chap2/meat.pdf></home/henri/stuff/japanese/
kanji/chap2/so_meat.pdf></home/henri/stuff/japanese/kanji/chap2/half.pdf></home/
henri/stuff/japanese/kanji/chap2/so_half.pdf>]
File: /home/henri/stuff/japanese/kanji/chap2/nine.pdf Graphic file (type pdf)
<use /home/henri/stuff/japanese/kanji/chap2/nine.pdf>
Package luatex.def Info: /home/henri/stuff/japanese/kanji/chap2/nine.pdf  used o
n input line 804.
(luatex.def)             Requested size: 56.90388pt x 56.90388pt.
File: /home/henri/stuff/japanese/kanji/chap2/so_nine.pdf Graphic file (type pdf)

<use /home/henri/stuff/japanese/kanji/chap2/so_nine.pdf>
Package luatex.def Info: /home/henri/stuff/japanese/kanji/chap2/so_nine.pdf  use
d on input line 804.
(luatex.def)             Requested size: 56.8991pt x 56.8991pt.

Overfull \hbox (0.81456pt too wide) in alignment at lines 804--804
[][][]
 []


Overfull \hbox (0.81456pt too wide) in alignment at lines 820--820
[][][]
 []

File: /home/henri/stuff/japanese/kanji/chap2/spring.pdf Graphic file (type pdf)
<use /home/henri/stuff/japanese/kanji/chap2/spring.pdf>
Package luatex.def Info: /home/henri/stuff/japanese/kanji/chap2/spring.pdf  used
 on input line 848.
(luatex.def)             Requested size: 56.90388pt x 56.90388pt.
File: /home/henri/stuff/japanese/kanji/chap2/so_spring.pdf Graphic file (type pd
f)
<use /home/henri/stuff/japanese/kanji/chap2/so_spring.pdf>
Package luatex.def Info: /home/henri/stuff/japanese/kanji/chap2/so_spring.pdf  u
sed on input line 848.
(luatex.def)             Requested size: 56.8991pt x 56.8991pt.

Overfull \hbox (0.81456pt too wide) in alignment at lines 848--848
[][][]
 []

) [28</home/henri/stuff/japanese/kanji/chap2/nine.pdf></home/henri/stuff/japanes
e/kanji/chap2/so_nine.pdf></home/henri/stuff/japanese/kanji/chap2/spring.pdf></h
ome/henri/stuff/japanese/kanji/chap2/so_spring.pdf>]
第 3 章
(./chap3.tex
File: /home/henri/stuff/japanese/kanji/chap3/capital.pdf Graphic file (type pdf)

<use /home/henri/stuff/japanese/kanji/chap3/capital.pdf>
Package luatex.def Info: /home/henri/stuff/japanese/kanji/chap3/capital.pdf  use
d on input line 3.
(luatex.def)             Requested size: 56.90388pt x 56.90388pt.
File: /home/henri/stuff/japanese/kanji/chap3/so_capital.pdf Graphic file (type p
df)
<use /home/henri/stuff/japanese/kanji/chap3/so_capital.pdf>
Package luatex.def Info: /home/henri/stuff/japanese/kanji/chap3/so_capital.pdf  
used on input line 3.
(luatex.def)             Requested size: 56.8991pt x 56.8991pt.

Overfull \hbox (0.81456pt too wide) in alignment at lines 3--3
[][][]
 []

File: /home/henri/stuff/japanese/kanji/chap3/see.pdf Graphic file (type pdf)
<use /home/henri/stuff/japanese/kanji/chap3/see.pdf>
Package luatex.def Info: /home/henri/stuff/japanese/kanji/chap3/see.pdf  used on
 input line 43.
(luatex.def)             Requested size: 56.90388pt x 56.90388pt.
File: /home/henri/stuff/japanese/kanji/chap3/so_see.pdf Graphic file (type pdf)
<use /home/henri/stuff/japanese/kanji/chap3/so_see.pdf>
Package luatex.def Info: /home/henri/stuff/japanese/kanji/chap3/so_see.pdf  used
 on input line 43.
(luatex.def)             Requested size: 56.8991pt x 56.8991pt.

Overfull \hbox (0.81456pt too wide) in alignment at lines 43--43
[][][]
 []

[29

</home/henri/stuff/japanese/kanji/chap3/capital.pdf></home/henri/stuff/japanese/
kanji/chap3/so_capital.pdf></home/henri/stuff/japanese/kanji/chap3/see.pdf></hom
e/henri/stuff/japanese/kanji/chap3/so_see.pdf>]
File: /home/henri/stuff/japanese/kanji/chap3/stop.pdf Graphic file (type pdf)
<use /home/henri/stuff/japanese/kanji/chap3/stop.pdf>
Package luatex.def Info: /home/henri/stuff/japanese/kanji/chap3/stop.pdf  used o
n input line 88.
(luatex.def)             Requested size: 56.90388pt x 56.90388pt.
File: /home/henri/stuff/japanese/kanji/chap3/so_stop.pdf Graphic file (type pdf)

<use /home/henri/stuff/japanese/kanji/chap3/so_stop.pdf>
Package luatex.def Info: /home/henri/stuff/japanese/kanji/chap3/so_stop.pdf  use
d on input line 88.
(luatex.def)             Requested size: 56.8991pt x 56.8991pt.

Overfull \hbox (0.81456pt too wide) in alignment at lines 88--88
[][][]
 []

File: /home/henri/stuff/japanese/kanji/chap3/seven.pdf Graphic file (type pdf)
<use /home/henri/stuff/japanese/kanji/chap3/seven.pdf>
Package luatex.def Info: /home/henri/stuff/japanese/kanji/chap3/seven.pdf  used 
on input line 129.
(luatex.def)             Requested size: 56.90388pt x 56.90388pt.
File: /home/henri/stuff/japanese/kanji/chap3/so_seven.pdf Graphic file (type pdf
)
<use /home/henri/stuff/japanese/kanji/chap3/so_seven.pdf>
Package luatex.def Info: /home/henri/stuff/japanese/kanji/chap3/so_seven.pdf  us
ed on input line 129.
(luatex.def)             Requested size: 56.8991pt x 56.8991pt.

Overfull \hbox (0.81456pt too wide) in alignment at lines 129--129
[][][]
 []

[30</home/henri/stuff/japanese/kanji/chap3/stop.pdf></home/henri/stuff/japanese/
kanji/chap3/so_stop.pdf></home/henri/stuff/japanese/kanji/chap3/seven.pdf></home
/henri/stuff/japanese/kanji/chap3/so_seven.pdf>]
File: /home/henri/stuff/japanese/kanji/chap3/few.pdf Graphic file (type pdf)
<use /home/henri/stuff/japanese/kanji/chap3/few.pdf>
Package luatex.def Info: /home/henri/stuff/japanese/kanji/chap3/few.pdf  used on
 input line 174.
(luatex.def)             Requested size: 56.90388pt x 56.90388pt.
File: /home/henri/stuff/japanese/kanji/chap3/so_few.pdf Graphic file (type pdf)
<use /home/henri/stuff/japanese/kanji/chap3/so_few.pdf>
Package luatex.def Info: /home/henri/stuff/japanese/kanji/chap3/so_few.pdf  used
 on input line 174.
(luatex.def)             Requested size: 56.8991pt x 56.8991pt.

Overfull \hbox (0.81456pt too wide) in alignment at lines 174--174
[][][]
 []


Overfull \hbox (0.81456pt too wide) in alignment at lines 190--190
[][][]
 []

File: /home/henri/stuff/japanese/kanji/chap3/south.pdf Graphic file (type pdf)
<use /home/henri/stuff/japanese/kanji/chap3/south.pdf>
Package luatex.def Info: /home/henri/stuff/japanese/kanji/chap3/south.pdf  used 
on input line 218.
(luatex.def)             Requested size: 56.90388pt x 56.90388pt.
File: /home/henri/stuff/japanese/kanji/chap3/so_south.pdf Graphic file (type pdf
)
<use /home/henri/stuff/japanese/kanji/chap3/so_south.pdf>
Package luatex.def Info: /home/henri/stuff/japanese/kanji/chap3/so_south.pdf  us
ed on input line 218.
(luatex.def)             Requested size: 56.8991pt x 56.8991pt.

Overfull \hbox (0.81456pt too wide) in alignment at lines 218--218
[][][]
 []

[31</home/henri/stuff/japanese/kanji/chap3/few.pdf></home/henri/stuff/japanese/k
anji/chap3/so_few.pdf></home/henri/stuff/japanese/kanji/chap3/south.pdf></home/h
enri/stuff/japanese/kanji/chap3/so_south.pdf>]
File: /home/henri/stuff/japanese/kanji/chap3/craft.pdf Graphic file (type pdf)
<use /home/henri/stuff/japanese/kanji/chap3/craft.pdf>
Package luatex.def Info: /home/henri/stuff/japanese/kanji/chap3/craft.pdf  used 
on input line 264.
(luatex.def)             Requested size: 56.90388pt x 56.90388pt.
File: /home/henri/stuff/japanese/kanji/chap3/so_craft.pdf Graphic file (type pdf
)
<use /home/henri/stuff/japanese/kanji/chap3/so_craft.pdf>
Package luatex.def Info: /home/henri/stuff/japanese/kanji/chap3/so_craft.pdf  us
ed on input line 264.
(luatex.def)             Requested size: 56.8991pt x 56.8991pt.

Overfull \hbox (0.81456pt too wide) in alignment at lines 264--264
[][][]
 []

File: /home/henri/stuff/japanese/kanji/chap3/hidari.pdf Graphic file (type pdf)
<use /home/henri/stuff/japanese/kanji/chap3/hidari.pdf>
Package luatex.def Info: /home/henri/stuff/japanese/kanji/chap3/hidari.pdf  used
 on input line 305.
(luatex.def)             Requested size: 56.90388pt x 56.90388pt.
File: /home/henri/stuff/japanese/kanji/chap3/so_hidari.pdf Graphic file (type pd
f)
<use /home/henri/stuff/japanese/kanji/chap3/so_hidari.pdf>
Package luatex.def Info: /home/henri/stuff/japanese/kanji/chap3/so_hidari.pdf  u
sed on input line 305.
(luatex.def)             Requested size: 56.8991pt x 56.8991pt.

Overfull \hbox (0.81456pt too wide) in alignment at lines 305--305
[][][]
 []

[32</home/henri/stuff/japanese/kanji/chap3/craft.pdf></home/henri/stuff/japanese
/kanji/chap3/so_craft.pdf></home/henri/stuff/japanese/kanji/chap3/hidari.pdf></h
ome/henri/stuff/japanese/kanji/chap3/so_hidari.pdf>]
File: /home/henri/stuff/japanese/kanji/chap3/tall.pdf Graphic file (type pdf)
<use /home/henri/stuff/japanese/kanji/chap3/tall.pdf>
Package luatex.def Info: /home/henri/stuff/japanese/kanji/chap3/tall.pdf  used o
n input line 349.
(luatex.def)             Requested size: 56.90388pt x 56.90388pt.
File: /home/henri/stuff/japanese/kanji/chap3/so_tall.pdf Graphic file (type pdf)

<use /home/henri/stuff/japanese/kanji/chap3/so_tall.pdf>
Package luatex.def Info: /home/henri/stuff/japanese/kanji/chap3/so_tall.pdf  use
d on input line 349.
(luatex.def)             Requested size: 56.8991pt x 56.8991pt.

Overfull \hbox (0.81456pt too wide) in alignment at lines 349--349
[][][]
 []

File: /home/henri/stuff/japanese/kanji/chap3/buy.pdf Graphic file (type pdf)
<use /home/henri/stuff/japanese/kanji/chap3/buy.pdf>
Package luatex.def Info: /home/henri/stuff/japanese/kanji/chap3/buy.pdf  used on
 input line 391.
(luatex.def)             Requested size: 56.90388pt x 56.90388pt.
File: /home/henri/stuff/japanese/kanji/chap3/so_buy.pdf Graphic file (type pdf)
<use /home/henri/stuff/japanese/kanji/chap3/so_buy.pdf>
Package luatex.def Info: /home/henri/stuff/japanese/kanji/chap3/so_buy.pdf  used
 on input line 391.
(luatex.def)             Requested size: 56.8991pt x 56.8991pt.

Overfull \hbox (0.81456pt too wide) in alignment at lines 391--391
[][][]
 []


Overfull \hbox (0.81456pt too wide) in alignment at lines 420--420
[][][]
 []

[33</home/henri/stuff/japanese/kanji/chap3/tall.pdf></home/henri/stuff/japanese/
kanji/chap3/so_tall.pdf></home/henri/stuff/japanese/kanji/chap3/buy.pdf></home/h
enri/stuff/japanese/kanji/chap3/so_buy.pdf>]
File: /home/henri/stuff/japanese/kanji/chap3/hundred.pdf Graphic file (type pdf)

<use /home/henri/stuff/japanese/kanji/chap3/hundred.pdf>
Package luatex.def Info: /home/henri/stuff/japanese/kanji/chap3/hundred.pdf  use
d on input line 437.
(luatex.def)             Requested size: 56.90388pt x 56.90388pt.
File: /home/henri/stuff/japanese/kanji/chap3/so_hundred.pdf Graphic file (type p
df)
<use /home/henri/stuff/japanese/kanji/chap3/so_hundred.pdf>
Package luatex.def Info: /home/henri/stuff/japanese/kanji/chap3/so_hundred.pdf  
used on input line 437.
(luatex.def)             Requested size: 56.8991pt x 56.8991pt.

Overfull \hbox (0.81456pt too wide) in alignment at lines 437--437
[][][]
 []

File: /home/henri/stuff/japanese/kanji/chap3/circle.pdf Graphic file (type pdf)
<use /home/henri/stuff/japanese/kanji/chap3/circle.pdf>
Package luatex.def Info: /home/henri/stuff/japanese/kanji/chap3/circle.pdf  used
 on input line 483.
(luatex.def)             Requested size: 56.90388pt x 56.90388pt.
File: /home/henri/stuff/japanese/kanji/chap3/so_circle.pdf Graphic file (type pd
f)
<use /home/henri/stuff/japanese/kanji/chap3/so_circle.pdf>
Package luatex.def Info: /home/henri/stuff/japanese/kanji/chap3/so_circle.pdf  u
sed on input line 483.
(luatex.def)             Requested size: 56.8991pt x 56.8991pt.

Overfull \hbox (0.81456pt too wide) in alignment at lines 483--483
[][][]
 []

[34
Missing character: There is no ⎄ (U+2384) in font IPAExMincho:jfm=min!
</home/henri/stuff/japanese/kanji/chap3/hundred.pdf></home/henri/stuff/japanese/
kanji/chap3/so_hundred.pdf></home/henri/stuff/japanese/kanji/chap3/circle.pdf></
home/henri/stuff/japanese/kanji/chap3/so_circle.pdf>]
File: /home/henri/stuff/japanese/kanji/chap3/basis.pdf Graphic file (type pdf)
<use /home/henri/stuff/japanese/kanji/chap3/basis.pdf>
Package luatex.def Info: /home/henri/stuff/japanese/kanji/chap3/basis.pdf  used 
on input line 528.
(luatex.def)             Requested size: 56.90388pt x 56.90388pt.
File: /home/henri/stuff/japanese/kanji/chap3/so_basis.pdf Graphic file (type pdf
)
<use /home/henri/stuff/japanese/kanji/chap3/so_basis.pdf>
Package luatex.def Info: /home/henri/stuff/japanese/kanji/chap3/so_basis.pdf  us
ed on input line 528.
(luatex.def)             Requested size: 56.8991pt x 56.8991pt.

Overfull \hbox (0.81456pt too wide) in alignment at lines 528--528
[][][]
 []


Overfull \hbox (0.81456pt too wide) in alignment at lines 543--543
[][][]
 []

File: /home/henri/stuff/japanese/kanji/chap3/neck.pdf Graphic file (type pdf)
<use /home/henri/stuff/japanese/kanji/chap3/neck.pdf>
Package luatex.def Info: /home/henri/stuff/japanese/kanji/chap3/neck.pdf  used o
n input line 573.
(luatex.def)             Requested size: 56.90388pt x 56.90388pt.
File: /home/henri/stuff/japanese/kanji/chap3/so_neck.pdf Graphic file (type pdf)

<use /home/henri/stuff/japanese/kanji/chap3/so_neck.pdf>
Package luatex.def Info: /home/henri/stuff/japanese/kanji/chap3/so_neck.pdf  use
d on input line 573.
(luatex.def)             Requested size: 56.8991pt x 56.8991pt.

Overfull \hbox (0.81456pt too wide) in alignment at lines 573--573
[][][]
 []

[35</home/henri/stuff/japanese/kanji/chap3/basis.pdf></home/henri/stuff/japanese
/kanji/chap3/so_basis.pdf></home/henri/stuff/japanese/kanji/chap3/neck.pdf></hom
e/henri/stuff/japanese/kanji/chap3/so_neck.pdf>]
File: /home/henri/stuff/japanese/kanji/chap3/walk.pdf Graphic file (type pdf)
<use /home/henri/stuff/japanese/kanji/chap3/walk.pdf>
Package luatex.def Info: /home/henri/stuff/japanese/kanji/chap3/walk.pdf  used o
n input line 616.
(luatex.def)             Requested size: 56.90388pt x 56.90388pt.
File: /home/henri/stuff/japanese/kanji/chap3/so_walk.pdf Graphic file (type pdf)

<use /home/henri/stuff/japanese/kanji/chap3/so_walk.pdf>
Package luatex.def Info: /home/henri/stuff/japanese/kanji/chap3/so_walk.pdf  use
d on input line 616.
(luatex.def)             Requested size: 56.8991pt x 56.8991pt.

Overfull \hbox (0.81456pt too wide) in alignment at lines 616--616
[][][]
 []

File: /home/henri/stuff/japanese/kanji/chap3/child.pdf Graphic file (type pdf)
<use /home/henri/stuff/japanese/kanji/chap3/child.pdf>
Package luatex.def Info: /home/henri/stuff/japanese/kanji/chap3/child.pdf  used 
on input line 659.
(luatex.def)             Requested size: 56.90388pt x 56.90388pt.
File: /home/henri/stuff/japanese/kanji/chap3/so_child.pdf Graphic file (type pdf
)
<use /home/henri/stuff/japanese/kanji/chap3/so_child.pdf>
Package luatex.def Info: /home/henri/stuff/japanese/kanji/chap3/so_child.pdf  us
ed on input line 659.
(luatex.def)             Requested size: 56.8991pt x 56.8991pt.

Overfull \hbox (0.81456pt too wide) in alignment at lines 659--659
[][][]
 []


Overfull \hbox (0.81456pt too wide) in alignment at lines 675--675
[][][]
 []

[36</home/henri/stuff/japanese/kanji/chap3/walk.pdf></home/henri/stuff/japanese/
kanji/chap3/so_walk.pdf></home/henri/stuff/japanese/kanji/chap3/child.pdf></home
/henri/stuff/japanese/kanji/chap3/so_child.pdf>]
File: /home/henri/stuff/japanese/kanji/chap3/like.pdf Graphic file (type pdf)
<use /home/henri/stuff/japanese/kanji/chap3/like.pdf>
Package luatex.def Info: /home/henri/stuff/japanese/kanji/chap3/like.pdf  used o
n input line 707.
(luatex.def)             Requested size: 56.90388pt x 56.90388pt.
File: /home/henri/stuff/japanese/kanji/chap3/so_like.pdf Graphic file (type pdf)

<use /home/henri/stuff/japanese/kanji/chap3/so_like.pdf>
Package luatex.def Info: /home/henri/stuff/japanese/kanji/chap3/so_like.pdf  use
d on input line 707.
(luatex.def)             Requested size: 56.8991pt x 56.8991pt.

Overfull \hbox (0.81456pt too wide) in alignment at lines 707--707
[][][]
 []

File: /home/henri/stuff/japanese/kanji/chap3/old.pdf Graphic file (type pdf)
<use /home/henri/stuff/japanese/kanji/chap3/old.pdf>
Package luatex.def Info: /home/henri/stuff/japanese/kanji/chap3/old.pdf  used on
 input line 749.
(luatex.def)             Requested size: 56.90388pt x 56.90388pt.
File: /home/henri/stuff/japanese/kanji/chap3/so_old.pdf Graphic file (type pdf)
<use /home/henri/stuff/japanese/kanji/chap3/so_old.pdf>
Package luatex.def Info: /home/henri/stuff/japanese/kanji/chap3/so_old.pdf  used
 on input line 749.
(luatex.def)             Requested size: 56.8991pt x 56.8991pt.

Overfull \hbox (0.81456pt too wide) in alignment at lines 749--749
[][][]
 []

[37</home/henri/stuff/japanese/kanji/chap3/like.pdf></home/henri/stuff/japanese/
kanji/chap3/so_like.pdf></home/henri/stuff/japanese/kanji/chap3/old.pdf></home/h
enri/stuff/japanese/kanji/chap3/so_old.pdf>]
File: /home/henri/stuff/japanese/kanji/chap3/fire.pdf Graphic file (type pdf)
<use /home/henri/stuff/japanese/kanji/chap3/fire.pdf>
Package luatex.def Info: /home/henri/stuff/japanese/kanji/chap3/fire.pdf  used o
n input line 794.
(luatex.def)             Requested size: 56.90388pt x 56.90388pt.
File: /home/henri/stuff/japanese/kanji/chap3/so_fire.pdf Graphic file (type pdf)

<use /home/henri/stuff/japanese/kanji/chap3/so_fire.pdf>
Package luatex.def Info: /home/henri/stuff/japanese/kanji/chap3/so_fire.pdf  use
d on input line 794.
(luatex.def)             Requested size: 56.8991pt x 56.8991pt.

Overfull \hbox (0.81456pt too wide) in alignment at lines 794--794
[][][]
 []

File: /home/henri/stuff/japanese/kanji/chap3/winter.pdf Graphic file (type pdf)
<use /home/henri/stuff/japanese/kanji/chap3/winter.pdf>
Package luatex.def Info: /home/henri/stuff/japanese/kanji/chap3/winter.pdf  used
 on input line 838.
(luatex.def)             Requested size: 56.90388pt x 56.90388pt.
File: /home/henri/stuff/japanese/kanji/chap3/so_winter.pdf Graphic file (type pd
f)
<use /home/henri/stuff/japanese/kanji/chap3/so_winter.pdf>
Package luatex.def Info: /home/henri/stuff/japanese/kanji/chap3/so_winter.pdf  u
sed on input line 838.
(luatex.def)             Requested size: 56.8991pt x 56.8991pt.

Overfull \hbox (0.81456pt too wide) in alignment at lines 838--838
[][][]
 []

) [38</home/henri/stuff/japanese/kanji/chap3/fire.pdf></home/henri/stuff/japanes
e/kanji/chap3/so_fire.pdf></home/henri/stuff/japanese/kanji/chap3/winter.pdf></h
ome/henri/stuff/japanese/kanji/chap3/so_winter.pdf>]
第 4 章
(./chap4.tex
File: /home/henri/stuff/japanese/kanji/chap4/water.pdf Graphic file (type pdf)
<use /home/henri/stuff/japanese/kanji/chap4/water.pdf>
Package luatex.def Info: /home/henri/stuff/japanese/kanji/chap4/water.pdf  used 
on input line 4.
(luatex.def)             Requested size: 56.90388pt x 56.90388pt.
File: /home/henri/stuff/japanese/kanji/chap4/so_water.pdf Graphic file (type pdf
)
<use /home/henri/stuff/japanese/kanji/chap4/so_water.pdf>
Package luatex.def Info: /home/henri/stuff/japanese/kanji/chap4/so_water.pdf  us
ed on input line 4.
(luatex.def)             Requested size: 56.8991pt x 56.8991pt.

Overfull \hbox (0.81456pt too wide) in alignment at lines 4--4
[][][]
 []

File: /home/henri/stuff/japanese/kanji/chap4/ease.pdf Graphic file (type pdf)
<use /home/henri/stuff/japanese/kanji/chap4/ease.pdf>
Package luatex.def Info: /home/henri/stuff/japanese/kanji/chap4/ease.pdf  used o
n input line 48.
(luatex.def)             Requested size: 56.90388pt x 56.90388pt.
File: /home/henri/stuff/japanese/kanji/chap4/so_ease.pdf Graphic file (type pdf)

<use /home/henri/stuff/japanese/kanji/chap4/so_ease.pdf>
Package luatex.def Info: /home/henri/stuff/japanese/kanji/chap4/so_ease.pdf  use
d on input line 48.
(luatex.def)             Requested size: 56.8991pt x 56.8991pt.

Overfull \hbox (0.81456pt too wide) in alignment at lines 48--48
[][][]
 []


Overfull \vbox (2.05739pt too high) has occurred while \output is active []


[39

</home/henri/stuff/japanese/kanji/chap4/water.pdf></home/henri/stuff/japanese/ka
nji/chap4/so_water.pdf></home/henri/stuff/japanese/kanji/chap4/ease.pdf></home/h
enri/stuff/japanese/kanji/chap4/so_ease.pdf>]
File: /home/henri/stuff/japanese/kanji/chap4/strength.pdf Graphic file (type pdf
)
<use /home/henri/stuff/japanese/kanji/chap4/strength.pdf>
Package luatex.def Info: /home/henri/stuff/japanese/kanji/chap4/strength.pdf  us
ed on input line 91.
(luatex.def)             Requested size: 56.90388pt x 56.90388pt.
File: /home/henri/stuff/japanese/kanji/chap4/so_strength.pdf Graphic file (type 
pdf)
<use /home/henri/stuff/japanese/kanji/chap4/so_strength.pdf>
Package luatex.def Info: /home/henri/stuff/japanese/kanji/chap4/so_strength.pdf 
 used on input line 91.
(luatex.def)             Requested size: 56.8991pt x 56.8991pt.

Overfull \hbox (0.81456pt too wide) in alignment at lines 91--91
[][][]
 []


Overfull \hbox (0.81456pt too wide) in alignment at lines 106--106
[][][]
 []

File: /home/henri/stuff/japanese/kanji/chap4/summer.pdf Graphic file (type pdf)
<use /home/henri/stuff/japanese/kanji/chap4/summer.pdf>
Package luatex.def Info: /home/henri/stuff/japanese/kanji/chap4/summer.pdf  used
 on input line 135.
(luatex.def)             Requested size: 56.90388pt x 56.90388pt.
File: /home/henri/stuff/japanese/kanji/chap4/so_summer.pdf Graphic file (type pd
f)
<use /home/henri/stuff/japanese/kanji/chap4/so_summer.pdf>
Package luatex.def Info: /home/henri/stuff/japanese/kanji/chap4/so_summer.pdf  u
sed on input line 135.
(luatex.def)             Requested size: 56.8991pt x 56.8991pt.

Overfull \hbox (0.81456pt too wide) in alignment at lines 135--135
[][][]
 []

[40</home/henri/stuff/japanese/kanji/chap4/strength.pdf></home/henri/stuff/japan
ese/kanji/chap4/so_strength.pdf></home/henri/stuff/japanese/kanji/chap4/summer.p
df></home/henri/stuff/japanese/kanji/chap4/so_summer.pdf>]
File: /home/henri/stuff/japanese/kanji/chap4/thousand.pdf Graphic file (type pdf
)
<use /home/henri/stuff/japanese/kanji/chap4/thousand.pdf>
Package luatex.def Info: /home/henri/stuff/japanese/kanji/chap4/thousand.pdf  us
ed on input line 179.
(luatex.def)             Requested size: 56.90388pt x 56.90388pt.
File: /home/henri/stuff/japanese/kanji/chap4/so_thousand.pdf Graphic file (type 
pdf)
<use /home/henri/stuff/japanese/kanji/chap4/so_thousand.pdf>
Package luatex.def Info: /home/henri/stuff/japanese/kanji/chap4/so_thousand.pdf 
 used on input line 179.
(luatex.def)             Requested size: 56.8991pt x 56.8991pt.

Overfull \hbox (0.81456pt too wide) in alignment at lines 179--179
[][][]
 []

File: /home/henri/stuff/japanese/kanji/chap4/rest.pdf Graphic file (type pdf)
<use /home/henri/stuff/japanese/kanji/chap4/rest.pdf>
Package luatex.def Info: /home/henri/stuff/japanese/kanji/chap4/rest.pdf  used o
n input line 224.
(luatex.def)             Requested size: 56.90388pt x 56.90388pt.
File: /home/henri/stuff/japanese/kanji/chap4/so_rest.pdf Graphic file (type pdf)

<use /home/henri/stuff/japanese/kanji/chap4/so_rest.pdf>
Package luatex.def Info: /home/henri/stuff/japanese/kanji/chap4/so_rest.pdf  use
d on input line 224.
(luatex.def)             Requested size: 56.8991pt x 56.8991pt.

Overfull \hbox (0.81456pt too wide) in alignment at lines 224--224
[][][]
 []

[41</home/henri/stuff/japanese/kanji/chap4/thousand.pdf></home/henri/stuff/japan
ese/kanji/chap4/so_thousand.pdf></home/henri/stuff/japanese/kanji/chap4/rest.pdf
></home/henri/stuff/japanese/kanji/chap4/so_rest.pdf>]
File: /home/henri/stuff/japanese/kanji/chap4/te.pdf Graphic file (type pdf)
<use /home/henri/stuff/japanese/kanji/chap4/te.pdf>
Package luatex.def Info: /home/henri/stuff/japanese/kanji/chap4/te.pdf  used on 
input line 267.
(luatex.def)             Requested size: 56.90388pt x 56.90388pt.
File: /home/henri/stuff/japanese/kanji/chap4/so_te.pdf Graphic file (type pdf)
<use /home/henri/stuff/japanese/kanji/chap4/so_te.pdf>
Package luatex.def Info: /home/henri/stuff/japanese/kanji/chap4/so_te.pdf  used 
on input line 267.
(luatex.def)             Requested size: 56.8991pt x 56.8991pt.

Overfull \hbox (0.81456pt too wide) in alignment at lines 267--267
[][][]
 []

File: /home/henri/stuff/japanese/kanji/chap4/main.pdf Graphic file (type pdf)
<use /home/henri/stuff/japanese/kanji/chap4/main.pdf>
Package luatex.def Info: /home/henri/stuff/japanese/kanji/chap4/main.pdf  used o
n input line 318.
(luatex.def)             Requested size: 56.90388pt x 56.90388pt.
File: /home/henri/stuff/japanese/kanji/chap4/so_main.pdf Graphic file (type pdf)

<use /home/henri/stuff/japanese/kanji/chap4/so_main.pdf>
Package luatex.def Info: /home/henri/stuff/japanese/kanji/chap4/so_main.pdf  use
d on input line 318.
(luatex.def)             Requested size: 56.8991pt x 56.8991pt.

Overfull \hbox (0.81456pt too wide) in alignment at lines 318--318
[][][]
 []


Overfull \hbox (0.81456pt too wide) in alignment at lines 333--333
[][][]
 []

[42</home/henri/stuff/japanese/kanji/chap4/te.pdf></home/henri/stuff/japanese/ka
nji/chap4/so_te.pdf></home/henri/stuff/japanese/kanji/chap4/main.pdf></home/henr
i/stuff/japanese/kanji/chap4/so_main.pdf>]
File: /home/henri/stuff/japanese/kanji/chap4/change.pdf Graphic file (type pdf)
<use /home/henri/stuff/japanese/kanji/chap4/change.pdf>
Package luatex.def Info: /home/henri/stuff/japanese/kanji/chap4/change.pdf  used
 on input line 364.
(luatex.def)             Requested size: 56.90388pt x 56.90388pt.
File: /home/henri/stuff/japanese/kanji/chap4/so_change.pdf Graphic file (type pd
f)
<use /home/henri/stuff/japanese/kanji/chap4/so_change.pdf>
Package luatex.def Info: /home/henri/stuff/japanese/kanji/chap4/so_change.pdf  u
sed on input line 364.
(luatex.def)             Requested size: 56.8991pt x 56.8991pt.

Overfull \hbox (0.81456pt too wide) in alignment at lines 364--364
[][][]
 []

File: /home/henri/stuff/japanese/kanji/chap4/river.pdf Graphic file (type pdf)
<use /home/henri/stuff/japanese/kanji/chap4/river.pdf>
Package luatex.def Info: /home/henri/stuff/japanese/kanji/chap4/river.pdf  used 
on input line 406.
(luatex.def)             Requested size: 56.90388pt x 56.90388pt.
File: /home/henri/stuff/japanese/kanji/chap4/so_river.pdf Graphic file (type pdf
)
<use /home/henri/stuff/japanese/kanji/chap4/so_river.pdf>
Package luatex.def Info: /home/henri/stuff/japanese/kanji/chap4/so_river.pdf  us
ed on input line 406.
(luatex.def)             Requested size: 56.8991pt x 56.8991pt.

Overfull \hbox (0.81456pt too wide) in alignment at lines 406--406
[][][]
 []


Overfull \hbox (0.81456pt too wide) in alignment at lines 421--421
[][][]
 []

[43</home/henri/stuff/japanese/kanji/chap4/change.pdf></home/henri/stuff/japanes
e/kanji/chap4/so_change.pdf></home/henri/stuff/japanese/kanji/chap4/river.pdf></
home/henri/stuff/japanese/kanji/chap4/so_river.pdf>]
File: /home/henri/stuff/japanese/kanji/chap4/body.pdf Graphic file (type pdf)
<use /home/henri/stuff/japanese/kanji/chap4/body.pdf>
Package luatex.def Info: /home/henri/stuff/japanese/kanji/chap4/body.pdf  used o
n input line 451.
(luatex.def)             Requested size: 56.90388pt x 56.90388pt.
File: /home/henri/stuff/japanese/kanji/chap4/so_body.pdf Graphic file (type pdf)

<use /home/henri/stuff/japanese/kanji/chap4/so_body.pdf>
Package luatex.def Info: /home/henri/stuff/japanese/kanji/chap4/so_body.pdf  use
d on input line 451.
(luatex.def)             Requested size: 56.8991pt x 56.8991pt.

Overfull \hbox (0.81456pt too wide) in alignment at lines 451--451
[][][]
 []

File: /home/henri/stuff/japanese/kanji/chap4/north.pdf Graphic file (type pdf)
<use /home/henri/stuff/japanese/kanji/chap4/north.pdf>
Package luatex.def Info: /home/henri/stuff/japanese/kanji/chap4/north.pdf  used 
on input line 494.
(luatex.def)             Requested size: 56.90388pt x 56.90388pt.
File: /home/henri/stuff/japanese/kanji/chap4/so_north.pdf Graphic file (type pdf
)
<use /home/henri/stuff/japanese/kanji/chap4/so_north.pdf>
Package luatex.def Info: /home/henri/stuff/japanese/kanji/chap4/so_north.pdf  us
ed on input line 494.
(luatex.def)             Requested size: 56.8991pt x 56.8991pt.

Overfull \hbox (0.81456pt too wide) in alignment at lines 494--494
[][][]
 []

[44</home/henri/stuff/japanese/kanji/chap4/body.pdf></home/henri/stuff/japanese/
kanji/chap4/so_body.pdf></home/henri/stuff/japanese/kanji/chap4/north.pdf></home
/henri/stuff/japanese/kanji/chap4/so_north.pdf>]
File: /home/henri/stuff/japanese/kanji/chap4/rice_field.pdf Graphic file (type p
df)
<use /home/henri/stuff/japanese/kanji/chap4/rice_field.pdf>
Package luatex.def Info: /home/henri/stuff/japanese/kanji/chap4/rice_field.pdf  
used on input line 538.
(luatex.def)             Requested size: 56.90388pt x 56.90388pt.
File: /home/henri/stuff/japanese/kanji/chap4/so_rice_field.pdf Graphic file (typ
e pdf)
<use /home/henri/stuff/japanese/kanji/chap4/so_rice_field.pdf>
Package luatex.def Info: /home/henri/stuff/japanese/kanji/chap4/so_rice_field.pd
f  used on input line 538.
(luatex.def)             Requested size: 56.8991pt x 56.8991pt.

Overfull \hbox (0.81456pt too wide) in alignment at lines 538--538
[][][]
 []


Overfull \hbox (0.81456pt too wide) in alignment at lines 553--553
[][][]
 []

File: /home/henri/stuff/japanese/kanji/chap4/man.pdf Graphic file (type pdf)
<use /home/henri/stuff/japanese/kanji/chap4/man.pdf>
Package luatex.def Info: /home/henri/stuff/japanese/kanji/chap4/man.pdf  used on
 input line 584.
(luatex.def)             Requested size: 56.90388pt x 56.90388pt.
File: /home/henri/stuff/japanese/kanji/chap4/so_man.pdf Graphic file (type pdf)
<use /home/henri/stuff/japanese/kanji/chap4/so_man.pdf>
Package luatex.def Info: /home/henri/stuff/japanese/kanji/chap4/so_man.pdf  used
 on input line 584.
(luatex.def)             Requested size: 56.8991pt x 56.8991pt.

Overfull \hbox (0.81456pt too wide) in alignment at lines 584--584
[][][]
 []

[45</home/henri/stuff/japanese/kanji/chap4/rice_field.pdf></home/henri/stuff/jap
anese/kanji/chap4/so_rice_field.pdf></home/henri/stuff/japanese/kanji/chap4/man.
pdf></home/henri/stuff/japanese/kanji/chap4/so_man.pdf>]
File: /home/henri/stuff/japanese/kanji/chap4/house.pdf Graphic file (type pdf)
<use /home/henri/stuff/japanese/kanji/chap4/house.pdf>
Package luatex.def Info: /home/henri/stuff/japanese/kanji/chap4/house.pdf  used 
on input line 628.
(luatex.def)             Requested size: 56.90388pt x 56.90388pt.
File: /home/henri/stuff/japanese/kanji/chap4/so_house.pdf Graphic file (type pdf
)
<use /home/henri/stuff/japanese/kanji/chap4/so_house.pdf>
Package luatex.def Info: /home/henri/stuff/japanese/kanji/chap4/so_house.pdf  us
ed on input line 628.
(luatex.def)             Requested size: 56.8991pt x 56.8991pt.

Overfull \hbox (0.81456pt too wide) in alignment at lines 628--628
[][][]
 []

File: /home/henri/stuff/japanese/kanji/chap4/east.pdf Graphic file (type pdf)
<use /home/henri/stuff/japanese/kanji/chap4/east.pdf>
Package luatex.def Info: /home/henri/stuff/japanese/kanji/chap4/east.pdf  used o
n input line 670.
(luatex.def)             Requested size: 56.90388pt x 56.90388pt.
File: /home/henri/stuff/japanese/kanji/chap4/so_east.pdf Graphic file (type pdf)

<use /home/henri/stuff/japanese/kanji/chap4/so_east.pdf>
Package luatex.def Info: /home/henri/stuff/japanese/kanji/chap4/so_east.pdf  use
d on input line 670.
(luatex.def)             Requested size: 56.8991pt x 56.8991pt.

Overfull \hbox (0.81456pt too wide) in alignment at lines 670--670
[][][]
 []

[46</home/henri/stuff/japanese/kanji/chap4/house.pdf></home/henri/stuff/japanese
/kanji/chap4/so_house.pdf></home/henri/stuff/japanese/kanji/chap4/east.pdf></hom
e/henri/stuff/japanese/kanji/chap4/so_east.pdf>]
File: /home/henri/stuff/japanese/kanji/chap4/think.pdf Graphic file (type pdf)
<use /home/henri/stuff/japanese/kanji/chap4/think.pdf>
Package luatex.def Info: /home/henri/stuff/japanese/kanji/chap4/think.pdf  used 
on input line 714.
(luatex.def)             Requested size: 56.90388pt x 56.90388pt.
File: /home/henri/stuff/japanese/kanji/chap4/so_think.pdf Graphic file (type pdf
)
<use /home/henri/stuff/japanese/kanji/chap4/so_think.pdf>
Package luatex.def Info: /home/henri/stuff/japanese/kanji/chap4/so_think.pdf  us
ed on input line 714.
(luatex.def)             Requested size: 56.8991pt x 56.8991pt.

Overfull \hbox (0.81456pt too wide) in alignment at lines 714--714
[][][]
 []

File: /home/henri/stuff/japanese/kanji/chap4/ear.pdf Graphic file (type pdf)
<use /home/henri/stuff/japanese/kanji/chap4/ear.pdf>
Package luatex.def Info: /home/henri/stuff/japanese/kanji/chap4/ear.pdf  used on
 input line 755.
(luatex.def)             Requested size: 56.90388pt x 56.90388pt.
File: /home/henri/stuff/japanese/kanji/chap4/so_ear.pdf Graphic file (type pdf)
<use /home/henri/stuff/japanese/kanji/chap4/so_ear.pdf>
Package luatex.def Info: /home/henri/stuff/japanese/kanji/chap4/so_ear.pdf  used
 on input line 755.
(luatex.def)             Requested size: 56.8991pt x 56.8991pt.

Overfull \hbox (0.81456pt too wide) in alignment at lines 755--755
[][][]
 []

[47</home/henri/stuff/japanese/kanji/chap4/think.pdf></home/henri/stuff/japanese
/kanji/chap4/so_think.pdf></home/henri/stuff/japanese/kanji/chap4/ear.pdf></home
/henri/stuff/japanese/kanji/chap4/so_ear.pdf>]
File: /home/henri/stuff/japanese/kanji/chap4/father.pdf Graphic file (type pdf)
<use /home/henri/stuff/japanese/kanji/chap4/father.pdf>
Package luatex.def Info: /home/henri/stuff/japanese/kanji/chap4/father.pdf  used
 on input line 796.
(luatex.def)             Requested size: 56.90388pt x 56.90388pt.
File: /home/henri/stuff/japanese/kanji/chap4/so_father.pdf Graphic file (type pd
f)
<use /home/henri/stuff/japanese/kanji/chap4/so_father.pdf>
Package luatex.def Info: /home/henri/stuff/japanese/kanji/chap4/so_father.pdf  u
sed on input line 796.
(luatex.def)             Requested size: 56.8991pt x 56.8991pt.

Overfull \hbox (0.81456pt too wide) in alignment at lines 796--796
[][][]
 []


Overfull \hbox (0.81456pt too wide) in alignment at lines 822--822
[][][]
 []

File: /home/henri/stuff/japanese/kanji/chap4/say.pdf Graphic file (type pdf)
<use /home/henri/stuff/japanese/kanji/chap4/say.pdf>
Package luatex.def Info: /home/henri/stuff/japanese/kanji/chap4/say.pdf  used on
 input line 843.
(luatex.def)             Requested size: 56.90388pt x 56.90388pt.
File: /home/henri/stuff/japanese/kanji/chap4/so_say.pdf Graphic file (type pdf)
<use /home/henri/stuff/japanese/kanji/chap4/so_say.pdf>
Package luatex.def Info: /home/henri/stuff/japanese/kanji/chap4/so_say.pdf  used
 on input line 843.
(luatex.def)             Requested size: 56.8991pt x 56.8991pt.

Overfull \hbox (0.81456pt too wide) in alignment at lines 843--843
[][][]
 []

) [48</home/henri/stuff/japanese/kanji/chap4/father.pdf></home/henri/stuff/japan
ese/kanji/chap4/so_father.pdf></home/henri/stuff/japanese/kanji/chap4/say.pdf></
home/henri/stuff/japanese/kanji/chap4/so_say.pdf>]
第 5 章
(./chap5.tex
File: /home/henri/stuff/japanese/kanji/chap5/dry.pdf Graphic file (type pdf)
<use /home/henri/stuff/japanese/kanji/chap5/dry.pdf>
Package luatex.def Info: /home/henri/stuff/japanese/kanji/chap5/dry.pdf  used on
 input line 3.
(luatex.def)             Requested size: 56.90388pt x 56.90388pt.
File: /home/henri/stuff/japanese/kanji/chap5/so_dry.pdf Graphic file (type pdf)
<use /home/henri/stuff/japanese/kanji/chap5/so_dry.pdf>
Package luatex.def Info: /home/henri/stuff/japanese/kanji/chap5/so_dry.pdf  used
 on input line 3.
(luatex.def)             Requested size: 56.8991pt x 56.8991pt.

Overfull \hbox (0.81456pt too wide) in alignment at lines 3--3
[][][]
 []

File: /home/henri/stuff/japanese/kanji/chap5/gold.pdf Graphic file (type pdf)
<use /home/henri/stuff/japanese/kanji/chap5/gold.pdf>
Package luatex.def Info: /home/henri/stuff/japanese/kanji/chap5/gold.pdf  used o
n input line 47.
(luatex.def)             Requested size: 56.90388pt x 56.90388pt.
File: /home/henri/stuff/japanese/kanji/chap5/so_gold.pdf Graphic file (type pdf)

<use /home/henri/stuff/japanese/kanji/chap5/so_gold.pdf>
Package luatex.def Info: /home/henri/stuff/japanese/kanji/chap5/so_gold.pdf  use
d on input line 47.
(luatex.def)             Requested size: 56.8991pt x 56.8991pt.

Overfull \hbox (0.81456pt too wide) in alignment at lines 47--47
[][][]
 []

[49

</home/henri/stuff/japanese/kanji/chap5/dry.pdf></home/henri/stuff/japanese/kanj
i/chap5/so_dry.pdf></home/henri/stuff/japanese/kanji/chap5/gold.pdf></home/henri
/stuff/japanese/kanji/chap5/so_gold.pdf>]
File: /home/henri/stuff/japanese/kanji/chap5/words.pdf Graphic file (type pdf)
<use /home/henri/stuff/japanese/kanji/chap5/words.pdf>
Package luatex.def Info: /home/henri/stuff/japanese/kanji/chap5/words.pdf  used 
on input line 89.
(luatex.def)             Requested size: 56.90388pt x 56.90388pt.
File: /home/henri/stuff/japanese/kanji/chap5/so_words.pdf Graphic file (type pdf
)
<use /home/henri/stuff/japanese/kanji/chap5/so_words.pdf>
Package luatex.def Info: /home/henri/stuff/japanese/kanji/chap5/so_words.pdf  us
ed on input line 89.
(luatex.def)             Requested size: 56.8991pt x 56.8991pt.

Overfull \hbox (0.81456pt too wide) in alignment at lines 89--89
[][][]
 []


Overfull \hbox (0.81456pt too wide) in alignment at lines 119--119
[][][]
 []

File: /home/henri/stuff/japanese/kanji/chap5/gentleman.pdf Graphic file (type pd
f)
<use /home/henri/stuff/japanese/kanji/chap5/gentleman.pdf>
Package luatex.def Info: /home/henri/stuff/japanese/kanji/chap5/gentleman.pdf  u
sed on input line 134.
(luatex.def)             Requested size: 56.90388pt x 56.90388pt.
File: /home/henri/stuff/japanese/kanji/chap5/so_gentleman.pdf Graphic file (type
 pdf)
<use /home/henri/stuff/japanese/kanji/chap5/so_gentleman.pdf>
Package luatex.def Info: /home/henri/stuff/japanese/kanji/chap5/so_gentleman.pdf
  used on input line 134.
(luatex.def)             Requested size: 56.8991pt x 56.8991pt.

Overfull \hbox (0.81456pt too wide) in alignment at lines 134--134
[][][]
 []

[50</home/henri/stuff/japanese/kanji/chap5/words.pdf></home/henri/stuff/japanese
/kanji/chap5/so_words.pdf></home/henri/stuff/japanese/kanji/chap5/gentleman.pdf>
</home/henri/stuff/japanese/kanji/chap5/so_gentleman.pdf>]
File: /home/henri/stuff/japanese/kanji/chap5/morning.pdf Graphic file (type pdf)

<use /home/henri/stuff/japanese/kanji/chap5/morning.pdf>
Package luatex.def Info: /home/henri/stuff/japanese/kanji/chap5/morning.pdf  use
d on input line 177.
(luatex.def)             Requested size: 56.90388pt x 56.90388pt.
File: /home/henri/stuff/japanese/kanji/chap5/so_morning.pdf Graphic file (type p
df)
<use /home/henri/stuff/japanese/kanji/chap5/so_morning.pdf>
Package luatex.def Info: /home/henri/stuff/japanese/kanji/chap5/so_morning.pdf  
used on input line 177.
(luatex.def)             Requested size: 56.8991pt x 56.8991pt.

Overfull \hbox (0.81456pt too wide) in alignment at lines 177--177
[][][]
 []

File: /home/henri/stuff/japanese/kanji/chap5/blue.pdf Graphic file (type pdf)
<use /home/henri/stuff/japanese/kanji/chap5/blue.pdf>
Package luatex.def Info: /home/henri/stuff/japanese/kanji/chap5/blue.pdf  used o
n input line 228.
(luatex.def)             Requested size: 56.90388pt x 56.90388pt.
File: /home/henri/stuff/japanese/kanji/chap5/so_blue.pdf Graphic file (type pdf)

<use /home/henri/stuff/japanese/kanji/chap5/so_blue.pdf>
Package luatex.def Info: /home/henri/stuff/japanese/kanji/chap5/so_blue.pdf  use
d on input line 228.
(luatex.def)             Requested size: 56.8991pt x 56.8991pt.

Overfull \hbox (0.81456pt too wide) in alignment at lines 228--228
[][][]
 []

[51</home/henri/stuff/japanese/kanji/chap5/morning.pdf></home/henri/stuff/japane
se/kanji/chap5/so_morning.pdf></home/henri/stuff/japanese/kanji/chap5/blue.pdf><
/home/henri/stuff/japanese/kanji/chap5/so_blue.pdf>]
File: /home/henri/stuff/japanese/kanji/chap5/earth.pdf Graphic file (type pdf)
<use /home/henri/stuff/japanese/kanji/chap5/earth.pdf>
Package luatex.def Info: /home/henri/stuff/japanese/kanji/chap5/earth.pdf  used 
on input line 273.
(luatex.def)             Requested size: 56.90388pt x 56.90388pt.
File: /home/henri/stuff/japanese/kanji/chap5/so_earth.pdf Graphic file (type pdf
)
<use /home/henri/stuff/japanese/kanji/chap5/so_earth.pdf>
Package luatex.def Info: /home/henri/stuff/japanese/kanji/chap5/so_earth.pdf  us
ed on input line 273.
(luatex.def)             Requested size: 56.8991pt x 56.8991pt.

Overfull \hbox (0.81456pt too wide) in alignment at lines 273--273
[][][]
 []

File: /home/henri/stuff/japanese/kanji/chap5/hang.pdf Graphic file (type pdf)
<use /home/henri/stuff/japanese/kanji/chap5/hang.pdf>
Package luatex.def Info: /home/henri/stuff/japanese/kanji/chap5/hang.pdf  used o
n input line 322.
(luatex.def)             Requested size: 56.90388pt x 56.90388pt.
File: /home/henri/stuff/japanese/kanji/chap5/so_hang.pdf Graphic file (type pdf)

<use /home/henri/stuff/japanese/kanji/chap5/so_hang.pdf>
Package luatex.def Info: /home/henri/stuff/japanese/kanji/chap5/so_hang.pdf  use
d on input line 322.
(luatex.def)             Requested size: 56.8991pt x 56.8991pt.

Overfull \hbox (0.81456pt too wide) in alignment at lines 322--322
[][][]
 []


Overfull \hbox (0.81456pt too wide) in alignment at lines 350--350
[][][]
 []

[52</home/henri/stuff/japanese/kanji/chap5/earth.pdf></home/henri/stuff/japanese
/kanji/chap5/so_earth.pdf></home/henri/stuff/japanese/kanji/chap5/hang.pdf></hom
e/henri/stuff/japanese/kanji/chap5/so_hang.pdf>]
File: /home/henri/stuff/japanese/kanji/chap5/ten_thousand.pdf Graphic file (type
 pdf)
<use /home/henri/stuff/japanese/kanji/chap5/ten_thousand.pdf>
Package luatex.def Info: /home/henri/stuff/japanese/kanji/chap5/ten_thousand.pdf
  used on input line 366.
(luatex.def)             Requested size: 56.90388pt x 56.90388pt.
File: /home/henri/stuff/japanese/kanji/chap5/so_ten_thousand.pdf Graphic file (t
ype pdf)
<use /home/henri/stuff/japanese/kanji/chap5/so_ten_thousand.pdf>
Package luatex.def Info: /home/henri/stuff/japanese/kanji/chap5/so_ten_thousand.
pdf  used on input line 366.
(luatex.def)             Requested size: 56.8991pt x 56.8991pt.

Overfull \hbox (0.81456pt too wide) in alignment at lines 366--366
[][][]
 []

File: /home/henri/stuff/japanese/kanji/chap5/rain.pdf Graphic file (type pdf)
<use /home/henri/stuff/japanese/kanji/chap5/rain.pdf>
Package luatex.def Info: /home/henri/stuff/japanese/kanji/chap5/rain.pdf  used o
n input line 415.
(luatex.def)             Requested size: 56.90388pt x 56.90388pt.
File: /home/henri/stuff/japanese/kanji/chap5/so_rain.pdf Graphic file (type pdf)

<use /home/henri/stuff/japanese/kanji/chap5/so_rain.pdf>
Package luatex.def Info: /home/henri/stuff/japanese/kanji/chap5/so_rain.pdf  use
d on input line 415.
(luatex.def)             Requested size: 56.8991pt x 56.8991pt.

Overfull \hbox (0.81456pt too wide) in alignment at lines 415--415
[][][]
 []


Overfull \hbox (0.81456pt too wide) in alignment at lines 430--430
[][][]
 []


Overfull \hbox (0.81456pt too wide) in alignment at lines 449--449
[][][]
 []

[53</home/henri/stuff/japanese/kanji/chap5/ten_thousand.pdf></home/henri/stuff/j
apanese/kanji/chap5/so_ten_thousand.pdf></home/henri/stuff/japanese/kanji/chap5/
rain.pdf></home/henri/stuff/japanese/kanji/chap5/so_rain.pdf>]
File: /home/henri/stuff/japanese/kanji/chap5/electric.pdf Graphic file (type pdf
)
<use /home/henri/stuff/japanese/kanji/chap5/electric.pdf>
Package luatex.def Info: /home/henri/stuff/japanese/kanji/chap5/electric.pdf  us
ed on input line 465.
(luatex.def)             Requested size: 56.90388pt x 56.90388pt.
File: /home/henri/stuff/japanese/kanji/chap5/so_electric.pdf Graphic file (type 
pdf)
<use /home/henri/stuff/japanese/kanji/chap5/so_electric.pdf>
Package luatex.def Info: /home/henri/stuff/japanese/kanji/chap5/so_electric.pdf 
 used on input line 465.
(luatex.def)             Requested size: 56.8991pt x 56.8991pt.

Overfull \hbox (0.81456pt too wide) in alignment at lines 465--465
[][][]
 []

File: /home/henri/stuff/japanese/kanji/chap5/sell.pdf Graphic file (type pdf)
<use /home/henri/stuff/japanese/kanji/chap5/sell.pdf>
Package luatex.def Info: /home/henri/stuff/japanese/kanji/chap5/sell.pdf  used o
n input line 509.
(luatex.def)             Requested size: 56.90388pt x 56.90388pt.
File: /home/henri/stuff/japanese/kanji/chap5/so_sell.pdf Graphic file (type pdf)

<use /home/henri/stuff/japanese/kanji/chap5/so_sell.pdf>
Package luatex.def Info: /home/henri/stuff/japanese/kanji/chap5/so_sell.pdf  use
d on input line 509.
(luatex.def)             Requested size: 56.8991pt x 56.8991pt.

Overfull \hbox (0.81456pt too wide) in alignment at lines 509--509
[][][]
 []


Overfull \hbox (0.81456pt too wide) in alignment at lines 540--540
[][][]
 []

[54</home/henri/stuff/japanese/kanji/chap5/electric.pdf></home/henri/stuff/japan
ese/kanji/chap5/so_electric.pdf></home/henri/stuff/japanese/kanji/chap5/sell.pdf
></home/henri/stuff/japanese/kanji/chap5/so_sell.pdf>]
File: /home/henri/stuff/japanese/kanji/chap5/individual.pdf Graphic file (type p
df)
<use /home/henri/stuff/japanese/kanji/chap5/individual.pdf>
Package luatex.def Info: /home/henri/stuff/japanese/kanji/chap5/individual.pdf  
used on input line 558.
(luatex.def)             Requested size: 56.90388pt x 56.90388pt.
File: /home/henri/stuff/japanese/kanji/chap5/so_individual.pdf Graphic file (typ
e pdf)
<use /home/henri/stuff/japanese/kanji/chap5/so_individual.pdf>
Package luatex.def Info: /home/henri/stuff/japanese/kanji/chap5/so_individual.pd
f  used on input line 558.
(luatex.def)             Requested size: 56.8991pt x 56.8991pt.

Overfull \hbox (0.81456pt too wide) in alignment at lines 558--558
[][][]
 []

File: /home/henri/stuff/japanese/kanji/chap5/enter.pdf Graphic file (type pdf)
<use /home/henri/stuff/japanese/kanji/chap5/enter.pdf>
Package luatex.def Info: /home/henri/stuff/japanese/kanji/chap5/enter.pdf  used 
on input line 600.
(luatex.def)             Requested size: 56.90388pt x 56.90388pt.
File: /home/henri/stuff/japanese/kanji/chap5/so_enter.pdf Graphic file (type pdf
)
<use /home/henri/stuff/japanese/kanji/chap5/so_enter.pdf>
Package luatex.def Info: /home/henri/stuff/japanese/kanji/chap5/so_enter.pdf  us
ed on input line 600.
(luatex.def)             Requested size: 56.8991pt x 56.8991pt.

Overfull \hbox (0.81456pt too wide) in alignment at lines 600--600
[][][]
 []


Overfull \hbox (0.81456pt too wide) in alignment at lines 634--634
[][][]
 []

[55</home/henri/stuff/japanese/kanji/chap5/individual.pdf></home/henri/stuff/jap
anese/kanji/chap5/so_individual.pdf></home/henri/stuff/japanese/kanji/chap5/ente
r.pdf></home/henri/stuff/japanese/kanji/chap5/so_enter.pdf>]
File: /home/henri/stuff/japanese/kanji/chap5/snow.pdf Graphic file (type pdf)
<use /home/henri/stuff/japanese/kanji/chap5/snow.pdf>
Package luatex.def Info: /home/henri/stuff/japanese/kanji/chap5/snow.pdf  used o
n input line 650.
(luatex.def)             Requested size: 56.90388pt x 56.90388pt.
File: /home/henri/stuff/japanese/kanji/chap5/so_snow.pdf Graphic file (type pdf)

<use /home/henri/stuff/japanese/kanji/chap5/so_snow.pdf>
Package luatex.def Info: /home/henri/stuff/japanese/kanji/chap5/so_snow.pdf  use
d on input line 650.
(luatex.def)             Requested size: 56.8991pt x 56.8991pt.

Overfull \hbox (0.81456pt too wide) in alignment at lines 650--650
[][][]
 []

File: /home/henri/stuff/japanese/kanji/chap5/gate.pdf Graphic file (type pdf)
<use /home/henri/stuff/japanese/kanji/chap5/gate.pdf>
Package luatex.def Info: /home/henri/stuff/japanese/kanji/chap5/gate.pdf  used o
n input line 700.
(luatex.def)             Requested size: 56.90388pt x 56.90388pt.
File: /home/henri/stuff/japanese/kanji/chap5/so_gate.pdf Graphic file (type pdf)

<use /home/henri/stuff/japanese/kanji/chap5/so_gate.pdf>
Package luatex.def Info: /home/henri/stuff/japanese/kanji/chap5/so_gate.pdf  use
d on input line 700.
(luatex.def)             Requested size: 56.8991pt x 56.8991pt.

Overfull \hbox (0.81456pt too wide) in alignment at lines 700--700
[][][]
 []

[56</home/henri/stuff/japanese/kanji/chap5/snow.pdf></home/henri/stuff/japanese/
kanji/chap5/so_snow.pdf></home/henri/stuff/japanese/kanji/chap5/gate.pdf></home/
henri/stuff/japanese/kanji/chap5/so_gate.pdf>]
File: /home/henri/stuff/japanese/kanji/chap5/interval.pdf Graphic file (type pdf
)
<use /home/henri/stuff/japanese/kanji/chap5/interval.pdf>
Package luatex.def Info: /home/henri/stuff/japanese/kanji/chap5/interval.pdf  us
ed on input line 746.
(luatex.def)             Requested size: 56.90388pt x 56.90388pt.
File: /home/henri/stuff/japanese/kanji/chap5/so_interval.pdf Graphic file (type 
pdf)
<use /home/henri/stuff/japanese/kanji/chap5/so_interval.pdf>
Package luatex.def Info: /home/henri/stuff/japanese/kanji/chap5/so_interval.pdf 
 used on input line 746.
(luatex.def)             Requested size: 56.8991pt x 56.8991pt.

Overfull \hbox (0.81456pt too wide) in alignment at lines 746--746
[][][]
 []

File: /home/henri/stuff/japanese/kanji/chap5/exit.pdf Graphic file (type pdf)
<use /home/henri/stuff/japanese/kanji/chap5/exit.pdf>
Package luatex.def Info: /home/henri/stuff/japanese/kanji/chap5/exit.pdf  used o
n input line 791.
(luatex.def)             Requested size: 56.90388pt x 56.90388pt.
File: /home/henri/stuff/japanese/kanji/chap5/so_exit.pdf Graphic file (type pdf)

<use /home/henri/stuff/japanese/kanji/chap5/so_exit.pdf>
Package luatex.def Info: /home/henri/stuff/japanese/kanji/chap5/so_exit.pdf  use
d on input line 791.
(luatex.def)             Requested size: 56.8991pt x 56.8991pt.

Overfull \hbox (0.81456pt too wide) in alignment at lines 791--791
[][][]
 []

[57</home/henri/stuff/japanese/kanji/chap5/interval.pdf></home/henri/stuff/japan
ese/kanji/chap5/so_interval.pdf></home/henri/stuff/japanese/kanji/chap5/exit.pdf
></home/henri/stuff/japanese/kanji/chap5/so_exit.pdf>]
File: /home/henri/stuff/japanese/kanji/chap5/life.pdf Graphic file (type pdf)
<use /home/henri/stuff/japanese/kanji/chap5/life.pdf>
Package luatex.def Info: /home/henri/stuff/japanese/kanji/chap5/life.pdf  used o
n input line 839.
(luatex.def)             Requested size: 56.90388pt x 56.90388pt.
File: /home/henri/stuff/japanese/kanji/chap5/so_life.pdf Graphic file (type pdf)

<use /home/henri/stuff/japanese/kanji/chap5/so_life.pdf>
Package luatex.def Info: /home/henri/stuff/japanese/kanji/chap5/so_life.pdf  use
d on input line 839.
(luatex.def)             Requested size: 56.8991pt x 56.8991pt.

Overfull \hbox (0.81456pt too wide) in alignment at lines 839--839
[][][]
 []


Overfull \hbox (0.81456pt too wide) in alignment at lines 856--856
[][][]
 []

File: /home/henri/stuff/japanese/kanji/chap5/ushi.pdf Graphic file (type pdf)
<use /home/henri/stuff/japanese/kanji/chap5/ushi.pdf>
Package luatex.def Info: /home/henri/stuff/japanese/kanji/chap5/ushi.pdf  used o
n input line 894.
(luatex.def)             Requested size: 56.90388pt x 56.90388pt.
File: /home/henri/stuff/japanese/kanji/chap5/so_ushi.pdf Graphic file (type pdf)

<use /home/henri/stuff/japanese/kanji/chap5/so_ushi.pdf>
Package luatex.def Info: /home/henri/stuff/japanese/kanji/chap5/so_ushi.pdf  use
d on input line 894.
(luatex.def)             Requested size: 56.8991pt x 56.8991pt.

Overfull \hbox (0.81456pt too wide) in alignment at lines 894--894
[][][]
 []

) [58</home/henri/stuff/japanese/kanji/chap5/life.pdf></home/henri/stuff/japanes
e/kanji/chap5/so_life.pdf></home/henri/stuff/japanese/kanji/chap5/ushi.pdf></hom
e/henri/stuff/japanese/kanji/chap5/so_ushi.pdf>]
第 6 章
(./chap6.tex
File: /home/henri/stuff/japanese/kanji/chap6/beautiful.pdf Graphic file (type pd
f)
<use /home/henri/stuff/japanese/kanji/chap6/beautiful.pdf>
Package luatex.def Info: /home/henri/stuff/japanese/kanji/chap6/beautiful.pdf  u
sed on input line 6.
(luatex.def)             Requested size: 56.90388pt x 56.90388pt.
File: /home/henri/stuff/japanese/kanji/chap6/so_beautiful.pdf Graphic file (type
 pdf)
<use /home/henri/stuff/japanese/kanji/chap6/so_beautiful.pdf>
Package luatex.def Info: /home/henri/stuff/japanese/kanji/chap6/so_beautiful.pdf
  used on input line 6.
(luatex.def)             Requested size: 56.8991pt x 56.8991pt.

Overfull \hbox (0.81456pt too wide) in alignment at lines 6--6
[][][]
 []

File: /home/henri/stuff/japanese/kanji/chap6/island.pdf Graphic file (type pdf)
<use /home/henri/stuff/japanese/kanji/chap6/island.pdf>
Package luatex.def Info: /home/henri/stuff/japanese/kanji/chap6/island.pdf  used
 on input line 52.
(luatex.def)             Requested size: 56.90388pt x 56.90388pt.
File: /home/henri/stuff/japanese/kanji/chap6/so_island.pdf Graphic file (type pd
f)
<use /home/henri/stuff/japanese/kanji/chap6/so_island.pdf>
Package luatex.def Info: /home/henri/stuff/japanese/kanji/chap6/so_island.pdf  u
sed on input line 52.
(luatex.def)             Requested size: 56.8991pt x 56.8991pt.

Overfull \hbox (0.81456pt too wide) in alignment at lines 52--52
[][][]
 []

[59

</home/henri/stuff/japanese/kanji/chap6/beautiful.pdf></home/henri/stuff/japanes
e/kanji/chap6/so_beautiful.pdf></home/henri/stuff/japanese/kanji/chap6/island.pd
f></home/henri/stuff/japanese/kanji/chap6/so_island.pdf>]
File: /home/henri/stuff/japanese/kanji/chap6/tiny.pdf Graphic file (type pdf)
<use /home/henri/stuff/japanese/kanji/chap6/tiny.pdf>
Package luatex.def Info: /home/henri/stuff/japanese/kanji/chap6/tiny.pdf  used o
n input line 97.
(luatex.def)             Requested size: 56.90388pt x 56.90388pt.
File: /home/henri/stuff/japanese/kanji/chap6/so_tiny.pdf Graphic file (type pdf)

<use /home/henri/stuff/japanese/kanji/chap6/so_tiny.pdf>
Package luatex.def Info: /home/henri/stuff/japanese/kanji/chap6/so_tiny.pdf  use
d on input line 97.
(luatex.def)             Requested size: 56.8991pt x 56.8991pt.

Overfull \hbox (0.81456pt too wide) in alignment at lines 97--97
[][][]
 []

File: /home/henri/stuff/japanese/kanji/chap6/temple.pdf Graphic file (type pdf)
<use /home/henri/stuff/japanese/kanji/chap6/temple.pdf>
Package luatex.def Info: /home/henri/stuff/japanese/kanji/chap6/temple.pdf  used
 on input line 137.
(luatex.def)             Requested size: 56.90388pt x 56.90388pt.
File: /home/henri/stuff/japanese/kanji/chap6/so_temple.pdf Graphic file (type pd
f)
<use /home/henri/stuff/japanese/kanji/chap6/so_temple.pdf>
Package luatex.def Info: /home/henri/stuff/japanese/kanji/chap6/so_temple.pdf  u
sed on input line 137.
(luatex.def)             Requested size: 56.8991pt x 56.8991pt.

Overfull \hbox (0.81456pt too wide) in alignment at lines 137--137
[][][]
 []

[60</home/henri/stuff/japanese/kanji/chap6/tiny.pdf></home/henri/stuff/japanese/
kanji/chap6/so_tiny.pdf></home/henri/stuff/japanese/kanji/chap6/temple.pdf></hom
e/henri/stuff/japanese/kanji/chap6/so_temple.pdf>]
File: /home/henri/stuff/japanese/kanji/chap6/precede.pdf Graphic file (type pdf)

<use /home/henri/stuff/japanese/kanji/chap6/precede.pdf>
Package luatex.def Info: /home/henri/stuff/japanese/kanji/chap6/precede.pdf  use
d on input line 185.
(luatex.def)             Requested size: 56.90388pt x 56.90388pt.
File: /home/henri/stuff/japanese/kanji/chap6/so_precede.pdf Graphic file (type p
df)
<use /home/henri/stuff/japanese/kanji/chap6/so_precede.pdf>
Package luatex.def Info: /home/henri/stuff/japanese/kanji/chap6/so_precede.pdf  
used on input line 185.
(luatex.def)             Requested size: 56.8991pt x 56.8991pt.

Overfull \hbox (0.81456pt too wide) in alignment at lines 185--185
[][][]
 []

File: /home/henri/stuff/japanese/kanji/chap6/open.pdf Graphic file (type pdf)
<use /home/henri/stuff/japanese/kanji/chap6/open.pdf>
Package luatex.def Info: /home/henri/stuff/japanese/kanji/chap6/open.pdf  used o
n input line 230.
(luatex.def)             Requested size: 56.90388pt x 56.90388pt.
File: /home/henri/stuff/japanese/kanji/chap6/so_open.pdf Graphic file (type pdf)

<use /home/henri/stuff/japanese/kanji/chap6/so_open.pdf>
Package luatex.def Info: /home/henri/stuff/japanese/kanji/chap6/so_open.pdf  use
d on input line 230.
(luatex.def)             Requested size: 56.8991pt x 56.8991pt.

Overfull \hbox (0.81456pt too wide) in alignment at lines 230--230
[][][]
 []


Overfull \hbox (0.81456pt too wide) in alignment at lines 253--253
[][][]
 []


Overfull \vbox (10.61308pt too high) has occurred while \output is active []


[61</home/henri/stuff/japanese/kanji/chap6/precede.pdf></home/henri/stuff/japane
se/kanji/chap6/so_precede.pdf></home/henri/stuff/japanese/kanji/chap6/open.pdf><
/home/henri/stuff/japanese/kanji/chap6/so_open.pdf>]
File: /home/henri/stuff/japanese/kanji/chap6/bird.pdf Graphic file (type pdf)
<use /home/henri/stuff/japanese/kanji/chap6/bird.pdf>
Package luatex.def Info: /home/henri/stuff/japanese/kanji/chap6/bird.pdf  used o
n input line 286.
(luatex.def)             Requested size: 56.90388pt x 56.90388pt.
File: /home/henri/stuff/japanese/kanji/chap6/so_bird.pdf Graphic file (type pdf)

<use /home/henri/stuff/japanese/kanji/chap6/so_bird.pdf>
Package luatex.def Info: /home/henri/stuff/japanese/kanji/chap6/so_bird.pdf  use
d on input line 286.
(luatex.def)             Requested size: 56.8991pt x 56.8991pt.

Overfull \hbox (0.81456pt too wide) in alignment at lines 286--286
[][][]
 []

File: /home/henri/stuff/japanese/kanji/chap6/evening.pdf Graphic file (type pdf)

<use /home/henri/stuff/japanese/kanji/chap6/evening.pdf>
Package luatex.def Info: /home/henri/stuff/japanese/kanji/chap6/evening.pdf  use
d on input line 329.
(luatex.def)             Requested size: 56.90388pt x 56.90388pt.
File: /home/henri/stuff/japanese/kanji/chap6/so_evening.pdf Graphic file (type p
df)
<use /home/henri/stuff/japanese/kanji/chap6/so_evening.pdf>
Package luatex.def Info: /home/henri/stuff/japanese/kanji/chap6/so_evening.pdf  
used on input line 329.
(luatex.def)             Requested size: 56.8991pt x 56.8991pt.

Overfull \hbox (0.81456pt too wide) in alignment at lines 329--329
[][][]
 []

[62</home/henri/stuff/japanese/kanji/chap6/bird.pdf></home/henri/stuff/japanese/
kanji/chap6/so_bird.pdf></home/henri/stuff/japanese/kanji/chap6/evening.pdf></ho
me/henri/stuff/japanese/kanji/chap6/so_evening.pdf>]
File: /home/henri/stuff/japanese/kanji/chap6/outside.pdf Graphic file (type pdf)

<use /home/henri/stuff/japanese/kanji/chap6/outside.pdf>
Package luatex.def Info: /home/henri/stuff/japanese/kanji/chap6/outside.pdf  use
d on input line 376.
(luatex.def)             Requested size: 56.90388pt x 56.90388pt.
File: /home/henri/stuff/japanese/kanji/chap6/so_outside.pdf Graphic file (type p
df)
<use /home/henri/stuff/japanese/kanji/chap6/so_outside.pdf>
Package luatex.def Info: /home/henri/stuff/japanese/kanji/chap6/so_outside.pdf  
used on input line 376.
(luatex.def)             Requested size: 56.8991pt x 56.8991pt.

Overfull \hbox (0.81456pt too wide) in alignment at lines 376--376
[][][]
 []

File: /home/henri/stuff/japanese/kanji/chap6/tongue.pdf Graphic file (type pdf)
<use /home/henri/stuff/japanese/kanji/chap6/tongue.pdf>
Package luatex.def Info: /home/henri/stuff/japanese/kanji/chap6/tongue.pdf  used
 on input line 419.
(luatex.def)             Requested size: 56.90388pt x 56.90388pt.
File: /home/henri/stuff/japanese/kanji/chap6/so_tongue.pdf Graphic file (type pd
f)
<use /home/henri/stuff/japanese/kanji/chap6/so_tongue.pdf>
Package luatex.def Info: /home/henri/stuff/japanese/kanji/chap6/so_tongue.pdf  u
sed on input line 419.
(luatex.def)             Requested size: 56.8991pt x 56.8991pt.

Overfull \hbox (0.81456pt too wide) in alignment at lines 419--419
[][][]
 []

[63</home/henri/stuff/japanese/kanji/chap6/outside.pdf></home/henri/stuff/japane
se/kanji/chap6/so_outside.pdf></home/henri/stuff/japanese/kanji/chap6/tongue.pdf
></home/henri/stuff/japanese/kanji/chap6/so_tongue.pdf>]
File: /home/henri/stuff/japanese/kanji/chap6/diagram.pdf Graphic file (type pdf)

<use /home/henri/stuff/japanese/kanji/chap6/diagram.pdf>
Package luatex.def Info: /home/henri/stuff/japanese/kanji/chap6/diagram.pdf  use
d on input line 461.
(luatex.def)             Requested size: 56.90388pt x 56.90388pt.
File: /home/henri/stuff/japanese/kanji/chap6/so_diagram.pdf Graphic file (type p
df)
<use /home/henri/stuff/japanese/kanji/chap6/so_diagram.pdf>
Package luatex.def Info: /home/henri/stuff/japanese/kanji/chap6/so_diagram.pdf  
used on input line 461.
(luatex.def)             Requested size: 56.8991pt x 56.8991pt.

Overfull \hbox (0.81456pt too wide) in alignment at lines 461--461
[][][]
 []

File: /home/henri/stuff/japanese/kanji/chap6/stand.pdf Graphic file (type pdf)
<use /home/henri/stuff/japanese/kanji/chap6/stand.pdf>
Package luatex.def Info: /home/henri/stuff/japanese/kanji/chap6/stand.pdf  used 
on input line 504.
(luatex.def)             Requested size: 56.90388pt x 56.90388pt.
File: /home/henri/stuff/japanese/kanji/chap6/so_stand.pdf Graphic file (type pdf
)
<use /home/henri/stuff/japanese/kanji/chap6/so_stand.pdf>
Package luatex.def Info: /home/henri/stuff/japanese/kanji/chap6/so_stand.pdf  us
ed on input line 504.
(luatex.def)             Requested size: 56.8991pt x 56.8991pt.

Overfull \hbox (0.81456pt too wide) in alignment at lines 504--504
[][][]
 []


Overfull \hbox (0.81456pt too wide) in alignment at lines 523--523
[][][]
 []

[64</home/henri/stuff/japanese/kanji/chap6/diagram.pdf></home/henri/stuff/japane
se/kanji/chap6/so_diagram.pdf></home/henri/stuff/japanese/kanji/chap6/stand.pdf>
</home/henri/stuff/japanese/kanji/chap6/so_stand.pdf>]
File: /home/henri/stuff/japanese/kanji/chap6/parent.pdf Graphic file (type pdf)
<use /home/henri/stuff/japanese/kanji/chap6/parent.pdf>
Package luatex.def Info: /home/henri/stuff/japanese/kanji/chap6/parent.pdf  used
 on input line 556.
(luatex.def)             Requested size: 56.90388pt x 56.90388pt.
File: /home/henri/stuff/japanese/kanji/chap6/so_parent.pdf Graphic file (type pd
f)
<use /home/henri/stuff/japanese/kanji/chap6/so_parent.pdf>
Package luatex.def Info: /home/henri/stuff/japanese/kanji/chap6/so_parent.pdf  u
sed on input line 556.
(luatex.def)             Requested size: 56.8991pt x 56.8991pt.

Overfull \hbox (0.81456pt too wide) in alignment at lines 556--556
[][][]
 []

File: /home/henri/stuff/japanese/kanji/chap6/star.pdf Graphic file (type pdf)
<use /home/henri/stuff/japanese/kanji/chap6/star.pdf>
Package luatex.def Info: /home/henri/stuff/japanese/kanji/chap6/star.pdf  used o
n input line 602.
(luatex.def)             Requested size: 56.90388pt x 56.90388pt.
File: /home/henri/stuff/japanese/kanji/chap6/so_star.pdf Graphic file (type pdf)

<use /home/henri/stuff/japanese/kanji/chap6/so_star.pdf>
Package luatex.def Info: /home/henri/stuff/japanese/kanji/chap6/so_star.pdf  use
d on input line 602.
(luatex.def)             Requested size: 56.8991pt x 56.8991pt.

Overfull \hbox (0.81456pt too wide) in alignment at lines 602--602
[][][]
 []

[65</home/henri/stuff/japanese/kanji/chap6/parent.pdf></home/henri/stuff/japanes
e/kanji/chap6/so_parent.pdf></home/henri/stuff/japanese/kanji/chap6/star.pdf></h
ome/henri/stuff/japanese/kanji/chap6/so_star.pdf>]
File: /home/henri/stuff/japanese/kanji/chap6/autumn.pdf Graphic file (type pdf)
<use /home/henri/stuff/japanese/kanji/chap6/autumn.pdf>
Package luatex.def Info: /home/henri/stuff/japanese/kanji/chap6/autumn.pdf  used
 on input line 649.
(luatex.def)             Requested size: 56.90388pt x 56.90388pt.
File: /home/henri/stuff/japanese/kanji/chap6/so_autumn.pdf Graphic file (type pd
f)
<use /home/henri/stuff/japanese/kanji/chap6/so_autumn.pdf>
Package luatex.def Info: /home/henri/stuff/japanese/kanji/chap6/so_autumn.pdf  u
sed on input line 649.
(luatex.def)             Requested size: 56.8991pt x 56.8991pt.

Overfull \hbox (0.81456pt too wide) in alignment at lines 649--649
[][][]
 []

File: /home/henri/stuff/japanese/kanji/chap6/west.pdf Graphic file (type pdf)
<use /home/henri/stuff/japanese/kanji/chap6/west.pdf>
Package luatex.def Info: /home/henri/stuff/japanese/kanji/chap6/west.pdf  used o
n input line 692.
(luatex.def)             Requested size: 56.90388pt x 56.90388pt.
File: /home/henri/stuff/japanese/kanji/chap6/so_west.pdf Graphic file (type pdf)

<use /home/henri/stuff/japanese/kanji/chap6/so_west.pdf>
Package luatex.def Info: /home/henri/stuff/japanese/kanji/chap6/so_west.pdf  use
d on input line 692.
(luatex.def)             Requested size: 56.8991pt x 56.8991pt.

Overfull \hbox (0.81456pt too wide) in alignment at lines 692--692
[][][]
 []

[66</home/henri/stuff/japanese/kanji/chap6/autumn.pdf></home/henri/stuff/japanes
e/kanji/chap6/so_autumn.pdf></home/henri/stuff/japanese/kanji/chap6/west.pdf></h
ome/henri/stuff/japanese/kanji/chap6/so_west.pdf>]
File: /home/henri/stuff/japanese/kanji/chap6/sword.pdf Graphic file (type pdf)
<use /home/henri/stuff/japanese/kanji/chap6/sword.pdf>
Package luatex.def Info: /home/henri/stuff/japanese/kanji/chap6/sword.pdf  used 
on input line 737.
(luatex.def)             Requested size: 56.90388pt x 56.90388pt.
File: /home/henri/stuff/japanese/kanji/chap6/so_sword.pdf Graphic file (type pdf
)
<use /home/henri/stuff/japanese/kanji/chap6/so_sword.pdf>
Package luatex.def Info: /home/henri/stuff/japanese/kanji/chap6/so_sword.pdf  us
ed on input line 737.
(luatex.def)             Requested size: 56.8991pt x 56.8991pt.

Overfull \hbox (0.81456pt too wide) in alignment at lines 737--737
[][][]
 []

File: /home/henri/stuff/japanese/kanji/chap6/cut.pdf Graphic file (type pdf)
<use /home/henri/stuff/japanese/kanji/chap6/cut.pdf>
Package luatex.def Info: /home/henri/stuff/japanese/kanji/chap6/cut.pdf  used on
 input line 781.
(luatex.def)             Requested size: 56.90388pt x 56.90388pt.
File: /home/henri/stuff/japanese/kanji/chap6/so_cut.pdf Graphic file (type pdf)
<use /home/henri/stuff/japanese/kanji/chap6/so_cut.pdf>
Package luatex.def Info: /home/henri/stuff/japanese/kanji/chap6/so_cut.pdf  used
 on input line 781.
(luatex.def)             Requested size: 56.8991pt x 56.8991pt.

Overfull \hbox (0.81456pt too wide) in alignment at lines 781--781
[][][]
 []


Overfull \hbox (0.81456pt too wide) in alignment at lines 813--813
[][][]
 []


Overfull \hbox (0.81456pt too wide) in alignment at lines 821--821
[][][]
 []

[67</home/henri/stuff/japanese/kanji/chap6/sword.pdf></home/henri/stuff/japanese
/kanji/chap6/so_sword.pdf></home/henri/stuff/japanese/kanji/chap6/cut.pdf></home
/henri/stuff/japanese/kanji/chap6/so_cut.pdf>]
File: /home/henri/stuff/japanese/kanji/chap6/day_of_the_week.pdf Graphic file (t
ype pdf)
<use /home/henri/stuff/japanese/kanji/chap6/day_of_the_week.pdf>
Package luatex.def Info: /home/henri/stuff/japanese/kanji/chap6/day_of_the_week.
pdf  used on input line 837.
(luatex.def)             Requested size: 56.90388pt x 56.90388pt.
File: /home/henri/stuff/japanese/kanji/chap6/so_day_of_the_week.pdf Graphic file
 (type pdf)
<use /home/henri/stuff/japanese/kanji/chap6/so_day_of_the_week.pdf>
Package luatex.def Info: /home/henri/stuff/japanese/kanji/chap6/so_day_of_the_we
ek.pdf  used on input line 837.
(luatex.def)             Requested size: 56.8991pt x 56.8991pt.

Overfull \hbox (0.81456pt too wide) in alignment at lines 837--837
[][][]
 []

File: /home/henri/stuff/japanese/kanji/chap6/around.pdf Graphic file (type pdf)
<use /home/henri/stuff/japanese/kanji/chap6/around.pdf>
Package luatex.def Info: /home/henri/stuff/japanese/kanji/chap6/around.pdf  used
 on input line 882.
(luatex.def)             Requested size: 56.90388pt x 56.90388pt.
File: /home/henri/stuff/japanese/kanji/chap6/so_around.pdf Graphic file (type pd
f)
<use /home/henri/stuff/japanese/kanji/chap6/so_around.pdf>
Package luatex.def Info: /home/henri/stuff/japanese/kanji/chap6/so_around.pdf  u
sed on input line 882.
(luatex.def)             Requested size: 56.8991pt x 56.8991pt.

Overfull \hbox (0.81456pt too wide) in alignment at lines 882--882
[][][]
 []

) [68</home/henri/stuff/japanese/kanji/chap6/day_of_the_week.pdf></home/henri/st
uff/japanese/kanji/chap6/so_day_of_the_week.pdf></home/henri/stuff/japanese/kanj
i/chap6/around.pdf></home/henri/stuff/japanese/kanji/chap6/so_around.pdf>]
第 7 章
(./chap7.tex
File: /home/henri/stuff/japanese/kanji/chap7/read.pdf Graphic file (type pdf)
<use /home/henri/stuff/japanese/kanji/chap7/read.pdf>
Package luatex.def Info: /home/henri/stuff/japanese/kanji/chap7/read.pdf  used o
n input line 5.
(luatex.def)             Requested size: 56.90388pt x 56.90388pt.
File: /home/henri/stuff/japanese/kanji/chap7/so_read.pdf Graphic file (type pdf)

<use /home/henri/stuff/japanese/kanji/chap7/so_read.pdf>
Package luatex.def Info: /home/henri/stuff/japanese/kanji/chap7/so_read.pdf  use
d on input line 5.
(luatex.def)             Requested size: 56.8991pt x 56.8991pt.

Overfull \hbox (0.81456pt too wide) in alignment at lines 5--5
[][][]
 []

File: /home/henri/stuff/japanese/kanji/chap7/road.pdf Graphic file (type pdf)
<use /home/henri/stuff/japanese/kanji/chap7/road.pdf>
Package luatex.def Info: /home/henri/stuff/japanese/kanji/chap7/road.pdf  used o
n input line 50.
(luatex.def)             Requested size: 56.90388pt x 56.90388pt.
File: /home/henri/stuff/japanese/kanji/chap7/so_road.pdf Graphic file (type pdf)

<use /home/henri/stuff/japanese/kanji/chap7/so_road.pdf>
Package luatex.def Info: /home/henri/stuff/japanese/kanji/chap7/so_road.pdf  use
d on input line 50.
(luatex.def)             Requested size: 56.8991pt x 56.8991pt.

Overfull \hbox (0.81456pt too wide) in alignment at lines 50--50
[][][]
 []

[69

</home/henri/stuff/japanese/kanji/chap7/read.pdf></home/henri/stuff/japanese/kan
ji/chap7/so_read.pdf></home/henri/stuff/japanese/kanji/chap7/road.pdf></home/hen
ri/stuff/japanese/kanji/chap7/so_road.pdf>]
File: /home/henri/stuff/japanese/kanji/chap7/heaven.pdf Graphic file (type pdf)
<use /home/henri/stuff/japanese/kanji/chap7/heaven.pdf>
Package luatex.def Info: /home/henri/stuff/japanese/kanji/chap7/heaven.pdf  used
 on input line 97.
(luatex.def)             Requested size: 56.90388pt x 56.90388pt.
File: /home/henri/stuff/japanese/kanji/chap7/so_heaven.pdf Graphic file (type pd
f)
<use /home/henri/stuff/japanese/kanji/chap7/so_heaven.pdf>
Package luatex.def Info: /home/henri/stuff/japanese/kanji/chap7/so_heaven.pdf  u
sed on input line 97.
(luatex.def)             Requested size: 56.8991pt x 56.8991pt.

Overfull \hbox (0.81456pt too wide) in alignment at lines 97--97
[][][]
 []


Overfull \hbox (0.81456pt too wide) in alignment at lines 131--131
[][][]
 []

File: /home/henri/stuff/japanese/kanji/chap7/part.pdf Graphic file (type pdf)
<use /home/henri/stuff/japanese/kanji/chap7/part.pdf>
Package luatex.def Info: /home/henri/stuff/japanese/kanji/chap7/part.pdf  used o
n input line 148.
(luatex.def)             Requested size: 56.90388pt x 56.90388pt.
File: /home/henri/stuff/japanese/kanji/chap7/so_part.pdf Graphic file (type pdf)

<use /home/henri/stuff/japanese/kanji/chap7/so_part.pdf>
Package luatex.def Info: /home/henri/stuff/japanese/kanji/chap7/so_part.pdf  use
d on input line 148.
(luatex.def)             Requested size: 56.8991pt x 56.8991pt.

Overfull \hbox (0.81456pt too wide) in alignment at lines 148--148
[][][]
 []


Overfull \hbox (0.81456pt too wide) in alignment at lines 167--167
[][][]
 []

[70</home/henri/stuff/japanese/kanji/chap7/heaven.pdf></home/henri/stuff/japanes
e/kanji/chap7/so_heaven.pdf></home/henri/stuff/japanese/kanji/chap7/part.pdf></h
ome/henri/stuff/japanese/kanji/chap7/so_part.pdf>]
File: /home/henri/stuff/japanese/kanji/chap7/thing.pdf Graphic file (type pdf)
<use /home/henri/stuff/japanese/kanji/chap7/thing.pdf>
Package luatex.def Info: /home/henri/stuff/japanese/kanji/chap7/thing.pdf  used 
on input line 204.
(luatex.def)             Requested size: 56.90388pt x 56.90388pt.
File: /home/henri/stuff/japanese/kanji/chap7/so_thing.pdf Graphic file (type pdf
)
<use /home/henri/stuff/japanese/kanji/chap7/so_thing.pdf>
Package luatex.def Info: /home/henri/stuff/japanese/kanji/chap7/so_thing.pdf  us
ed on input line 204.
(luatex.def)             Requested size: 56.8991pt x 56.8991pt.

Overfull \hbox (0.81456pt too wide) in alignment at lines 204--204
[][][]
 []

File: /home/henri/stuff/japanese/kanji/chap7/axe.pdf Graphic file (type pdf)
<use /home/henri/stuff/japanese/kanji/chap7/axe.pdf>
Package luatex.def Info: /home/henri/stuff/japanese/kanji/chap7/axe.pdf  used on
 input line 251.
(luatex.def)             Requested size: 56.90388pt x 56.90388pt.
File: /home/henri/stuff/japanese/kanji/chap7/so_axe.pdf Graphic file (type pdf)
<use /home/henri/stuff/japanese/kanji/chap7/so_axe.pdf>
Package luatex.def Info: /home/henri/stuff/japanese/kanji/chap7/so_axe.pdf  used
 on input line 251.
(luatex.def)             Requested size: 56.8991pt x 56.8991pt.

Overfull \hbox (0.81456pt too wide) in alignment at lines 251--251
[][][]
 []

[71</home/henri/stuff/japanese/kanji/chap7/thing.pdf></home/henri/stuff/japanese
/kanji/chap7/so_thing.pdf></home/henri/stuff/japanese/kanji/chap7/axe.pdf></home
/henri/stuff/japanese/kanji/chap7/so_axe.pdf>]
File: /home/henri/stuff/japanese/kanji/chap7/new.pdf Graphic file (type pdf)
<use /home/henri/stuff/japanese/kanji/chap7/new.pdf>
Package luatex.def Info: /home/henri/stuff/japanese/kanji/chap7/new.pdf  used on
 input line 292.
(luatex.def)             Requested size: 56.90388pt x 56.90388pt.
File: /home/henri/stuff/japanese/kanji/chap7/so_new.pdf Graphic file (type pdf)
<use /home/henri/stuff/japanese/kanji/chap7/so_new.pdf>
Package luatex.def Info: /home/henri/stuff/japanese/kanji/chap7/so_new.pdf  used
 on input line 292.
(luatex.def)             Requested size: 56.8991pt x 56.8991pt.

Overfull \hbox (0.81456pt too wide) in alignment at lines 292--292
[][][]
 []

File: /home/henri/stuff/japanese/kanji/chap7/flower.pdf Graphic file (type pdf)
<use /home/henri/stuff/japanese/kanji/chap7/flower.pdf>
Package luatex.def Info: /home/henri/stuff/japanese/kanji/chap7/flower.pdf  used
 on input line 336.
(luatex.def)             Requested size: 56.90388pt x 56.90388pt.
File: /home/henri/stuff/japanese/kanji/chap7/so_flower.pdf Graphic file (type pd
f)
<use /home/henri/stuff/japanese/kanji/chap7/so_flower.pdf>
Package luatex.def Info: /home/henri/stuff/japanese/kanji/chap7/so_flower.pdf  u
sed on input line 336.
(luatex.def)             Requested size: 56.8991pt x 56.8991pt.

Overfull \hbox (0.81456pt too wide) in alignment at lines 336--336
[][][]
 []

[72</home/henri/stuff/japanese/kanji/chap7/new.pdf></home/henri/stuff/japanese/k
anji/chap7/so_new.pdf></home/henri/stuff/japanese/kanji/chap7/flower.pdf></home/
henri/stuff/japanese/kanji/chap7/so_flower.pdf>]
File: /home/henri/stuff/japanese/kanji/chap7/name.pdf Graphic file (type pdf)
<use /home/henri/stuff/japanese/kanji/chap7/name.pdf>
Package luatex.def Info: /home/henri/stuff/japanese/kanji/chap7/name.pdf  used o
n input line 383.
(luatex.def)             Requested size: 56.90388pt x 56.90388pt.
File: /home/henri/stuff/japanese/kanji/chap7/so_name.pdf Graphic file (type pdf)

<use /home/henri/stuff/japanese/kanji/chap7/so_name.pdf>
Package luatex.def Info: /home/henri/stuff/japanese/kanji/chap7/so_name.pdf  use
d on input line 383.
(luatex.def)             Requested size: 56.8991pt x 56.8991pt.

Overfull \hbox (0.81456pt too wide) in alignment at lines 383--383
[][][]
 []

File: /home/henri/stuff/japanese/kanji/chap7/mother.pdf Graphic file (type pdf)
<use /home/henri/stuff/japanese/kanji/chap7/mother.pdf>
Package luatex.def Info: /home/henri/stuff/japanese/kanji/chap7/mother.pdf  used
 on input line 426.
(luatex.def)             Requested size: 56.90388pt x 56.90388pt.
File: /home/henri/stuff/japanese/kanji/chap7/so_mother.pdf Graphic file (type pd
f)
<use /home/henri/stuff/japanese/kanji/chap7/so_mother.pdf>
Package luatex.def Info: /home/henri/stuff/japanese/kanji/chap7/so_mother.pdf  u
sed on input line 426.
(luatex.def)             Requested size: 56.8991pt x 56.8991pt.

Overfull \hbox (0.81456pt too wide) in alignment at lines 426--426
[][][]
 []

[73</home/henri/stuff/japanese/kanji/chap7/name.pdf></home/henri/stuff/japanese/
kanji/chap7/so_name.pdf></home/henri/stuff/japanese/kanji/chap7/mother.pdf></hom
e/henri/stuff/japanese/kanji/chap7/so_mother.pdf>]
File: /home/henri/stuff/japanese/kanji/chap7/private.pdf Graphic file (type pdf)

<use /home/henri/stuff/japanese/kanji/chap7/private.pdf>
Package luatex.def Info: /home/henri/stuff/japanese/kanji/chap7/private.pdf  use
d on input line 476.
(luatex.def)             Requested size: 56.90388pt x 56.90388pt.
File: /home/henri/stuff/japanese/kanji/chap7/so_private.pdf Graphic file (type p
df)
<use /home/henri/stuff/japanese/kanji/chap7/so_private.pdf>
Package luatex.def Info: /home/henri/stuff/japanese/kanji/chap7/so_private.pdf  
used on input line 476.
(luatex.def)             Requested size: 56.8991pt x 56.8991pt.

Overfull \hbox (0.81456pt too wide) in alignment at lines 476--476
[][][]
 []

File: /home/henri/stuff/japanese/kanji/chap7/night.pdf Graphic file (type pdf)
<use /home/henri/stuff/japanese/kanji/chap7/night.pdf>
Package luatex.def Info: /home/henri/stuff/japanese/kanji/chap7/night.pdf  used 
on input line 520.
(luatex.def)             Requested size: 56.90388pt x 56.90388pt.
File: /home/henri/stuff/japanese/kanji/chap7/so_night.pdf Graphic file (type pdf
)
<use /home/henri/stuff/japanese/kanji/chap7/so_night.pdf>
Package luatex.def Info: /home/henri/stuff/japanese/kanji/chap7/so_night.pdf  us
ed on input line 520.
(luatex.def)             Requested size: 56.8991pt x 56.8991pt.

Overfull \hbox (0.81456pt too wide) in alignment at lines 520--520
[][][]
 []


Overfull \hbox (0.81456pt too wide) in alignment at lines 537--537
[][][]
 []

[74</home/henri/stuff/japanese/kanji/chap7/private.pdf></home/henri/stuff/japane
se/kanji/chap7/so_private.pdf></home/henri/stuff/japanese/kanji/chap7/night.pdf>
</home/henri/stuff/japanese/kanji/chap7/so_night.pdf>]
File: /home/henri/stuff/japanese/kanji/chap7/before.pdf Graphic file (type pdf)
<use /home/henri/stuff/japanese/kanji/chap7/before.pdf>
Package luatex.def Info: /home/henri/stuff/japanese/kanji/chap7/before.pdf  used
 on input line 571.
(luatex.def)             Requested size: 56.90388pt x 56.90388pt.
File: /home/henri/stuff/japanese/kanji/chap7/so_before.pdf Graphic file (type pd
f)
<use /home/henri/stuff/japanese/kanji/chap7/so_before.pdf>
Package luatex.def Info: /home/henri/stuff/japanese/kanji/chap7/so_before.pdf  u
sed on input line 571.
(luatex.def)             Requested size: 56.8991pt x 56.8991pt.

Overfull \hbox (0.81456pt too wide) in alignment at lines 571--571
[][][]
 []

File: /home/henri/stuff/japanese/kanji/chap7/many.pdf Graphic file (type pdf)
<use /home/henri/stuff/japanese/kanji/chap7/many.pdf>
Package luatex.def Info: /home/henri/stuff/japanese/kanji/chap7/many.pdf  used o
n input line 616.
(luatex.def)             Requested size: 56.90388pt x 56.90388pt.
File: /home/henri/stuff/japanese/kanji/chap7/so_many.pdf Graphic file (type pdf)

<use /home/henri/stuff/japanese/kanji/chap7/so_many.pdf>
Package luatex.def Info: /home/henri/stuff/japanese/kanji/chap7/so_many.pdf  use
d on input line 616.
(luatex.def)             Requested size: 56.8991pt x 56.8991pt.

Overfull \hbox (0.81456pt too wide) in alignment at lines 616--616
[][][]
 []

[75</home/henri/stuff/japanese/kanji/chap7/before.pdf></home/henri/stuff/japanes
e/kanji/chap7/so_before.pdf></home/henri/stuff/japanese/kanji/chap7/many.pdf></h
ome/henri/stuff/japanese/kanji/chap7/so_many.pdf>]
File: /home/henri/stuff/japanese/kanji/chap7/hold.pdf Graphic file (type pdf)
<use /home/henri/stuff/japanese/kanji/chap7/hold.pdf>
Package luatex.def Info: /home/henri/stuff/japanese/kanji/chap7/hold.pdf  used o
n input line 662.
(luatex.def)             Requested size: 56.90388pt x 56.90388pt.
File: /home/henri/stuff/japanese/kanji/chap7/so_hold.pdf Graphic file (type pdf)

<use /home/henri/stuff/japanese/kanji/chap7/so_hold.pdf>
Package luatex.def Info: /home/henri/stuff/japanese/kanji/chap7/so_hold.pdf  use
d on input line 662.
(luatex.def)             Requested size: 56.8991pt x 56.8991pt.

Overfull \hbox (0.81456pt too wide) in alignment at lines 662--662
[][][]
 []


Overfull \hbox (0.81456pt too wide) in alignment at lines 691--691
[][][]
 []

File: /home/henri/stuff/japanese/kanji/chap7/write.pdf Graphic file (type pdf)
<use /home/henri/stuff/japanese/kanji/chap7/write.pdf>
Package luatex.def Info: /home/henri/stuff/japanese/kanji/chap7/write.pdf  used 
on input line 708.
(luatex.def)             Requested size: 56.90388pt x 56.90388pt.
File: /home/henri/stuff/japanese/kanji/chap7/so_write.pdf Graphic file (type pdf
)
<use /home/henri/stuff/japanese/kanji/chap7/so_write.pdf>
Package luatex.def Info: /home/henri/stuff/japanese/kanji/chap7/so_write.pdf  us
ed on input line 708.
(luatex.def)             Requested size: 56.8991pt x 56.8991pt.

Overfull \hbox (0.81456pt too wide) in alignment at lines 708--708
[][][]
 []


Overfull \hbox (0.81456pt too wide) in alignment at lines 739--739
[][][]
 []

[76</home/henri/stuff/japanese/kanji/chap7/hold.pdf></home/henri/stuff/japanese/
kanji/chap7/so_hold.pdf></home/henri/stuff/japanese/kanji/chap7/write.pdf></home
/henri/stuff/japanese/kanji/chap7/so_write.pdf>]
File: /home/henri/stuff/japanese/kanji/chap7/sound.pdf Graphic file (type pdf)
<use /home/henri/stuff/japanese/kanji/chap7/sound.pdf>
Package luatex.def Info: /home/henri/stuff/japanese/kanji/chap7/sound.pdf  used 
on input line 756.
(luatex.def)             Requested size: 56.90388pt x 56.90388pt.
File: /home/henri/stuff/japanese/kanji/chap7/so_sound.pdf Graphic file (type pdf
)
<use /home/henri/stuff/japanese/kanji/chap7/so_sound.pdf>
Package luatex.def Info: /home/henri/stuff/japanese/kanji/chap7/so_sound.pdf  us
ed on input line 756.
(luatex.def)             Requested size: 56.8991pt x 56.8991pt.

Overfull \hbox (0.81456pt too wide) in alignment at lines 756--756
[][][]
 []


Overfull \hbox (0.81456pt too wide) in alignment at lines 788--788
[][][]
 []

File: /home/henri/stuff/japanese/kanji/chap7/meet.pdf Graphic file (type pdf)
<use /home/henri/stuff/japanese/kanji/chap7/meet.pdf>
Package luatex.def Info: /home/henri/stuff/japanese/kanji/chap7/meet.pdf  used o
n input line 805.
(luatex.def)             Requested size: 56.90388pt x 56.90388pt.
File: /home/henri/stuff/japanese/kanji/chap7/so_meet.pdf Graphic file (type pdf)

<use /home/henri/stuff/japanese/kanji/chap7/so_meet.pdf>
Package luatex.def Info: /home/henri/stuff/japanese/kanji/chap7/so_meet.pdf  use
d on input line 805.
(luatex.def)             Requested size: 56.8991pt x 56.8991pt.

Overfull \hbox (0.81456pt too wide) in alignment at lines 805--805
[][][]
 []

[77</home/henri/stuff/japanese/kanji/chap7/sound.pdf></home/henri/stuff/japanese
/kanji/chap7/so_sound.pdf></home/henri/stuff/japanese/kanji/chap7/meet.pdf></hom
e/henri/stuff/japanese/kanji/chap7/so_meet.pdf>]
File: /home/henri/stuff/japanese/kanji/chap7/hear.pdf Graphic file (type pdf)
<use /home/henri/stuff/japanese/kanji/chap7/hear.pdf>
Package luatex.def Info: /home/henri/stuff/japanese/kanji/chap7/hear.pdf  used o
n input line 852.
(luatex.def)             Requested size: 56.90388pt x 56.90388pt.
File: /home/henri/stuff/japanese/kanji/chap7/so_hear.pdf Graphic file (type pdf)

<use /home/henri/stuff/japanese/kanji/chap7/so_hear.pdf>
Package luatex.def Info: /home/henri/stuff/japanese/kanji/chap7/so_hear.pdf  use
d on input line 852.
(luatex.def)             Requested size: 56.8991pt x 56.8991pt.

Overfull \hbox (0.81456pt too wide) in alignment at lines 852--852
[][][]
 []

File: /home/henri/stuff/japanese/kanji/chap7/center.pdf Graphic file (type pdf)
<use /home/henri/stuff/japanese/kanji/chap7/center.pdf>
Package luatex.def Info: /home/henri/stuff/japanese/kanji/chap7/center.pdf  used
 on input line 898.
(luatex.def)             Requested size: 56.90388pt x 56.90388pt.
File: /home/henri/stuff/japanese/kanji/chap7/so_center.pdf Graphic file (type pd
f)
<use /home/henri/stuff/japanese/kanji/chap7/so_center.pdf>
Package luatex.def Info: /home/henri/stuff/japanese/kanji/chap7/so_center.pdf  u
sed on input line 898.
(luatex.def)             Requested size: 56.8991pt x 56.8991pt.

Overfull \hbox (0.81456pt too wide) in alignment at lines 898--898
[][][]
 []

) [78</home/henri/stuff/japanese/kanji/chap7/hear.pdf></home/henri/stuff/japanes
e/kanji/chap7/so_hear.pdf></home/henri/stuff/japanese/kanji/chap7/center.pdf></h
ome/henri/stuff/japanese/kanji/chap7/so_center.pdf>]
第 8 章
(./chap8.tex
File: /home/henri/stuff/japanese/kanji/chap8/near.pdf Graphic file (type pdf)
<use /home/henri/stuff/japanese/kanji/chap8/near.pdf>
Package luatex.def Info: /home/henri/stuff/japanese/kanji/chap8/near.pdf  used o
n input line 7.
(luatex.def)             Requested size: 56.90388pt x 56.90388pt.
File: /home/henri/stuff/japanese/kanji/chap8/so_near.pdf Graphic file (type pdf)

<use /home/henri/stuff/japanese/kanji/chap8/so_near.pdf>
Package luatex.def Info: /home/henri/stuff/japanese/kanji/chap8/so_near.pdf  use
d on input line 7.
(luatex.def)             Requested size: 56.8991pt x 56.8991pt.

Overfull \hbox (0.81456pt too wide) in alignment at lines 7--7
[][][]
 []

File: /home/henri/stuff/japanese/kanji/chap8/lose.pdf Graphic file (type pdf)
<use /home/henri/stuff/japanese/kanji/chap8/lose.pdf>
Package luatex.def Info: /home/henri/stuff/japanese/kanji/chap8/lose.pdf  used o
n input line 51.
(luatex.def)             Requested size: 56.90388pt x 56.90388pt.
File: /home/henri/stuff/japanese/kanji/chap8/so_lose.pdf Graphic file (type pdf)

<use /home/henri/stuff/japanese/kanji/chap8/so_lose.pdf>
Package luatex.def Info: /home/henri/stuff/japanese/kanji/chap8/so_lose.pdf  use
d on input line 51.
(luatex.def)             Requested size: 56.8991pt x 56.8991pt.

Overfull \hbox (0.81456pt too wide) in alignment at lines 51--51
[][][]
 []

[79

</home/henri/stuff/japanese/kanji/chap8/near.pdf></home/henri/stuff/japanese/kan
ji/chap8/so_near.pdf></home/henri/stuff/japanese/kanji/chap8/lose.pdf></home/hen
ri/stuff/japanese/kanji/chap8/so_lose.pdf>]
File: /home/henri/stuff/japanese/kanji/chap8/bow.pdf Graphic file (type pdf)
<use /home/henri/stuff/japanese/kanji/chap8/bow.pdf>
Package luatex.def Info: /home/henri/stuff/japanese/kanji/chap8/bow.pdf  used on
 input line 94.
(luatex.def)             Requested size: 56.90388pt x 56.90388pt.
File: /home/henri/stuff/japanese/kanji/chap8/so_bow.pdf Graphic file (type pdf)
<use /home/henri/stuff/japanese/kanji/chap8/so_bow.pdf>
Package luatex.def Info: /home/henri/stuff/japanese/kanji/chap8/so_bow.pdf  used
 on input line 94.
(luatex.def)             Requested size: 56.8991pt x 56.8991pt.

Overfull \hbox (0.81456pt too wide) in alignment at lines 94--94
[][][]
 []

File: /home/henri/stuff/japanese/kanji/chap8/horse.pdf Graphic file (type pdf)
<use /home/henri/stuff/japanese/kanji/chap8/horse.pdf>
Package luatex.def Info: /home/henri/stuff/japanese/kanji/chap8/horse.pdf  used 
on input line 134.
(luatex.def)             Requested size: 56.90388pt x 56.90388pt.
File: /home/henri/stuff/japanese/kanji/chap8/so_horse.pdf Graphic file (type pdf
)
<use /home/henri/stuff/japanese/kanji/chap8/so_horse.pdf>
Package luatex.def Info: /home/henri/stuff/japanese/kanji/chap8/so_horse.pdf  us
ed on input line 134.
(luatex.def)             Requested size: 56.8991pt x 56.8991pt.

Overfull \hbox (0.81456pt too wide) in alignment at lines 134--134
[][][]
 []

[80</home/henri/stuff/japanese/kanji/chap8/bow.pdf></home/henri/stuff/japanese/k
anji/chap8/so_bow.pdf></home/henri/stuff/japanese/kanji/chap8/horse.pdf></home/h
enri/stuff/japanese/kanji/chap8/so_horse.pdf>]
File: /home/henri/stuff/japanese/kanji/chap8/week.pdf Graphic file (type pdf)
<use /home/henri/stuff/japanese/kanji/chap8/week.pdf>
Package luatex.def Info: /home/henri/stuff/japanese/kanji/chap8/week.pdf  used o
n input line 178.
(luatex.def)             Requested size: 56.90388pt x 56.90388pt.
File: /home/henri/stuff/japanese/kanji/chap8/so_week.pdf Graphic file (type pdf)

<use /home/henri/stuff/japanese/kanji/chap8/so_week.pdf>
Package luatex.def Info: /home/henri/stuff/japanese/kanji/chap8/so_week.pdf  use
d on input line 178.
(luatex.def)             Requested size: 56.8991pt x 56.8991pt.

Overfull \hbox (0.81456pt too wide) in alignment at lines 178--178
[][][]
 []

File: /home/henri/stuff/japanese/kanji/chap8/pull.pdf Graphic file (type pdf)
<use /home/henri/stuff/japanese/kanji/chap8/pull.pdf>
Package luatex.def Info: /home/henri/stuff/japanese/kanji/chap8/pull.pdf  used o
n input line 226.
(luatex.def)             Requested size: 56.90388pt x 56.90388pt.
File: /home/henri/stuff/japanese/kanji/chap8/so_pull.pdf Graphic file (type pdf)

<use /home/henri/stuff/japanese/kanji/chap8/so_pull.pdf>
Package luatex.def Info: /home/henri/stuff/japanese/kanji/chap8/so_pull.pdf  use
d on input line 226.
(luatex.def)             Requested size: 56.8991pt x 56.8991pt.

Overfull \hbox (0.81456pt too wide) in alignment at lines 226--226
[][][]
 []


Overfull \hbox (0.81456pt too wide) in alignment at lines 259--259
[][][]
 []

[81</home/henri/stuff/japanese/kanji/chap8/week.pdf></home/henri/stuff/japanese/
kanji/chap8/so_week.pdf></home/henri/stuff/japanese/kanji/chap8/pull.pdf></home/
henri/stuff/japanese/kanji/chap8/so_pull.pdf>]
File: /home/henri/stuff/japanese/kanji/chap8/second.pdf Graphic file (type pdf)
<use /home/henri/stuff/japanese/kanji/chap8/second.pdf>
Package luatex.def Info: /home/henri/stuff/japanese/kanji/chap8/second.pdf  used
 on input line 276.
(luatex.def)             Requested size: 56.90388pt x 56.90388pt.
File: /home/henri/stuff/japanese/kanji/chap8/so_second.pdf Graphic file (type pd
f)
<use /home/henri/stuff/japanese/kanji/chap8/so_second.pdf>
Package luatex.def Info: /home/henri/stuff/japanese/kanji/chap8/so_second.pdf  u
sed on input line 276.
(luatex.def)             Requested size: 56.8991pt x 56.8991pt.

Overfull \hbox (0.81456pt too wide) in alignment at lines 276--276
[][][]
 []

File: /home/henri/stuff/japanese/kanji/chap8/shell.pdf Graphic file (type pdf)
<use /home/henri/stuff/japanese/kanji/chap8/shell.pdf>
Package luatex.def Info: /home/henri/stuff/japanese/kanji/chap8/shell.pdf  used 
on input line 320.
(luatex.def)             Requested size: 56.90388pt x 56.90388pt.
File: /home/henri/stuff/japanese/kanji/chap8/so_shell.pdf Graphic file (type pdf
)
<use /home/henri/stuff/japanese/kanji/chap8/so_shell.pdf>
Package luatex.def Info: /home/henri/stuff/japanese/kanji/chap8/so_shell.pdf  us
ed on input line 320.
(luatex.def)             Requested size: 56.8991pt x 56.8991pt.

Overfull \hbox (0.81456pt too wide) in alignment at lines 320--320
[][][]
 []

[82</home/henri/stuff/japanese/kanji/chap8/second.pdf></home/henri/stuff/japanes
e/kanji/chap8/so_second.pdf></home/henri/stuff/japanese/kanji/chap8/shell.pdf></
home/henri/stuff/japanese/kanji/chap8/so_shell.pdf>]
File: /home/henri/stuff/japanese/kanji/chap8/spirit.pdf Graphic file (type pdf)
<use /home/henri/stuff/japanese/kanji/chap8/spirit.pdf>
Package luatex.def Info: /home/henri/stuff/japanese/kanji/chap8/spirit.pdf  used
 on input line 362.
(luatex.def)             Requested size: 56.90388pt x 56.90388pt.
File: /home/henri/stuff/japanese/kanji/chap8/so_spirit.pdf Graphic file (type pd
f)
<use /home/henri/stuff/japanese/kanji/chap8/so_spirit.pdf>
Package luatex.def Info: /home/henri/stuff/japanese/kanji/chap8/so_spirit.pdf  u
sed on input line 362.
(luatex.def)             Requested size: 56.8991pt x 56.8991pt.

Overfull \hbox (0.81456pt too wide) in alignment at lines 362--362
[][][]
 []

File: /home/henri/stuff/japanese/kanji/chap8/time.pdf Graphic file (type pdf)
<use /home/henri/stuff/japanese/kanji/chap8/time.pdf>
Package luatex.def Info: /home/henri/stuff/japanese/kanji/chap8/time.pdf  used o
n input line 410.
(luatex.def)             Requested size: 56.90388pt x 56.90388pt.
File: /home/henri/stuff/japanese/kanji/chap8/so_time.pdf Graphic file (type pdf)

<use /home/henri/stuff/japanese/kanji/chap8/so_time.pdf>
Package luatex.def Info: /home/henri/stuff/japanese/kanji/chap8/so_time.pdf  use
d on input line 410.
(luatex.def)             Requested size: 56.8991pt x 56.8991pt.

Overfull \hbox (0.81456pt too wide) in alignment at lines 410--410
[][][]
 []


Overfull \hbox (0.81456pt too wide) in alignment at lines 441--441
[][][]
 []

[83</home/henri/stuff/japanese/kanji/chap8/spirit.pdf></home/henri/stuff/japanes
e/kanji/chap8/so_spirit.pdf></home/henri/stuff/japanese/kanji/chap8/time.pdf></h
ome/henri/stuff/japanese/kanji/chap8/so_time.pdf>]
File: /home/henri/stuff/japanese/kanji/chap8/speak.pdf Graphic file (type pdf)
<use /home/henri/stuff/japanese/kanji/chap8/speak.pdf>
Package luatex.def Info: /home/henri/stuff/japanese/kanji/chap8/speak.pdf  used 
on input line 462.
(luatex.def)             Requested size: 56.90388pt x 56.90388pt.
File: /home/henri/stuff/japanese/kanji/chap8/so_speak.pdf Graphic file (type pdf
)
<use /home/henri/stuff/japanese/kanji/chap8/so_speak.pdf>
Package luatex.def Info: /home/henri/stuff/japanese/kanji/chap8/so_speak.pdf  us
ed on input line 462.
(luatex.def)             Requested size: 56.8991pt x 56.8991pt.

Overfull \hbox (0.81456pt too wide) in alignment at lines 462--462
[][][]
 []


Overfull \hbox (0.81456pt too wide) in alignment at lines 478--478
[][][]
 []

File: /home/henri/stuff/japanese/kanji/chap8/english.pdf Graphic file (type pdf)

<use /home/henri/stuff/japanese/kanji/chap8/english.pdf>
Package luatex.def Info: /home/henri/stuff/japanese/kanji/chap8/english.pdf  use
d on input line 510.
(luatex.def)             Requested size: 56.90388pt x 56.90388pt.
File: /home/henri/stuff/japanese/kanji/chap8/so_english.pdf Graphic file (type p
df)
<use /home/henri/stuff/japanese/kanji/chap8/so_english.pdf>
Package luatex.def Info: /home/henri/stuff/japanese/kanji/chap8/so_english.pdf  
used on input line 510.
(luatex.def)             Requested size: 56.8991pt x 56.8991pt.

Overfull \hbox (0.81456pt too wide) in alignment at lines 510--510
[][][]
 []

[84</home/henri/stuff/japanese/kanji/chap8/speak.pdf></home/henri/stuff/japanese
/kanji/chap8/so_speak.pdf></home/henri/stuff/japanese/kanji/chap8/english.pdf></
home/henri/stuff/japanese/kanji/chap8/so_english.pdf>]
File: /home/henri/stuff/japanese/kanji/chap8/instruction.pdf Graphic file (type 
pdf)
<use /home/henri/stuff/japanese/kanji/chap8/instruction.pdf>
Package luatex.def Info: /home/henri/stuff/japanese/kanji/chap8/instruction.pdf 
 used on input line 556.
(luatex.def)             Requested size: 56.90388pt x 56.90388pt.
File: /home/henri/stuff/japanese/kanji/chap8/so_instruction.pdf Graphic file (ty
pe pdf)
<use /home/henri/stuff/japanese/kanji/chap8/so_instruction.pdf>
Package luatex.def Info: /home/henri/stuff/japanese/kanji/chap8/so_instruction.p
df  used on input line 556.
(luatex.def)             Requested size: 56.8991pt x 56.8991pt.

Overfull \hbox (0.81456pt too wide) in alignment at lines 556--556
[][][]
 []

File: /home/henri/stuff/japanese/kanji/chap8/push.pdf Graphic file (type pdf)
<use /home/henri/stuff/japanese/kanji/chap8/push.pdf>
Package luatex.def Info: /home/henri/stuff/japanese/kanji/chap8/push.pdf  used o
n input line 597.
(luatex.def)             Requested size: 56.90388pt x 56.90388pt.
File: /home/henri/stuff/japanese/kanji/chap8/so_push.pdf Graphic file (type pdf)

<use /home/henri/stuff/japanese/kanji/chap8/so_push.pdf>
Package luatex.def Info: /home/henri/stuff/japanese/kanji/chap8/so_push.pdf  use
d on input line 597.
(luatex.def)             Requested size: 56.8991pt x 56.8991pt.

Overfull \hbox (0.81456pt too wide) in alignment at lines 597--597
[][][]
 []


Overfull \hbox (0.81456pt too wide) in alignment at lines 629--629
[][][]
 []

[85</home/henri/stuff/japanese/kanji/chap8/instruction.pdf></home/henri/stuff/ja
panese/kanji/chap8/so_instruction.pdf></home/henri/stuff/japanese/kanji/chap8/pu
sh.pdf></home/henri/stuff/japanese/kanji/chap8/so_push.pdf>]
File: /home/henri/stuff/japanese/kanji/chap8/year.pdf Graphic file (type pdf)
<use /home/henri/stuff/japanese/kanji/chap8/year.pdf>
Package luatex.def Info: /home/henri/stuff/japanese/kanji/chap8/year.pdf  used o
n input line 646.
(luatex.def)             Requested size: 56.90388pt x 56.90388pt.
File: /home/henri/stuff/japanese/kanji/chap8/so_year.pdf Graphic file (type pdf)

<use /home/henri/stuff/japanese/kanji/chap8/so_year.pdf>
Package luatex.def Info: /home/henri/stuff/japanese/kanji/chap8/so_year.pdf  use
d on input line 646.
(luatex.def)             Requested size: 56.8991pt x 56.8991pt.

Overfull \hbox (0.81456pt too wide) in alignment at lines 646--646
[][][]
 []

File: /home/henri/stuff/japanese/kanji/chap8/come.pdf Graphic file (type pdf)
<use /home/henri/stuff/japanese/kanji/chap8/come.pdf>
Package luatex.def Info: /home/henri/stuff/japanese/kanji/chap8/come.pdf  used o
n input line 692.
(luatex.def)             Requested size: 56.90388pt x 56.90388pt.
File: /home/henri/stuff/japanese/kanji/chap8/so_come.pdf Graphic file (type pdf)

<use /home/henri/stuff/japanese/kanji/chap8/so_come.pdf>
Package luatex.def Info: /home/henri/stuff/japanese/kanji/chap8/so_come.pdf  use
d on input line 692.
(luatex.def)             Requested size: 56.8991pt x 56.8991pt.

Overfull \hbox (0.81456pt too wide) in alignment at lines 692--692
[][][]
 []


Overfull \hbox (0.81456pt too wide) in alignment at lines 712--712
[][][]
 []

[86</home/henri/stuff/japanese/kanji/chap8/year.pdf></home/henri/stuff/japanese/
kanji/chap8/so_year.pdf></home/henri/stuff/japanese/kanji/chap8/come.pdf></home/
henri/stuff/japanese/kanji/chap8/so_come.pdf>]
File: /home/henri/stuff/japanese/kanji/chap8/study.pdf Graphic file (type pdf)
<use /home/henri/stuff/japanese/kanji/chap8/study.pdf>
Package luatex.def Info: /home/henri/stuff/japanese/kanji/chap8/study.pdf  used 
on input line 746.
(luatex.def)             Requested size: 56.90388pt x 56.90388pt.
File: /home/henri/stuff/japanese/kanji/chap8/so_study.pdf Graphic file (type pdf
)
<use /home/henri/stuff/japanese/kanji/chap8/so_study.pdf>
Package luatex.def Info: /home/henri/stuff/japanese/kanji/chap8/so_study.pdf  us
ed on input line 746.
(luatex.def)             Requested size: 56.8991pt x 56.8991pt.

Overfull \hbox (0.81456pt too wide) in alignment at lines 746--746
[][][]
 []

File: /home/henri/stuff/japanese/kanji/chap8/mind.pdf Graphic file (type pdf)
<use /home/henri/stuff/japanese/kanji/chap8/mind.pdf>
Package luatex.def Info: /home/henri/stuff/japanese/kanji/chap8/mind.pdf  used o
n input line 792.
(luatex.def)             Requested size: 56.90388pt x 56.90388pt.
File: /home/henri/stuff/japanese/kanji/chap8/so_mind.pdf Graphic file (type pdf)

<use /home/henri/stuff/japanese/kanji/chap8/so_mind.pdf>
Package luatex.def Info: /home/henri/stuff/japanese/kanji/chap8/so_mind.pdf  use
d on input line 792.
(luatex.def)             Requested size: 56.8991pt x 56.8991pt.

Overfull \hbox (0.81456pt too wide) in alignment at lines 792--792
[][][]
 []

[87</home/henri/stuff/japanese/kanji/chap8/study.pdf></home/henri/stuff/japanese
/kanji/chap8/so_study.pdf></home/henri/stuff/japanese/kanji/chap8/mind.pdf></hom
e/henri/stuff/japanese/kanji/chap8/so_mind.pdf>]
File: /home/henri/stuff/japanese/kanji/chap8/again.pdf Graphic file (type pdf)
<use /home/henri/stuff/japanese/kanji/chap8/again.pdf>
Package luatex.def Info: /home/henri/stuff/japanese/kanji/chap8/again.pdf  used 
on input line 839.
(luatex.def)             Requested size: 56.90388pt x 56.90388pt.
File: /home/henri/stuff/japanese/kanji/chap8/so_again.pdf Graphic file (type pdf
)
<use /home/henri/stuff/japanese/kanji/chap8/so_again.pdf>
Package luatex.def Info: /home/henri/stuff/japanese/kanji/chap8/so_again.pdf  us
ed on input line 839.
(luatex.def)             Requested size: 56.8991pt x 56.8991pt.

Overfull \hbox (0.81456pt too wide) in alignment at lines 839--839
[][][]
 []


Overfull \hbox (0.81456pt too wide) in alignment at lines 866--866
[][][]
 []

File: /home/henri/stuff/japanese/kanji/chap8/red.pdf Graphic file (type pdf)
<use /home/henri/stuff/japanese/kanji/chap8/red.pdf>
Package luatex.def Info: /home/henri/stuff/japanese/kanji/chap8/red.pdf  used on
 input line 883.
(luatex.def)             Requested size: 56.90388pt x 56.90388pt.
File: /home/henri/stuff/japanese/kanji/chap8/so_red.pdf Graphic file (type pdf)
<use /home/henri/stuff/japanese/kanji/chap8/so_red.pdf>
Package luatex.def Info: /home/henri/stuff/japanese/kanji/chap8/so_red.pdf  used
 on input line 883.
(luatex.def)             Requested size: 56.8991pt x 56.8991pt.

Overfull \hbox (0.81456pt too wide) in alignment at lines 883--883
[][][]
 []

) [88</home/henri/stuff/japanese/kanji/chap8/again.pdf></home/henri/stuff/japane
se/kanji/chap8/so_again.pdf></home/henri/stuff/japanese/kanji/chap8/red.pdf></ho
me/henri/stuff/japanese/kanji/chap8/so_red.pdf>]
第 9 章
(./chap9.tex
File: /home/henri/stuff/japanese/kanji/chap9/public.pdf Graphic file (type pdf)
<use /home/henri/stuff/japanese/kanji/chap9/public.pdf>
Package luatex.def Info: /home/henri/stuff/japanese/kanji/chap9/public.pdf  used
 on input line 8.
(luatex.def)             Requested size: 56.90388pt x 56.90388pt.
File: /home/henri/stuff/japanese/kanji/chap9/so_public.pdf Graphic file (type pd
f)
<use /home/henri/stuff/japanese/kanji/chap9/so_public.pdf>
Package luatex.def Info: /home/henri/stuff/japanese/kanji/chap9/so_public.pdf  u
sed on input line 8.
(luatex.def)             Requested size: 56.8991pt x 56.8991pt.

Overfull \hbox (0.81456pt too wide) in alignment at lines 8--8
[][][]
 []

File: /home/henri/stuff/japanese/kanji/chap9/cloth.pdf Graphic file (type pdf)
<use /home/henri/stuff/japanese/kanji/chap9/cloth.pdf>
Package luatex.def Info: /home/henri/stuff/japanese/kanji/chap9/cloth.pdf  used 
on input line 53.
(luatex.def)             Requested size: 56.90388pt x 56.90388pt.
File: /home/henri/stuff/japanese/kanji/chap9/so_cloth.pdf Graphic file (type pdf
)
<use /home/henri/stuff/japanese/kanji/chap9/so_cloth.pdf>
Package luatex.def Info: /home/henri/stuff/japanese/kanji/chap9/so_cloth.pdf  us
ed on input line 53.
(luatex.def)             Requested size: 56.8991pt x 56.8991pt.

Overfull \hbox (0.81456pt too wide) in alignment at lines 53--53
[][][]
 []

[89

</home/henri/stuff/japanese/kanji/chap9/public.pdf></home/henri/stuff/japanese/k
anji/chap9/so_public.pdf></home/henri/stuff/japanese/kanji/chap9/cloth.pdf></hom
e/henri/stuff/japanese/kanji/chap9/so_cloth.pdf>]
File: /home/henri/stuff/japanese/kanji/chap9/city.pdf Graphic file (type pdf)
<use /home/henri/stuff/japanese/kanji/chap9/city.pdf>
Package luatex.def Info: /home/henri/stuff/japanese/kanji/chap9/city.pdf  used o
n input line 101.
(luatex.def)             Requested size: 56.90388pt x 56.90388pt.
File: /home/henri/stuff/japanese/kanji/chap9/so_city.pdf Graphic file (type pdf)

<use /home/henri/stuff/japanese/kanji/chap9/so_city.pdf>
Package luatex.def Info: /home/henri/stuff/japanese/kanji/chap9/so_city.pdf  use
d on input line 101.
(luatex.def)             Requested size: 56.8991pt x 56.8991pt.

Overfull \hbox (0.81456pt too wide) in alignment at lines 101--101
[][][]
 []

File: /home/henri/stuff/japanese/kanji/chap9/primary.pdf Graphic file (type pdf)

<use /home/henri/stuff/japanese/kanji/chap9/primary.pdf>
Package luatex.def Info: /home/henri/stuff/japanese/kanji/chap9/primary.pdf  use
d on input line 146.
(luatex.def)             Requested size: 56.90388pt x 56.90388pt.
File: /home/henri/stuff/japanese/kanji/chap9/so_primary.pdf Graphic file (type p
df)
<use /home/henri/stuff/japanese/kanji/chap9/so_primary.pdf>
Package luatex.def Info: /home/henri/stuff/japanese/kanji/chap9/so_primary.pdf  
used on input line 146.
(luatex.def)             Requested size: 56.8991pt x 56.8991pt.

Overfull \hbox (0.81456pt too wide) in alignment at lines 146--146
[][][]
 []

[90</home/henri/stuff/japanese/kanji/chap9/city.pdf></home/henri/stuff/japanese/
kanji/chap9/so_city.pdf></home/henri/stuff/japanese/kanji/chap9/primary.pdf></ho
me/henri/stuff/japanese/kanji/chap9/so_primary.pdf>]
File: /home/henri/stuff/japanese/kanji/chap9/block.pdf Graphic file (type pdf)
<use /home/henri/stuff/japanese/kanji/chap9/block.pdf>
Package luatex.def Info: /home/henri/stuff/japanese/kanji/chap9/block.pdf  used 
on input line 193.
(luatex.def)             Requested size: 56.90388pt x 56.90388pt.
File: /home/henri/stuff/japanese/kanji/chap9/so_block.pdf Graphic file (type pdf
)
<use /home/henri/stuff/japanese/kanji/chap9/so_block.pdf>
Package luatex.def Info: /home/henri/stuff/japanese/kanji/chap9/so_block.pdf  us
ed on input line 193.
(luatex.def)             Requested size: 56.8991pt x 56.8991pt.

Overfull \hbox (0.81456pt too wide) in alignment at lines 193--193
[][][]
 []

File: /home/henri/stuff/japanese/kanji/chap9/friend.pdf Graphic file (type pdf)
<use /home/henri/stuff/japanese/kanji/chap9/friend.pdf>
Package luatex.def Info: /home/henri/stuff/japanese/kanji/chap9/friend.pdf  used
 on input line 235.
(luatex.def)             Requested size: 56.90388pt x 56.90388pt.
File: /home/henri/stuff/japanese/kanji/chap9/so_friend.pdf Graphic file (type pd
f)
<use /home/henri/stuff/japanese/kanji/chap9/so_friend.pdf>
Package luatex.def Info: /home/henri/stuff/japanese/kanji/chap9/so_friend.pdf  u
sed on input line 235.
(luatex.def)             Requested size: 56.8991pt x 56.8991pt.

Overfull \hbox (0.81456pt too wide) in alignment at lines 235--235
[][][]
 []

[91</home/henri/stuff/japanese/kanji/chap9/block.pdf></home/henri/stuff/japanese
/kanji/chap9/so_block.pdf></home/henri/stuff/japanese/kanji/chap9/friend.pdf></h
ome/henri/stuff/japanese/kanji/chap9/so_friend.pdf>]
File: /home/henri/stuff/japanese/kanji/chap9/group.pdf Graphic file (type pdf)
<use /home/henri/stuff/japanese/kanji/chap9/group.pdf>
Package luatex.def Info: /home/henri/stuff/japanese/kanji/chap9/group.pdf  used 
on input line 280.
(luatex.def)             Requested size: 56.90388pt x 56.90388pt.
File: /home/henri/stuff/japanese/kanji/chap9/so_group.pdf Graphic file (type pdf
)
<use /home/henri/stuff/japanese/kanji/chap9/so_group.pdf>
Package luatex.def Info: /home/henri/stuff/japanese/kanji/chap9/so_group.pdf  us
ed on input line 280.
(luatex.def)             Requested size: 56.8991pt x 56.8991pt.

Overfull \hbox (0.81456pt too wide) in alignment at lines 280--280
[][][]
 []


Overfull \hbox (0.81456pt too wide) in alignment at lines 295--295
[][][]
 []

File: /home/henri/stuff/japanese/kanji/chap9/every.pdf Graphic file (type pdf)
<use /home/henri/stuff/japanese/kanji/chap9/every.pdf>
Package luatex.def Info: /home/henri/stuff/japanese/kanji/chap9/every.pdf  used 
on input line 324.
(luatex.def)             Requested size: 56.90388pt x 56.90388pt.
File: /home/henri/stuff/japanese/kanji/chap9/so_every.pdf Graphic file (type pdf
)
<use /home/henri/stuff/japanese/kanji/chap9/so_every.pdf>
Package luatex.def Info: /home/henri/stuff/japanese/kanji/chap9/so_every.pdf  us
ed on input line 324.
(luatex.def)             Requested size: 56.8991pt x 56.8991pt.

Overfull \hbox (0.81456pt too wide) in alignment at lines 324--324
[][][]
 []


Overfull \hbox (0.81456pt too wide) in alignment at lines 353--353
[][][]
 []

[92</home/henri/stuff/japanese/kanji/chap9/group.pdf></home/henri/stuff/japanese
/kanji/chap9/so_group.pdf></home/henri/stuff/japanese/kanji/chap9/every.pdf></ho
me/henri/stuff/japanese/kanji/chap9/so_every.pdf>]
File: /home/henri/stuff/japanese/kanji/chap9/empty.pdf Graphic file (type pdf)
<use /home/henri/stuff/japanese/kanji/chap9/empty.pdf>
Package luatex.def Info: /home/henri/stuff/japanese/kanji/chap9/empty.pdf  used 
on input line 371.
(luatex.def)             Requested size: 56.90388pt x 56.90388pt.
File: /home/henri/stuff/japanese/kanji/chap9/so_empty.pdf Graphic file (type pdf
)
<use /home/henri/stuff/japanese/kanji/chap9/so_empty.pdf>
Package luatex.def Info: /home/henri/stuff/japanese/kanji/chap9/so_empty.pdf  us
ed on input line 371.
(luatex.def)             Requested size: 56.8991pt x 56.8991pt.

Overfull \hbox (0.81456pt too wide) in alignment at lines 371--371
[][][]
 []


Overfull \hbox (0.81456pt too wide) in alignment at lines 394--394
[][][]
 []


Overfull \hbox (0.81456pt too wide) in alignment at lines 414--414
[][][]
 []

File: /home/henri/stuff/japanese/kanji/chap9/town.pdf Graphic file (type pdf)
<use /home/henri/stuff/japanese/kanji/chap9/town.pdf>
Package luatex.def Info: /home/henri/stuff/japanese/kanji/chap9/town.pdf  used o
n input line 429.
(luatex.def)             Requested size: 56.90388pt x 56.90388pt.
File: /home/henri/stuff/japanese/kanji/chap9/so_town.pdf Graphic file (type pdf)

<use /home/henri/stuff/japanese/kanji/chap9/so_town.pdf>
Package luatex.def Info: /home/henri/stuff/japanese/kanji/chap9/so_town.pdf  use
d on input line 429.
(luatex.def)             Requested size: 56.8991pt x 56.8991pt.

Overfull \hbox (0.81456pt too wide) in alignment at lines 429--429
[][][]
 []

[93</home/henri/stuff/japanese/kanji/chap9/empty.pdf></home/henri/stuff/japanese
/kanji/chap9/so_empty.pdf></home/henri/stuff/japanese/kanji/chap9/town.pdf></hom
e/henri/stuff/japanese/kanji/chap9/so_town.pdf>]
File: /home/henri/stuff/japanese/kanji/chap9/dog.pdf Graphic file (type pdf)
<use /home/henri/stuff/japanese/kanji/chap9/dog.pdf>
Package luatex.def Info: /home/henri/stuff/japanese/kanji/chap9/dog.pdf  used on
 input line 472.
(luatex.def)             Requested size: 56.90388pt x 56.90388pt.
File: /home/henri/stuff/japanese/kanji/chap9/so_dog.pdf Graphic file (type pdf)
<use /home/henri/stuff/japanese/kanji/chap9/so_dog.pdf>
Package luatex.def Info: /home/henri/stuff/japanese/kanji/chap9/so_dog.pdf  used
 on input line 472.
(luatex.def)             Requested size: 56.8991pt x 56.8991pt.

Overfull \hbox (0.81456pt too wide) in alignment at lines 472--472
[][][]
 []

File: /home/henri/stuff/japanese/kanji/chap9/death.pdf Graphic file (type pdf)
<use /home/henri/stuff/japanese/kanji/chap9/death.pdf>
Package luatex.def Info: /home/henri/stuff/japanese/kanji/chap9/death.pdf  used 
on input line 515.
(luatex.def)             Requested size: 56.90388pt x 56.90388pt.
File: /home/henri/stuff/japanese/kanji/chap9/so_death.pdf Graphic file (type pdf
)
<use /home/henri/stuff/japanese/kanji/chap9/so_death.pdf>
Package luatex.def Info: /home/henri/stuff/japanese/kanji/chap9/so_death.pdf  us
ed on input line 515.
(luatex.def)             Requested size: 56.8991pt x 56.8991pt.

Overfull \hbox (0.81456pt too wide) in alignment at lines 515--515
[][][]
 []

[94</home/henri/stuff/japanese/kanji/chap9/dog.pdf></home/henri/stuff/japanese/k
anji/chap9/so_dog.pdf></home/henri/stuff/japanese/kanji/chap9/death.pdf></home/h
enri/stuff/japanese/kanji/chap9/so_death.pdf>]
File: /home/henri/stuff/japanese/kanji/chap9/go.pdf Graphic file (type pdf)
<use /home/henri/stuff/japanese/kanji/chap9/go.pdf>
Package luatex.def Info: /home/henri/stuff/japanese/kanji/chap9/go.pdf  used on 
input line 560.
(luatex.def)             Requested size: 56.90388pt x 56.90388pt.
File: /home/henri/stuff/japanese/kanji/chap9/so_go.pdf Graphic file (type pdf)
<use /home/henri/stuff/japanese/kanji/chap9/so_go.pdf>
Package luatex.def Info: /home/henri/stuff/japanese/kanji/chap9/so_go.pdf  used 
on input line 560.
(luatex.def)             Requested size: 56.8991pt x 56.8991pt.

Overfull \hbox (0.81456pt too wide) in alignment at lines 560--560
[][][]
 []


Overfull \hbox (0.81456pt too wide) in alignment at lines 583--583
[][][]
 []

File: /home/henri/stuff/japanese/kanji/chap9/take.pdf Graphic file (type pdf)
<use /home/henri/stuff/japanese/kanji/chap9/take.pdf>
Package luatex.def Info: /home/henri/stuff/japanese/kanji/chap9/take.pdf  used o
n input line 615.
(luatex.def)             Requested size: 56.90388pt x 56.90388pt.
File: /home/henri/stuff/japanese/kanji/chap9/so_take.pdf Graphic file (type pdf)

<use /home/henri/stuff/japanese/kanji/chap9/so_take.pdf>
Package luatex.def Info: /home/henri/stuff/japanese/kanji/chap9/so_take.pdf  use
d on input line 615.
(luatex.def)             Requested size: 56.8991pt x 56.8991pt.

Overfull \hbox (0.81456pt too wide) in alignment at lines 615--615
[][][]
 []


Overfull \hbox (0.81456pt too wide) in alignment at lines 647--647
[][][]
 []


Overfull \vbox (0.5633pt too high) has occurred while \output is active []


[95</home/henri/stuff/japanese/kanji/chap9/go.pdf></home/henri/stuff/japanese/ka
nji/chap9/so_go.pdf></home/henri/stuff/japanese/kanji/chap9/take.pdf></home/henr
i/stuff/japanese/kanji/chap9/so_take.pdf>]
File: /home/henri/stuff/japanese/kanji/chap9/village.pdf Graphic file (type pdf)

<use /home/henri/stuff/japanese/kanji/chap9/village.pdf>
Package luatex.def Info: /home/henri/stuff/japanese/kanji/chap9/village.pdf  use
d on input line 664.
(luatex.def)             Requested size: 56.90388pt x 56.90388pt.
File: /home/henri/stuff/japanese/kanji/chap9/so_village.pdf Graphic file (type p
df)
<use /home/henri/stuff/japanese/kanji/chap9/so_village.pdf>
Package luatex.def Info: /home/henri/stuff/japanese/kanji/chap9/so_village.pdf  
used on input line 664.
(luatex.def)             Requested size: 56.8991pt x 56.8991pt.

Overfull \hbox (0.81456pt too wide) in alignment at lines 664--664
[][][]
 []


Overfull \hbox (0.81456pt too wide) in alignment at lines 691--691
[][][]
 []

File: /home/henri/stuff/japanese/kanji/chap9/character.pdf Graphic file (type pd
f)
<use /home/henri/stuff/japanese/kanji/chap9/character.pdf>
Package luatex.def Info: /home/henri/stuff/japanese/kanji/chap9/character.pdf  u
sed on input line 706.
(luatex.def)             Requested size: 56.90388pt x 56.90388pt.
File: /home/henri/stuff/japanese/kanji/chap9/so_character.pdf Graphic file (type
 pdf)
<use /home/henri/stuff/japanese/kanji/chap9/so_character.pdf>
Package luatex.def Info: /home/henri/stuff/japanese/kanji/chap9/so_character.pdf
  used on input line 706.
(luatex.def)             Requested size: 56.8991pt x 56.8991pt.

Overfull \hbox (0.81456pt too wide) in alignment at lines 706--706
[][][]
 []


Overfull \hbox (0.81456pt too wide) in alignment at lines 733--733
[][][]
 []

[96</home/henri/stuff/japanese/kanji/chap9/village.pdf></home/henri/stuff/japane
se/kanji/chap9/so_village.pdf></home/henri/stuff/japanese/kanji/chap9/character.
pdf></home/henri/stuff/japanese/kanji/chap9/so_character.pdf>]
File: /home/henri/stuff/japanese/kanji/chap9/tool.pdf Graphic file (type pdf)
<use /home/henri/stuff/japanese/kanji/chap9/tool.pdf>
Package luatex.def Info: /home/henri/stuff/japanese/kanji/chap9/tool.pdf  used o
n input line 750.
(luatex.def)             Requested size: 56.90388pt x 56.90388pt.
File: /home/henri/stuff/japanese/kanji/chap9/so_tool.pdf Graphic file (type pdf)

<use /home/henri/stuff/japanese/kanji/chap9/so_tool.pdf>
Package luatex.def Info: /home/henri/stuff/japanese/kanji/chap9/so_tool.pdf  use
d on input line 750.
(luatex.def)             Requested size: 56.8991pt x 56.8991pt.

Overfull \hbox (0.81456pt too wide) in alignment at lines 750--750
[][][]
 []

File: /home/henri/stuff/japanese/kanji/chap9/pour.pdf Graphic file (type pdf)
<use /home/henri/stuff/japanese/kanji/chap9/pour.pdf>
Package luatex.def Info: /home/henri/stuff/japanese/kanji/chap9/pour.pdf  used o
n input line 795.
(luatex.def)             Requested size: 56.90388pt x 56.90388pt.
File: /home/henri/stuff/japanese/kanji/chap9/so_pour.pdf Graphic file (type pdf)

<use /home/henri/stuff/japanese/kanji/chap9/so_pour.pdf>
Package luatex.def Info: /home/henri/stuff/japanese/kanji/chap9/so_pour.pdf  use
d on input line 795.
(luatex.def)             Requested size: 56.8991pt x 56.8991pt.

Overfull \hbox (0.81456pt too wide) in alignment at lines 795--795
[][][]
 []

[97</home/henri/stuff/japanese/kanji/chap9/tool.pdf></home/henri/stuff/japanese/
kanji/chap9/so_tool.pdf></home/henri/stuff/japanese/kanji/chap9/pour.pdf></home/
henri/stuff/japanese/kanji/chap9/so_pour.pdf>]
File: /home/henri/stuff/japanese/kanji/chap9/goods.pdf Graphic file (type pdf)
<use /home/henri/stuff/japanese/kanji/chap9/goods.pdf>
Package luatex.def Info: /home/henri/stuff/japanese/kanji/chap9/goods.pdf  used 
on input line 843.
(luatex.def)             Requested size: 56.90388pt x 56.90388pt.
File: /home/henri/stuff/japanese/kanji/chap9/so_goods.pdf Graphic file (type pdf
)
<use /home/henri/stuff/japanese/kanji/chap9/so_goods.pdf>
Package luatex.def Info: /home/henri/stuff/japanese/kanji/chap9/so_goods.pdf  us
ed on input line 843.
(luatex.def)             Requested size: 56.8991pt x 56.8991pt.

Overfull \hbox (0.81456pt too wide) in alignment at lines 843--843
[][][]
 []


Overfull \hbox (0.81456pt too wide) in alignment at lines 873--873
[][][]
 []

File: /home/henri/stuff/japanese/kanji/chap9/hamlet.pdf Graphic file (type pdf)
<use /home/henri/stuff/japanese/kanji/chap9/hamlet.pdf>
Package luatex.def Info: /home/henri/stuff/japanese/kanji/chap9/hamlet.pdf  used
 on input line 889.
(luatex.def)             Requested size: 56.90388pt x 56.90388pt.
File: /home/henri/stuff/japanese/kanji/chap9/so_hamlet.pdf Graphic file (type pd
f)
<use /home/henri/stuff/japanese/kanji/chap9/so_hamlet.pdf>
Package luatex.def Info: /home/henri/stuff/japanese/kanji/chap9/so_hamlet.pdf  u
sed on input line 889.
(luatex.def)             Requested size: 56.8991pt x 56.8991pt.

Overfull \hbox (0.81456pt too wide) in alignment at lines 889--889
[][][]
 []


Overfull \hbox (0.81456pt too wide) in alignment at lines 917--917
[][][]
 []

) [98</home/henri/stuff/japanese/kanji/chap9/goods.pdf></home/henri/stuff/japane
se/kanji/chap9/so_goods.pdf></home/henri/stuff/japanese/kanji/chap9/hamlet.pdf><
/home/henri/stuff/japanese/kanji/chap9/so_hamlet.pdf>]
第 10 章
(./chap10.tex
File: /home/henri/stuff/japanese/kanji/chap10/grove.pdf Graphic file (type pdf)
<use /home/henri/stuff/japanese/kanji/chap10/grove.pdf>
Package luatex.def Info: /home/henri/stuff/japanese/kanji/chap10/grove.pdf  used
 on input line 6.
(luatex.def)             Requested size: 56.90388pt x 56.90388pt.
File: /home/henri/stuff/japanese/kanji/chap10/so_grove.pdf Graphic file (type pd
f)
<use /home/henri/stuff/japanese/kanji/chap10/so_grove.pdf>
Package luatex.def Info: /home/henri/stuff/japanese/kanji/chap10/so_grove.pdf  u
sed on input line 6.
(luatex.def)             Requested size: 56.8991pt x 56.8991pt.

Overfull \hbox (0.81456pt too wide) in alignment at lines 6--6
[][][]
 []


Overfull \hbox (0.81456pt too wide) in alignment at lines 36--36
[][][]
 []

File: /home/henri/stuff/japanese/kanji/chap10/forest.pdf Graphic file (type pdf)

<use /home/henri/stuff/japanese/kanji/chap10/forest.pdf>
Package luatex.def Info: /home/henri/stuff/japanese/kanji/chap10/forest.pdf  use
d on input line 51.
(luatex.def)             Requested size: 56.90388pt x 56.90388pt.
File: /home/henri/stuff/japanese/kanji/chap10/so_forest.pdf Graphic file (type p
df)
<use /home/henri/stuff/japanese/kanji/chap10/so_forest.pdf>
Package luatex.def Info: /home/henri/stuff/japanese/kanji/chap10/so_forest.pdf  
used on input line 51.
(luatex.def)             Requested size: 56.8991pt x 56.8991pt.

Overfull \hbox (0.81456pt too wide) in alignment at lines 51--51
[][][]
 []

[99

</home/henri/stuff/japanese/kanji/chap10/grove.pdf></home/henri/stuff/japanese/k
anji/chap10/so_grove.pdf></home/henri/stuff/japanese/kanji/chap10/forest.pdf></h
ome/henri/stuff/japanese/kanji/chap10/so_forest.pdf>]
File: /home/henri/stuff/japanese/kanji/chap10/dawn.pdf Graphic file (type pdf)
<use /home/henri/stuff/japanese/kanji/chap10/dawn.pdf>
Package luatex.def Info: /home/henri/stuff/japanese/kanji/chap10/dawn.pdf  used 
on input line 95.
(luatex.def)             Requested size: 56.90388pt x 56.90388pt.
File: /home/henri/stuff/japanese/kanji/chap10/so_dawn.pdf Graphic file (type pdf
)
<use /home/henri/stuff/japanese/kanji/chap10/so_dawn.pdf>
Package luatex.def Info: /home/henri/stuff/japanese/kanji/chap10/so_dawn.pdf  us
ed on input line 95.
(luatex.def)             Requested size: 56.8991pt x 56.8991pt.

Overfull \hbox (0.81456pt too wide) in alignment at lines 95--95
[][][]
 []

File: /home/henri/stuff/japanese/kanji/chap10/black.pdf Graphic file (type pdf)
<use /home/henri/stuff/japanese/kanji/chap10/black.pdf>
Package luatex.def Info: /home/henri/stuff/japanese/kanji/chap10/black.pdf  used
 on input line 135.
(luatex.def)             Requested size: 56.90388pt x 56.90388pt.
File: /home/henri/stuff/japanese/kanji/chap10/so_black.pdf Graphic file (type pd
f)
<use /home/henri/stuff/japanese/kanji/chap10/so_black.pdf>
Package luatex.def Info: /home/henri/stuff/japanese/kanji/chap10/so_black.pdf  u
sed on input line 135.
(luatex.def)             Requested size: 56.8991pt x 56.8991pt.

Overfull \hbox (0.81456pt too wide) in alignment at lines 135--135
[][][]
 []


Overfull \hbox (0.81456pt too wide) in alignment at lines 165--165
[][][]
 []

[100</home/henri/stuff/japanese/kanji/chap10/dawn.pdf></home/henri/stuff/japanes
e/kanji/chap10/so_dawn.pdf></home/henri/stuff/japanese/kanji/chap10/black.pdf></
home/henri/stuff/japanese/kanji/chap10/so_black.pdf>]
File: /home/henri/stuff/japanese/kanji/chap10/mix.pdf Graphic file (type pdf)
<use /home/henri/stuff/japanese/kanji/chap10/mix.pdf>
Package luatex.def Info: /home/henri/stuff/japanese/kanji/chap10/mix.pdf  used o
n input line 184.
(luatex.def)             Requested size: 56.90388pt x 56.90388pt.
File: /home/henri/stuff/japanese/kanji/chap10/so_mix.pdf Graphic file (type pdf)

<use /home/henri/stuff/japanese/kanji/chap10/so_mix.pdf>
Package luatex.def Info: /home/henri/stuff/japanese/kanji/chap10/so_mix.pdf  use
d on input line 184.
(luatex.def)             Requested size: 56.8991pt x 56.8991pt.

Overfull \hbox (0.81456pt too wide) in alignment at lines 184--184
[][][]
 []

File: /home/henri/stuff/japanese/kanji/chap10/not.pdf Graphic file (type pdf)
<use /home/henri/stuff/japanese/kanji/chap10/not.pdf>
Package luatex.def Info: /home/henri/stuff/japanese/kanji/chap10/not.pdf  used o
n input line 227.
(luatex.def)             Requested size: 56.90388pt x 56.90388pt.
File: /home/henri/stuff/japanese/kanji/chap10/so_not.pdf Graphic file (type pdf)

<use /home/henri/stuff/japanese/kanji/chap10/so_not.pdf>
Package luatex.def Info: /home/henri/stuff/japanese/kanji/chap10/so_not.pdf  use
d on input line 227.
(luatex.def)             Requested size: 56.8991pt x 56.8991pt.

Overfull \hbox (0.81456pt too wide) in alignment at lines 227--227
[][][]
 []


Overfull \hbox (0.81456pt too wide) in alignment at lines 257--257
[][][]
 []

[101</home/henri/stuff/japanese/kanji/chap10/mix.pdf></home/henri/stuff/japanese
/kanji/chap10/so_mix.pdf></home/henri/stuff/japanese/kanji/chap10/not.pdf></home
/henri/stuff/japanese/kanji/chap10/so_not.pdf>]
File: /home/henri/stuff/japanese/kanji/chap10/after.pdf Graphic file (type pdf)
<use /home/henri/stuff/japanese/kanji/chap10/after.pdf>
Package luatex.def Info: /home/henri/stuff/japanese/kanji/chap10/after.pdf  used
 on input line 274.
(luatex.def)             Requested size: 56.90388pt x 56.90388pt.
File: /home/henri/stuff/japanese/kanji/chap10/so_after.pdf Graphic file (type pd
f)
<use /home/henri/stuff/japanese/kanji/chap10/so_after.pdf>
Package luatex.def Info: /home/henri/stuff/japanese/kanji/chap10/so_after.pdf  u
sed on input line 274.
(luatex.def)             Requested size: 56.8991pt x 56.8991pt.

Overfull \hbox (0.81456pt too wide) in alignment at lines 274--274
[][][]
 []


Overfull \hbox (0.81456pt too wide) in alignment at lines 293--293
[][][]
 []


Overfull \hbox (0.81456pt too wide) in alignment at lines 313--313
[][][]
 []

File: /home/henri/stuff/japanese/kanji/chap10/most.pdf Graphic file (type pdf)
<use /home/henri/stuff/japanese/kanji/chap10/most.pdf>
Package luatex.def Info: /home/henri/stuff/japanese/kanji/chap10/most.pdf  used 
on input line 329.
(luatex.def)             Requested size: 56.90388pt x 56.90388pt.
File: /home/henri/stuff/japanese/kanji/chap10/so_most.pdf Graphic file (type pdf
)
<use /home/henri/stuff/japanese/kanji/chap10/so_most.pdf>
Package luatex.def Info: /home/henri/stuff/japanese/kanji/chap10/so_most.pdf  us
ed on input line 329.
(luatex.def)             Requested size: 56.8991pt x 56.8991pt.

Overfull \hbox (0.81456pt too wide) in alignment at lines 329--329
[][][]
 []

[102</home/henri/stuff/japanese/kanji/chap10/after.pdf></home/henri/stuff/japane
se/kanji/chap10/so_after.pdf></home/henri/stuff/japanese/kanji/chap10/most.pdf><
/home/henri/stuff/japanese/kanji/chap10/so_most.pdf>]
File: /home/henri/stuff/japanese/kanji/chap10/fat.pdf Graphic file (type pdf)
<use /home/henri/stuff/japanese/kanji/chap10/fat.pdf>
Package luatex.def Info: /home/henri/stuff/japanese/kanji/chap10/fat.pdf  used o
n input line 375.
(luatex.def)             Requested size: 56.90388pt x 56.90388pt.
File: /home/henri/stuff/japanese/kanji/chap10/so_fat.pdf Graphic file (type pdf)

<use /home/henri/stuff/japanese/kanji/chap10/so_fat.pdf>
Package luatex.def Info: /home/henri/stuff/japanese/kanji/chap10/so_fat.pdf  use
d on input line 375.
(luatex.def)             Requested size: 56.8991pt x 56.8991pt.

Overfull \hbox (0.81456pt too wide) in alignment at lines 375--375
[][][]
 []

File: /home/henri/stuff/japanese/kanji/chap10/car.pdf Graphic file (type pdf)
<use /home/henri/stuff/japanese/kanji/chap10/car.pdf>
Package luatex.def Info: /home/henri/stuff/japanese/kanji/chap10/car.pdf  used o
n input line 418.
(luatex.def)             Requested size: 56.90388pt x 56.90388pt.
File: /home/henri/stuff/japanese/kanji/chap10/so_car.pdf Graphic file (type pdf)

<use /home/henri/stuff/japanese/kanji/chap10/so_car.pdf>
Package luatex.def Info: /home/henri/stuff/japanese/kanji/chap10/so_car.pdf  use
d on input line 418.
(luatex.def)             Requested size: 56.8991pt x 56.8991pt.

Overfull \hbox (0.81456pt too wide) in alignment at lines 418--418
[][][]
 []

[103</home/henri/stuff/japanese/kanji/chap10/fat.pdf></home/henri/stuff/japanese
/kanji/chap10/so_fat.pdf></home/henri/stuff/japanese/kanji/chap10/car.pdf></home
/henri/stuff/japanese/kanji/chap10/so_car.pdf>]
File: /home/henri/stuff/japanese/kanji/chap10/receive.pdf Graphic file (type pdf
)
<use /home/henri/stuff/japanese/kanji/chap10/receive.pdf>
Package luatex.def Info: /home/henri/stuff/japanese/kanji/chap10/receive.pdf  us
ed on input line 465.
(luatex.def)             Requested size: 56.90388pt x 56.90388pt.
File: /home/henri/stuff/japanese/kanji/chap10/so_receive.pdf Graphic file (type 
pdf)
<use /home/henri/stuff/japanese/kanji/chap10/so_receive.pdf>
Package luatex.def Info: /home/henri/stuff/japanese/kanji/chap10/so_receive.pdf 
 used on input line 465.
(luatex.def)             Requested size: 56.8991pt x 56.8991pt.

Overfull \hbox (0.81456pt too wide) in alignment at lines 465--465
[][][]
 []


Overfull \hbox (0.81456pt too wide) in alignment at lines 496--496
[][][]
 []

File: /home/henri/stuff/japanese/kanji/chap10/evil.pdf Graphic file (type pdf)
<use /home/henri/stuff/japanese/kanji/chap10/evil.pdf>
Package luatex.def Info: /home/henri/stuff/japanese/kanji/chap10/evil.pdf  used 
on input line 511.
(luatex.def)             Requested size: 56.90388pt x 56.90388pt.
File: /home/henri/stuff/japanese/kanji/chap10/so_evil.pdf Graphic file (type pdf
)
<use /home/henri/stuff/japanese/kanji/chap10/so_evil.pdf>
Package luatex.def Info: /home/henri/stuff/japanese/kanji/chap10/so_evil.pdf  us
ed on input line 511.
(luatex.def)             Requested size: 56.8991pt x 56.8991pt.

Overfull \hbox (0.81456pt too wide) in alignment at lines 511--511
[][][]
 []

[104</home/henri/stuff/japanese/kanji/chap10/receive.pdf></home/henri/stuff/japa
nese/kanji/chap10/so_receive.pdf></home/henri/stuff/japanese/kanji/chap10/evil.p
df></home/henri/stuff/japanese/kanji/chap10/so_evil.pdf>]
File: /home/henri/stuff/japanese/kanji/chap10/sea.pdf Graphic file (type pdf)
<use /home/henri/stuff/japanese/kanji/chap10/sea.pdf>
Package luatex.def Info: /home/henri/stuff/japanese/kanji/chap10/sea.pdf  used o
n input line 553.
(luatex.def)             Requested size: 56.90388pt x 56.90388pt.
File: /home/henri/stuff/japanese/kanji/chap10/so_sea.pdf Graphic file (type pdf)

<use /home/henri/stuff/japanese/kanji/chap10/so_sea.pdf>
Package luatex.def Info: /home/henri/stuff/japanese/kanji/chap10/so_sea.pdf  use
d on input line 553.
(luatex.def)             Requested size: 56.8991pt x 56.8991pt.

Overfull \hbox (0.81456pt too wide) in alignment at lines 553--553
[][][]
 []

File: /home/henri/stuff/japanese/kanji/chap10/school.pdf Graphic file (type pdf)

<use /home/henri/stuff/japanese/kanji/chap10/school.pdf>
Package luatex.def Info: /home/henri/stuff/japanese/kanji/chap10/school.pdf  use
d on input line 598.
(luatex.def)             Requested size: 56.90388pt x 56.90388pt.
File: /home/henri/stuff/japanese/kanji/chap10/so_school.pdf Graphic file (type p
df)
<use /home/henri/stuff/japanese/kanji/chap10/so_school.pdf>
Package luatex.def Info: /home/henri/stuff/japanese/kanji/chap10/so_school.pdf  
used on input line 598.
(luatex.def)             Requested size: 56.8991pt x 56.8991pt.

Overfull \hbox (0.81456pt too wide) in alignment at lines 598--598
[][][]
 []


Overfull \hbox (0.81456pt too wide) in alignment at lines 630--630
[][][]
 []

[105</home/henri/stuff/japanese/kanji/chap10/sea.pdf></home/henri/stuff/japanese
/kanji/chap10/so_sea.pdf></home/henri/stuff/japanese/kanji/chap10/school.pdf></h
ome/henri/stuff/japanese/kanji/chap10/so_school.pdf>]
File: /home/henri/stuff/japanese/kanji/chap10/leg.pdf Graphic file (type pdf)
<use /home/henri/stuff/japanese/kanji/chap10/leg.pdf>
Package luatex.def Info: /home/henri/stuff/japanese/kanji/chap10/leg.pdf  used o
n input line 649.
(luatex.def)             Requested size: 56.90388pt x 56.90388pt.
File: /home/henri/stuff/japanese/kanji/chap10/so_leg.pdf Graphic file (type pdf)

<use /home/henri/stuff/japanese/kanji/chap10/so_leg.pdf>
Package luatex.def Info: /home/henri/stuff/japanese/kanji/chap10/so_leg.pdf  use
d on input line 649.
(luatex.def)             Requested size: 56.8991pt x 56.8991pt.

Overfull \hbox (0.81456pt too wide) in alignment at lines 649--649
[][][]
 []


Overfull \hbox (0.81456pt too wide) in alignment at lines 680--680
[][][]
 []

File: /home/henri/stuff/japanese/kanji/chap10/thread.pdf Graphic file (type pdf)

<use /home/henri/stuff/japanese/kanji/chap10/thread.pdf>
Package luatex.def Info: /home/henri/stuff/japanese/kanji/chap10/thread.pdf  use
d on input line 699.
(luatex.def)             Requested size: 56.90388pt x 56.90388pt.
File: /home/henri/stuff/japanese/kanji/chap10/so_thread.pdf Graphic file (type p
df)
<use /home/henri/stuff/japanese/kanji/chap10/so_thread.pdf>
Package luatex.def Info: /home/henri/stuff/japanese/kanji/chap10/so_thread.pdf  
used on input line 699.
(luatex.def)             Requested size: 56.8991pt x 56.8991pt.

Overfull \hbox (0.81456pt too wide) in alignment at lines 699--699
[][][]
 []


Overfull \hbox (0.81456pt too wide) in alignment at lines 725--725
[][][]
 []

[106</home/henri/stuff/japanese/kanji/chap10/leg.pdf></home/henri/stuff/japanese
/kanji/chap10/so_leg.pdf></home/henri/stuff/japanese/kanji/chap10/thread.pdf></h
ome/henri/stuff/japanese/kanji/chap10/so_thread.pdf>]
File: /home/henri/stuff/japanese/kanji/chap10/same.pdf Graphic file (type pdf)
<use /home/henri/stuff/japanese/kanji/chap10/same.pdf>
Package luatex.def Info: /home/henri/stuff/japanese/kanji/chap10/same.pdf  used 
on input line 742.
(luatex.def)             Requested size: 56.90388pt x 56.90388pt.
File: /home/henri/stuff/japanese/kanji/chap10/so_same.pdf Graphic file (type pdf
)
<use /home/henri/stuff/japanese/kanji/chap10/so_same.pdf>
Package luatex.def Info: /home/henri/stuff/japanese/kanji/chap10/so_same.pdf  us
ed on input line 742.
(luatex.def)             Requested size: 56.8991pt x 56.8991pt.

Overfull \hbox (0.81456pt too wide) in alignment at lines 742--742
[][][]
 []


Overfull \hbox (0.81456pt too wide) in alignment at lines 758--758
[][][]
 []

File: /home/henri/stuff/japanese/kanji/chap10/noon.pdf Graphic file (type pdf)
<use /home/henri/stuff/japanese/kanji/chap10/noon.pdf>
Package luatex.def Info: /home/henri/stuff/japanese/kanji/chap10/noon.pdf  used 
on input line 788.
(luatex.def)             Requested size: 56.90388pt x 56.90388pt.
File: /home/henri/stuff/japanese/kanji/chap10/so_noon.pdf Graphic file (type pdf
)
<use /home/henri/stuff/japanese/kanji/chap10/so_noon.pdf>
Package luatex.def Info: /home/henri/stuff/japanese/kanji/chap10/so_noon.pdf  us
ed on input line 788.
(luatex.def)             Requested size: 56.8991pt x 56.8991pt.

Overfull \hbox (0.81456pt too wide) in alignment at lines 788--788
[][][]
 []

[107</home/henri/stuff/japanese/kanji/chap10/same.pdf></home/henri/stuff/japanes
e/kanji/chap10/so_same.pdf></home/henri/stuff/japanese/kanji/chap10/noon.pdf></h
ome/henri/stuff/japanese/kanji/chap10/so_noon.pdf>]
File: /home/henri/stuff/japanese/kanji/chap10/love.pdf Graphic file (type pdf)
<use /home/henri/stuff/japanese/kanji/chap10/love.pdf>
Package luatex.def Info: /home/henri/stuff/japanese/kanji/chap10/love.pdf  used 
on input line 831.
(luatex.def)             Requested size: 56.90388pt x 56.90388pt.
File: /home/henri/stuff/japanese/kanji/chap10/so_love.pdf Graphic file (type pdf
)
<use /home/henri/stuff/japanese/kanji/chap10/so_love.pdf>
Package luatex.def Info: /home/henri/stuff/japanese/kanji/chap10/so_love.pdf  us
ed on input line 831.
(luatex.def)             Requested size: 56.8991pt x 56.8991pt.

Overfull \hbox (0.81456pt too wide) in alignment at lines 831--831
[][][]
 []

File: /home/henri/stuff/japanese/kanji/chap10/separate.pdf Graphic file (type pd
f)
<use /home/henri/stuff/japanese/kanji/chap10/separate.pdf>
Package luatex.def Info: /home/henri/stuff/japanese/kanji/chap10/separate.pdf  u
sed on input line 878.
(luatex.def)             Requested size: 56.90388pt x 56.90388pt.
File: /home/henri/stuff/japanese/kanji/chap10/so_separate.pdf Graphic file (type
 pdf)
<use /home/henri/stuff/japanese/kanji/chap10/so_separate.pdf>
Package luatex.def Info: /home/henri/stuff/japanese/kanji/chap10/so_separate.pdf
  used on input line 878.
(luatex.def)             Requested size: 56.8991pt x 56.8991pt.

Overfull \hbox (0.81456pt too wide) in alignment at lines 878--878
[][][]
 []

) [108</home/henri/stuff/japanese/kanji/chap10/love.pdf></home/henri/stuff/japan
ese/kanji/chap10/so_love.pdf></home/henri/stuff/japanese/kanji/chap10/separate.p
df></home/henri/stuff/japanese/kanji/chap10/so_separate.pdf>]
第 11 章
(./chap11.tex
File: /home/henri/stuff/japanese/kanji/chap11/trust.pdf Graphic file (type pdf)
<use /home/henri/stuff/japanese/kanji/chap11/trust.pdf>
Package luatex.def Info: /home/henri/stuff/japanese/kanji/chap11/trust.pdf  used
 on input line 8.
(luatex.def)             Requested size: 56.90388pt x 56.90388pt.
File: /home/henri/stuff/japanese/kanji/chap11/so_trust.pdf Graphic file (type pd
f)
<use /home/henri/stuff/japanese/kanji/chap11/so_trust.pdf>
Package luatex.def Info: /home/henri/stuff/japanese/kanji/chap11/so_trust.pdf  u
sed on input line 8.
(luatex.def)             Requested size: 56.8991pt x 56.8991pt.

Overfull \hbox (0.81456pt too wide) in alignment at lines 8--8
[][][]
 []

File: /home/henri/stuff/japanese/kanji/chap11/literature.pdf Graphic file (type 
pdf)
<use /home/henri/stuff/japanese/kanji/chap11/literature.pdf>
Package luatex.def Info: /home/henri/stuff/japanese/kanji/chap11/literature.pdf 
 used on input line 45.
(luatex.def)             Requested size: 56.90388pt x 56.90388pt.
File: /home/henri/stuff/japanese/kanji/chap11/so_literature.pdf Graphic file (ty
pe pdf)
<use /home/henri/stuff/japanese/kanji/chap11/so_literature.pdf>
Package luatex.def Info: /home/henri/stuff/japanese/kanji/chap11/so_literature.p
df  used on input line 45.
(luatex.def)             Requested size: 56.8991pt x 56.8991pt.

Overfull \hbox (0.81456pt too wide) in alignment at lines 45--45
[][][]
 []

[109

</home/henri/stuff/japanese/kanji/chap11/trust.pdf></home/henri/stuff/japanese/k
anji/chap11/so_trust.pdf></home/henri/stuff/japanese/kanji/chap11/literature.pdf
></home/henri/stuff/japanese/kanji/chap11/so_literature.pdf>]
File: /home/henri/stuff/japanese/kanji/chap11/advance.pdf Graphic file (type pdf
)
<use /home/henri/stuff/japanese/kanji/chap11/advance.pdf>
Package luatex.def Info: /home/henri/stuff/japanese/kanji/chap11/advance.pdf  us
ed on input line 89.
(luatex.def)             Requested size: 56.90388pt x 56.90388pt.
File: /home/henri/stuff/japanese/kanji/chap11/so_advance.pdf Graphic file (type 
pdf)
<use /home/henri/stuff/japanese/kanji/chap11/so_advance.pdf>
Package luatex.def Info: /home/henri/stuff/japanese/kanji/chap11/so_advance.pdf 
 used on input line 89.
(luatex.def)             Requested size: 56.8991pt x 56.8991pt.

Overfull \hbox (0.81456pt too wide) in alignment at lines 89--89
[][][]
 []


Overfull \hbox (1.1322pt too wide) in paragraph at lines 117--117
 []| 
 []

File: /home/henri/stuff/japanese/kanji/chap11/sake.pdf Graphic file (type pdf)
<use /home/henri/stuff/japanese/kanji/chap11/sake.pdf>
Package luatex.def Info: /home/henri/stuff/japanese/kanji/chap11/sake.pdf  used 
on input line 126.
(luatex.def)             Requested size: 56.90388pt x 56.90388pt.
File: /home/henri/stuff/japanese/kanji/chap11/so_sake.pdf Graphic file (type pdf
)
<use /home/henri/stuff/japanese/kanji/chap11/so_sake.pdf>
Package luatex.def Info: /home/henri/stuff/japanese/kanji/chap11/so_sake.pdf  us
ed on input line 126.
(luatex.def)             Requested size: 56.8991pt x 56.8991pt.

Overfull \hbox (0.81456pt too wide) in alignment at lines 126--126
[][][]
 []


Overfull \hbox (0.81456pt too wide) in alignment at lines 142--142
[][][]
 []

[110</home/henri/stuff/japanese/kanji/chap11/advance.pdf></home/henri/stuff/japa
nese/kanji/chap11/so_advance.pdf></home/henri/stuff/japanese/kanji/chap11/sake.p
df></home/henri/stuff/japanese/kanji/chap11/so_sake.pdf>]
File: /home/henri/stuff/japanese/kanji/chap11/door.pdf Graphic file (type pdf)
<use /home/henri/stuff/japanese/kanji/chap11/door.pdf>
Package luatex.def Info: /home/henri/stuff/japanese/kanji/chap11/door.pdf  used 
on input line 166.
(luatex.def)             Requested size: 56.90388pt x 56.90388pt.
File: /home/henri/stuff/japanese/kanji/chap11/so_door.pdf Graphic file (type pdf
)
<use /home/henri/stuff/japanese/kanji/chap11/so_door.pdf>
Package luatex.def Info: /home/henri/stuff/japanese/kanji/chap11/so_door.pdf  us
ed on input line 166.
(luatex.def)             Requested size: 56.8991pt x 56.8991pt.

Overfull \hbox (0.81456pt too wide) in alignment at lines 166--166
[][][]
 []


Overfull \hbox (0.81456pt too wide) in alignment at lines 183--183
[][][]
 []

File: /home/henri/stuff/japanese/kanji/chap11/matter.pdf Graphic file (type pdf)

<use /home/henri/stuff/japanese/kanji/chap11/matter.pdf>
Package luatex.def Info: /home/henri/stuff/japanese/kanji/chap11/matter.pdf  use
d on input line 204.
(luatex.def)             Requested size: 56.90388pt x 56.90388pt.
File: /home/henri/stuff/japanese/kanji/chap11/so_matter.pdf Graphic file (type p
df)
<use /home/henri/stuff/japanese/kanji/chap11/so_matter.pdf>
Package luatex.def Info: /home/henri/stuff/japanese/kanji/chap11/so_matter.pdf  
used on input line 204.
(luatex.def)             Requested size: 56.8991pt x 56.8991pt.

Overfull \hbox (0.81456pt too wide) in alignment at lines 204--204
[][][]
 []


Overfull \hbox (0.81456pt too wide) in alignment at lines 221--221
[][][]
 []

[111</home/henri/stuff/japanese/kanji/chap11/door.pdf></home/henri/stuff/japanes
e/kanji/chap11/so_door.pdf></home/henri/stuff/japanese/kanji/chap11/matter.pdf><
/home/henri/stuff/japanese/kanji/chap11/so_matter.pdf>]
File: /home/henri/stuff/japanese/kanji/chap11/wait.pdf Graphic file (type pdf)
<use /home/henri/stuff/japanese/kanji/chap11/wait.pdf>
Package luatex.def Info: /home/henri/stuff/japanese/kanji/chap11/wait.pdf  used 
on input line 247.
(luatex.def)             Requested size: 56.90388pt x 56.90388pt.
File: /home/henri/stuff/japanese/kanji/chap11/so_wait.pdf Graphic file (type pdf
)
<use /home/henri/stuff/japanese/kanji/chap11/so_wait.pdf>
Package luatex.def Info: /home/henri/stuff/japanese/kanji/chap11/so_wait.pdf  us
ed on input line 247.
(luatex.def)             Requested size: 56.8991pt x 56.8991pt.

Overfull \hbox (0.81456pt too wide) in alignment at lines 247--247
[][][]
 []


Overfull \hbox (4.48373pt too wide) in paragraph at lines 276--276
 []| 
 []


Overfull \hbox (0.81456pt too wide) in alignment at lines 276--276
[][][]
 []

File: /home/henri/stuff/japanese/kanji/chap11/elder_brother.pdf Graphic file (ty
pe pdf)
<use /home/henri/stuff/japanese/kanji/chap11/elder_brother.pdf>
Package luatex.def Info: /home/henri/stuff/japanese/kanji/chap11/elder_brother.p
df  used on input line 284.
(luatex.def)             Requested size: 56.90388pt x 56.90388pt.
File: /home/henri/stuff/japanese/kanji/chap11/so_elder_brother.pdf Graphic file 
(type pdf)
<use /home/henri/stuff/japanese/kanji/chap11/so_elder_brother.pdf>
Package luatex.def Info: /home/henri/stuff/japanese/kanji/chap11/so_elder_brothe
r.pdf  used on input line 284.
(luatex.def)             Requested size: 56.8991pt x 56.8991pt.

Overfull \hbox (0.81456pt too wide) in alignment at lines 284--284
[][][]
 []

[112</home/henri/stuff/japanese/kanji/chap11/wait.pdf></home/henri/stuff/japanes
e/kanji/chap11/so_wait.pdf></home/henri/stuff/japanese/kanji/chap11/elder_brothe
r.pdf></home/henri/stuff/japanese/kanji/chap11/so_elder_brother.pdf>]
File: /home/henri/stuff/japanese/kanji/chap11/prefecture.pdf Graphic file (type 
pdf)
<use /home/henri/stuff/japanese/kanji/chap11/prefecture.pdf>
Package luatex.def Info: /home/henri/stuff/japanese/kanji/chap11/prefecture.pdf 
 used on input line 324.
(luatex.def)             Requested size: 56.90388pt x 56.90388pt.
File: /home/henri/stuff/japanese/kanji/chap11/so_prefecture.pdf Graphic file (ty
pe pdf)
<use /home/henri/stuff/japanese/kanji/chap11/so_prefecture.pdf>
Package luatex.def Info: /home/henri/stuff/japanese/kanji/chap11/so_prefecture.p
df  used on input line 324.
(luatex.def)             Requested size: 56.8991pt x 56.8991pt.

Overfull \hbox (0.81456pt too wide) in alignment at lines 324--324
[][][]
 []

File: /home/henri/stuff/japanese/kanji/chap11/back.pdf Graphic file (type pdf)
<use /home/henri/stuff/japanese/kanji/chap11/back.pdf>
Package luatex.def Info: /home/henri/stuff/japanese/kanji/chap11/back.pdf  used 
on input line 362.
(luatex.def)             Requested size: 56.90388pt x 56.90388pt.
File: /home/henri/stuff/japanese/kanji/chap11/so_back.pdf Graphic file (type pdf
)
<use /home/henri/stuff/japanese/kanji/chap11/so_back.pdf>
Package luatex.def Info: /home/henri/stuff/japanese/kanji/chap11/so_back.pdf  us
ed on input line 362.
(luatex.def)             Requested size: 56.8991pt x 56.8991pt.

Overfull \hbox (0.81456pt too wide) in alignment at lines 362--362
[][][]
 []


Overfull \hbox (0.81456pt too wide) in alignment at lines 383--383
[][][]
 []

[113</home/henri/stuff/japanese/kanji/chap11/prefecture.pdf></home/henri/stuff/j
apanese/kanji/chap11/so_prefecture.pdf></home/henri/stuff/japanese/kanji/chap11/
back.pdf></home/henri/stuff/japanese/kanji/chap11/so_back.pdf>]
File: /home/henri/stuff/japanese/kanji/chap11/clear.pdf Graphic file (type pdf)
<use /home/henri/stuff/japanese/kanji/chap11/clear.pdf>
Package luatex.def Info: /home/henri/stuff/japanese/kanji/chap11/clear.pdf  used
 on input line 407.
(luatex.def)             Requested size: 56.90388pt x 56.90388pt.
File: /home/henri/stuff/japanese/kanji/chap11/so_clear.pdf Graphic file (type pd
f)
<use /home/henri/stuff/japanese/kanji/chap11/so_clear.pdf>
Package luatex.def Info: /home/henri/stuff/japanese/kanji/chap11/so_clear.pdf  u
sed on input line 407.
(luatex.def)             Requested size: 56.8991pt x 56.8991pt.

Overfull \hbox (0.81456pt too wide) in alignment at lines 407--407
[][][]
 []


Overfull \hbox (0.81456pt too wide) in alignment at lines 423--423
[][][]
 []

File: /home/henri/stuff/japanese/kanji/chap11/run.pdf Graphic file (type pdf)
<use /home/henri/stuff/japanese/kanji/chap11/run.pdf>
Package luatex.def Info: /home/henri/stuff/japanese/kanji/chap11/run.pdf  used o
n input line 443.
(luatex.def)             Requested size: 56.90388pt x 56.90388pt.
File: /home/henri/stuff/japanese/kanji/chap11/so_run.pdf Graphic file (type pdf)

<use /home/henri/stuff/japanese/kanji/chap11/so_run.pdf>
Package luatex.def Info: /home/henri/stuff/japanese/kanji/chap11/so_run.pdf  use
d on input line 443.
(luatex.def)             Requested size: 56.8991pt x 56.8991pt.

Overfull \hbox (0.81456pt too wide) in alignment at lines 443--443
[][][]
 []


Overfull \hbox (0.81456pt too wide) in alignment at lines 459--459
[][][]
 []

[114</home/henri/stuff/japanese/kanji/chap11/clear.pdf></home/henri/stuff/japane
se/kanji/chap11/so_clear.pdf></home/henri/stuff/japanese/kanji/chap11/run.pdf></
home/henri/stuff/japanese/kanji/chap11/so_run.pdf>]
File: /home/henri/stuff/japanese/kanji/chap11/wash.pdf Graphic file (type pdf)
<use /home/henri/stuff/japanese/kanji/chap11/wash.pdf>
Package luatex.def Info: /home/henri/stuff/japanese/kanji/chap11/wash.pdf  used 
on input line 482.
(luatex.def)             Requested size: 56.90388pt x 56.90388pt.
File: /home/henri/stuff/japanese/kanji/chap11/so_wash.pdf Graphic file (type pdf
)
<use /home/henri/stuff/japanese/kanji/chap11/so_wash.pdf>
Package luatex.def Info: /home/henri/stuff/japanese/kanji/chap11/so_wash.pdf  us
ed on input line 482.
(luatex.def)             Requested size: 56.8991pt x 56.8991pt.

Overfull \hbox (0.81456pt too wide) in alignment at lines 482--482
[][][]
 []

File: /home/henri/stuff/japanese/kanji/chap11/oneself.pdf Graphic file (type pdf
)
<use /home/henri/stuff/japanese/kanji/chap11/oneself.pdf>
Package luatex.def Info: /home/henri/stuff/japanese/kanji/chap11/oneself.pdf  us
ed on input line 521.
(luatex.def)             Requested size: 56.90388pt x 56.90388pt.
File: /home/henri/stuff/japanese/kanji/chap11/so_oneself.pdf Graphic file (type 
pdf)
<use /home/henri/stuff/japanese/kanji/chap11/so_oneself.pdf>
Package luatex.def Info: /home/henri/stuff/japanese/kanji/chap11/so_oneself.pdf 
 used on input line 521.
(luatex.def)             Requested size: 56.8991pt x 56.8991pt.

Overfull \hbox (0.81456pt too wide) in alignment at lines 521--521
[][][]
 []

[115</home/henri/stuff/japanese/kanji/chap11/wash.pdf></home/henri/stuff/japanes
e/kanji/chap11/so_wash.pdf></home/henri/stuff/japanese/kanji/chap11/oneself.pdf>
</home/henri/stuff/japanese/kanji/chap11/so_oneself.pdf>]
File: /home/henri/stuff/japanese/kanji/chap11/roll.pdf Graphic file (type pdf)
<use /home/henri/stuff/japanese/kanji/chap11/roll.pdf>
Package luatex.def Info: /home/henri/stuff/japanese/kanji/chap11/roll.pdf  used 
on input line 559.
(luatex.def)             Requested size: 56.90388pt x 56.90388pt.
File: /home/henri/stuff/japanese/kanji/chap11/so_roll.pdf Graphic file (type pdf
)
<use /home/henri/stuff/japanese/kanji/chap11/so_roll.pdf>
Package luatex.def Info: /home/henri/stuff/japanese/kanji/chap11/so_roll.pdf  us
ed on input line 559.
(luatex.def)             Requested size: 56.8991pt x 56.8991pt.

Overfull \hbox (0.81456pt too wide) in alignment at lines 559--559
[][][]
 []


Overfull \hbox (0.81456pt too wide) in alignment at lines 588--588
[][][]
 []

File: /home/henri/stuff/japanese/kanji/chap11/music.pdf Graphic file (type pdf)
<use /home/henri/stuff/japanese/kanji/chap11/music.pdf>
Package luatex.def Info: /home/henri/stuff/japanese/kanji/chap11/music.pdf  used
 on input line 597.
(luatex.def)             Requested size: 56.90388pt x 56.90388pt.
File: /home/henri/stuff/japanese/kanji/chap11/so_music.pdf Graphic file (type pd
f)
<use /home/henri/stuff/japanese/kanji/chap11/so_music.pdf>
Package luatex.def Info: /home/henri/stuff/japanese/kanji/chap11/so_music.pdf  u
sed on input line 597.
(luatex.def)             Requested size: 56.8991pt x 56.8991pt.

Overfull \hbox (0.81456pt too wide) in alignment at lines 597--597
[][][]
 []


Overfull \hbox (0.81456pt too wide) in alignment at lines 613--613
[][][]
 []

[116</home/henri/stuff/japanese/kanji/chap11/roll.pdf></home/henri/stuff/japanes
e/kanji/chap11/so_roll.pdf></home/henri/stuff/japanese/kanji/chap11/music.pdf></
home/henri/stuff/japanese/kanji/chap11/so_music.pdf>]
File: /home/henri/stuff/japanese/kanji/chap11/reason.pdf Graphic file (type pdf)

<use /home/henri/stuff/japanese/kanji/chap11/reason.pdf>
Package luatex.def Info: /home/henri/stuff/japanese/kanji/chap11/reason.pdf  use
d on input line 638.
(luatex.def)             Requested size: 56.90388pt x 56.90388pt.
File: /home/henri/stuff/japanese/kanji/chap11/so_reason.pdf Graphic file (type p
df)
<use /home/henri/stuff/japanese/kanji/chap11/so_reason.pdf>
Package luatex.def Info: /home/henri/stuff/japanese/kanji/chap11/so_reason.pdf  
used on input line 638.
(luatex.def)             Requested size: 56.8991pt x 56.8991pt.

Overfull \hbox (0.81456pt too wide) in alignment at lines 638--638
[][][]
 []

File: /home/henri/stuff/japanese/kanji/chap11/order.pdf Graphic file (type pdf)
<use /home/henri/stuff/japanese/kanji/chap11/order.pdf>
Package luatex.def Info: /home/henri/stuff/japanese/kanji/chap11/order.pdf  used
 on input line 675.
(luatex.def)             Requested size: 56.90388pt x 56.90388pt.
File: /home/henri/stuff/japanese/kanji/chap11/so_order.pdf Graphic file (type pd
f)
<use /home/henri/stuff/japanese/kanji/chap11/so_order.pdf>
Package luatex.def Info: /home/henri/stuff/japanese/kanji/chap11/so_order.pdf  u
sed on input line 675.
(luatex.def)             Requested size: 56.8991pt x 56.8991pt.

Overfull \hbox (0.81456pt too wide) in alignment at lines 675--675
[][][]
 []

[117</home/henri/stuff/japanese/kanji/chap11/reason.pdf></home/henri/stuff/japan
ese/kanji/chap11/so_reason.pdf></home/henri/stuff/japanese/kanji/chap11/order.pd
f></home/henri/stuff/japanese/kanji/chap11/so_order.pdf>]
File: /home/henri/stuff/japanese/kanji/chap11/both.pdf Graphic file (type pdf)
<use /home/henri/stuff/japanese/kanji/chap11/both.pdf>
Package luatex.def Info: /home/henri/stuff/japanese/kanji/chap11/both.pdf  used 
on input line 714.
(luatex.def)             Requested size: 56.90388pt x 56.90388pt.
File: /home/henri/stuff/japanese/kanji/chap11/so_both.pdf Graphic file (type pdf
)
<use /home/henri/stuff/japanese/kanji/chap11/so_both.pdf>
Package luatex.def Info: /home/henri/stuff/japanese/kanji/chap11/so_both.pdf  us
ed on input line 714.
(luatex.def)             Requested size: 56.8991pt x 56.8991pt.

Overfull \hbox (0.81456pt too wide) in alignment at lines 714--714
[][][]
 []

File: /home/henri/stuff/japanese/kanji/chap11/people.pdf Graphic file (type pdf)

<use /home/henri/stuff/japanese/kanji/chap11/people.pdf>
Package luatex.def Info: /home/henri/stuff/japanese/kanji/chap11/people.pdf  use
d on input line 748.
(luatex.def)             Requested size: 56.90388pt x 56.90388pt.
File: /home/henri/stuff/japanese/kanji/chap11/so_people.pdf Graphic file (type p
df)
<use /home/henri/stuff/japanese/kanji/chap11/so_people.pdf>
Package luatex.def Info: /home/henri/stuff/japanese/kanji/chap11/so_people.pdf  
used on input line 748.
(luatex.def)             Requested size: 56.8991pt x 56.8991pt.

Overfull \hbox (0.81456pt too wide) in alignment at lines 748--748
[][][]
 []

[118</home/henri/stuff/japanese/kanji/chap11/both.pdf></home/henri/stuff/japanes
e/kanji/chap11/so_both.pdf></home/henri/stuff/japanese/kanji/chap11/people.pdf><
/home/henri/stuff/japanese/kanji/chap11/so_people.pdf>]
File: /home/henri/stuff/japanese/kanji/chap11/quality.pdf Graphic file (type pdf
)
<use /home/henri/stuff/japanese/kanji/chap11/quality.pdf>
Package luatex.def Info: /home/henri/stuff/japanese/kanji/chap11/quality.pdf  us
ed on input line 787.
(luatex.def)             Requested size: 56.90388pt x 56.90388pt.
File: /home/henri/stuff/japanese/kanji/chap11/so_quality.pdf Graphic file (type 
pdf)
<use /home/henri/stuff/japanese/kanji/chap11/so_quality.pdf>
Package luatex.def Info: /home/henri/stuff/japanese/kanji/chap11/so_quality.pdf 
 used on input line 787.
(luatex.def)             Requested size: 56.8991pt x 56.8991pt.

Overfull \hbox (0.81456pt too wide) in alignment at lines 787--787
[][][]
 []


Overfull \hbox (0.81456pt too wide) in alignment at lines 807--807
[][][]
 []

File: /home/henri/stuff/japanese/kanji/chap11/proper.pdf Graphic file (type pdf)

<use /home/henri/stuff/japanese/kanji/chap11/proper.pdf>
Package luatex.def Info: /home/henri/stuff/japanese/kanji/chap11/proper.pdf  use
d on input line 829.
(luatex.def)             Requested size: 56.90388pt x 56.90388pt.
File: /home/henri/stuff/japanese/kanji/chap11/so_proper.pdf Graphic file (type p
df)
<use /home/henri/stuff/japanese/kanji/chap11/so_proper.pdf>
Package luatex.def Info: /home/henri/stuff/japanese/kanji/chap11/so_proper.pdf  
used on input line 829.
(luatex.def)             Requested size: 56.8991pt x 56.8991pt.

Overfull \hbox (0.81456pt too wide) in alignment at lines 829--829
[][][]
 []


Overfull \hbox (0.81456pt too wide) in alignment at lines 845--845
[][][]
 []

[119</home/henri/stuff/japanese/kanji/chap11/quality.pdf></home/henri/stuff/japa
nese/kanji/chap11/so_quality.pdf></home/henri/stuff/japanese/kanji/chap11/proper
.pdf></home/henri/stuff/japanese/kanji/chap11/so_proper.pdf>]
File: /home/henri/stuff/japanese/kanji/chap11/direction.pdf Graphic file (type p
df)
<use /home/henri/stuff/japanese/kanji/chap11/direction.pdf>
Package luatex.def Info: /home/henri/stuff/japanese/kanji/chap11/direction.pdf  
used on input line 874.
(luatex.def)             Requested size: 56.90388pt x 56.90388pt.
File: /home/henri/stuff/japanese/kanji/chap11/so_direction.pdf Graphic file (typ
e pdf)
<use /home/henri/stuff/japanese/kanji/chap11/so_direction.pdf>
Package luatex.def Info: /home/henri/stuff/japanese/kanji/chap11/so_direction.pd
f  used on input line 874.
(luatex.def)             Requested size: 56.8991pt x 56.8991pt.

Overfull \hbox (0.81456pt too wide) in alignment at lines 874--874
[][][]
 []


Overfull \hbox (0.81456pt too wide) in alignment at lines 891--891
[][][]
 []


Overfull \hbox (0.81456pt too wide) in alignment at lines 909--909
[][][]
 []

File: /home/henri/stuff/japanese/kanji/chap11/voice.pdf Graphic file (type pdf)
<use /home/henri/stuff/japanese/kanji/chap11/voice.pdf>
Package luatex.def Info: /home/henri/stuff/japanese/kanji/chap11/voice.pdf  used
 on input line 918.
(luatex.def)             Requested size: 56.90388pt x 56.90388pt.
File: /home/henri/stuff/japanese/kanji/chap11/so_voice.pdf Graphic file (type pd
f)
<use /home/henri/stuff/japanese/kanji/chap11/so_voice.pdf>
Package luatex.def Info: /home/henri/stuff/japanese/kanji/chap11/so_voice.pdf  u
sed on input line 918.
(luatex.def)             Requested size: 56.8991pt x 56.8991pt.

Overfull \hbox (0.81456pt too wide) in alignment at lines 918--918
[][][]
 []


Overfull \hbox (0.81456pt too wide) in alignment at lines 950--950
[][][]
 []

[120</home/henri/stuff/japanese/kanji/chap11/direction.pdf></home/henri/stuff/ja
panese/kanji/chap11/so_direction.pdf></home/henri/stuff/japanese/kanji/chap11/vo
ice.pdf></home/henri/stuff/japanese/kanji/chap11/so_voice.pdf>]
File: /home/henri/stuff/japanese/kanji/chap11/reside.pdf Graphic file (type pdf)

<use /home/henri/stuff/japanese/kanji/chap11/reside.pdf>
Package luatex.def Info: /home/henri/stuff/japanese/kanji/chap11/reside.pdf  use
d on input line 960.
(luatex.def)             Requested size: 56.90388pt x 56.90388pt.
File: /home/henri/stuff/japanese/kanji/chap11/so_reside.pdf Graphic file (type p
df)
<use /home/henri/stuff/japanese/kanji/chap11/so_reside.pdf>
Package luatex.def Info: /home/henri/stuff/japanese/kanji/chap11/so_reside.pdf  
used on input line 960.
(luatex.def)             Requested size: 56.8991pt x 56.8991pt.

Overfull \hbox (0.81456pt too wide) in alignment at lines 960--960
[][][]
 []

) [121</home/henri/stuff/japanese/kanji/chap11/reside.pdf></home/henri/stuff/jap
anese/kanji/chap11/so_reside.pdf>] [122

]
第 12 章
(./chap12.tex
File: /home/henri/stuff/japanese/kanji/chap12/attach.pdf Graphic file (type pdf)

<use /home/henri/stuff/japanese/kanji/chap12/attach.pdf>
Package luatex.def Info: /home/henri/stuff/japanese/kanji/chap12/attach.pdf  use
d on input line 8.
(luatex.def)             Requested size: 56.90388pt x 56.90388pt.
File: /home/henri/stuff/japanese/kanji/chap12/so_attach.pdf Graphic file (type p
df)
<use /home/henri/stuff/japanese/kanji/chap12/so_attach.pdf>
Package luatex.def Info: /home/henri/stuff/japanese/kanji/chap12/so_attach.pdf  
used on input line 8.
(luatex.def)             Requested size: 56.8991pt x 56.8991pt.

Overfull \hbox (0.81456pt too wide) in alignment at lines 8--8
[][][]
 []


Overfull \hbox (0.81456pt too wide) in alignment at lines 31--31
[][][]
 []


Overfull \hbox (0.81456pt too wide) in alignment at lines 47--47
[][][]
 []

File: /home/henri/stuff/japanese/kanji/chap12/light.pdf Graphic file (type pdf)
<use /home/henri/stuff/japanese/kanji/chap12/light.pdf>
Package luatex.def Info: /home/henri/stuff/japanese/kanji/chap12/light.pdf  used
 on input line 52.
(luatex.def)             Requested size: 56.90388pt x 56.90388pt.
File: /home/henri/stuff/japanese/kanji/chap12/so_light.pdf Graphic file (type pd
f)
<use /home/henri/stuff/japanese/kanji/chap12/so_light.pdf>
Package luatex.def Info: /home/henri/stuff/japanese/kanji/chap12/so_light.pdf  u
sed on input line 52.
(luatex.def)             Requested size: 56.8991pt x 56.8991pt.

Overfull \hbox (0.81456pt too wide) in alignment at lines 52--52
[][][]
 []


Overfull \hbox (0.81456pt too wide) in alignment at lines 69--69
[][][]
 []


Underfull \hbox (badness 10000) has occurred while \output is active
[]
 []

[123</home/henri/stuff/japanese/kanji/chap12/attach.pdf></home/henri/stuff/japan
ese/kanji/chap12/so_attach.pdf></home/henri/stuff/japanese/kanji/chap12/light.pd
f></home/henri/stuff/japanese/kanji/chap12/so_light.pdf>]
File: /home/henri/stuff/japanese/kanji/chap12/mourn.pdf Graphic file (type pdf)
<use /home/henri/stuff/japanese/kanji/chap12/mourn.pdf>
Package luatex.def Info: /home/henri/stuff/japanese/kanji/chap12/mourn.pdf  used
 on input line 91.
(luatex.def)             Requested size: 56.90388pt x 56.90388pt.
File: /home/henri/stuff/japanese/kanji/chap12/so_mourn.pdf Graphic file (type pd
f)
<use /home/henri/stuff/japanese/kanji/chap12/so_mourn.pdf>
Package luatex.def Info: /home/henri/stuff/japanese/kanji/chap12/so_mourn.pdf  u
sed on input line 91.
(luatex.def)             Requested size: 56.8991pt x 56.8991pt.

Overfull \hbox (0.81456pt too wide) in alignment at lines 91--91
[][][]
 []

File: /home/henri/stuff/japanese/kanji/chap12/cry.pdf Graphic file (type pdf)
<use /home/henri/stuff/japanese/kanji/chap12/cry.pdf>
Package luatex.def Info: /home/henri/stuff/japanese/kanji/chap12/cry.pdf  used o
n input line 127.
(luatex.def)             Requested size: 56.90388pt x 56.90388pt.
File: /home/henri/stuff/japanese/kanji/chap12/so_cry.pdf Graphic file (type pdf)

<use /home/henri/stuff/japanese/kanji/chap12/so_cry.pdf>
Package luatex.def Info: /home/henri/stuff/japanese/kanji/chap12/so_cry.pdf  use
d on input line 127.
(luatex.def)             Requested size: 56.8991pt x 56.8991pt.

Overfull \hbox (0.81456pt too wide) in alignment at lines 127--127
[][][]
 []

[124</home/henri/stuff/japanese/kanji/chap12/mourn.pdf></home/henri/stuff/japane
se/kanji/chap12/so_mourn.pdf></home/henri/stuff/japanese/kanji/chap12/cry.pdf></
home/henri/stuff/japanese/kanji/chap12/so_cry.pdf>]
File: /home/henri/stuff/japanese/kanji/chap12/silver.pdf Graphic file (type pdf)

<use /home/henri/stuff/japanese/kanji/chap12/silver.pdf>
Package luatex.def Info: /home/henri/stuff/japanese/kanji/chap12/silver.pdf  use
d on input line 164.
(luatex.def)             Requested size: 56.90388pt x 56.90388pt.
File: /home/henri/stuff/japanese/kanji/chap12/so_silver.pdf Graphic file (type p
df)
<use /home/henri/stuff/japanese/kanji/chap12/so_silver.pdf>
Package luatex.def Info: /home/henri/stuff/japanese/kanji/chap12/so_silver.pdf  
used on input line 164.
(luatex.def)             Requested size: 56.8991pt x 56.8991pt.

Overfull \hbox (0.81456pt too wide) in alignment at lines 164--164
[][][]
 []

File: /home/henri/stuff/japanese/kanji/chap12/question.pdf Graphic file (type pd
f)
<use /home/henri/stuff/japanese/kanji/chap12/question.pdf>
Package luatex.def Info: /home/henri/stuff/japanese/kanji/chap12/question.pdf  u
sed on input line 200.
(luatex.def)             Requested size: 56.90388pt x 56.90388pt.
File: /home/henri/stuff/japanese/kanji/chap12/so_question.pdf Graphic file (type
 pdf)
<use /home/henri/stuff/japanese/kanji/chap12/so_question.pdf>
Package luatex.def Info: /home/henri/stuff/japanese/kanji/chap12/so_question.pdf
  used on input line 200.
(luatex.def)             Requested size: 56.8991pt x 56.8991pt.

Overfull \hbox (0.81456pt too wide) in alignment at lines 200--200
[][][]
 []

[125</home/henri/stuff/japanese/kanji/chap12/silver.pdf></home/henri/stuff/japan
ese/kanji/chap12/so_silver.pdf></home/henri/stuff/japanese/kanji/chap12/question
.pdf></home/henri/stuff/japanese/kanji/chap12/so_question.pdf>]
File: /home/henri/stuff/japanese/kanji/chap12/dark.pdf Graphic file (type pdf)
<use /home/henri/stuff/japanese/kanji/chap12/dark.pdf>
Package luatex.def Info: /home/henri/stuff/japanese/kanji/chap12/dark.pdf  used 
on input line 241.
(luatex.def)             Requested size: 56.90388pt x 56.90388pt.
File: /home/henri/stuff/japanese/kanji/chap12/so_dark.pdf Graphic file (type pdf
)
<use /home/henri/stuff/japanese/kanji/chap12/so_dark.pdf>
Package luatex.def Info: /home/henri/stuff/japanese/kanji/chap12/so_dark.pdf  us
ed on input line 241.
(luatex.def)             Requested size: 56.8991pt x 56.8991pt.

Overfull \hbox (0.81456pt too wide) in alignment at lines 241--241
[][][]
 []

File: /home/henri/stuff/japanese/kanji/chap12/picture.pdf Graphic file (type pdf
)
<use /home/henri/stuff/japanese/kanji/chap12/picture.pdf>
Package luatex.def Info: /home/henri/stuff/japanese/kanji/chap12/picture.pdf  us
ed on input line 275.
(luatex.def)             Requested size: 56.90388pt x 56.90388pt.
File: /home/henri/stuff/japanese/kanji/chap12/so_picture.pdf Graphic file (type 
pdf)
<use /home/henri/stuff/japanese/kanji/chap12/so_picture.pdf>
Package luatex.def Info: /home/henri/stuff/japanese/kanji/chap12/so_picture.pdf 
 used on input line 275.
(luatex.def)             Requested size: 56.8991pt x 56.8991pt.

Overfull \hbox (0.81456pt too wide) in alignment at lines 275--275
[][][]
 []


Overfull \hbox (0.81456pt too wide) in alignment at lines 293--293
[][][]
 []

[126</home/henri/stuff/japanese/kanji/chap12/dark.pdf></home/henri/stuff/japanes
e/kanji/chap12/so_dark.pdf></home/henri/stuff/japanese/kanji/chap12/picture.pdf>
</home/henri/stuff/japanese/kanji/chap12/so_picture.pdf>]
File: /home/henri/stuff/japanese/kanji/chap12/surname.pdf Graphic file (type pdf
)
<use /home/henri/stuff/japanese/kanji/chap12/surname.pdf>
Package luatex.def Info: /home/henri/stuff/japanese/kanji/chap12/surname.pdf  us
ed on input line 316.
(luatex.def)             Requested size: 56.90388pt x 56.90388pt.
File: /home/henri/stuff/japanese/kanji/chap12/so_surname.pdf Graphic file (type 
pdf)
<use /home/henri/stuff/japanese/kanji/chap12/so_surname.pdf>
Package luatex.def Info: /home/henri/stuff/japanese/kanji/chap12/so_surname.pdf 
 used on input line 316.
(luatex.def)             Requested size: 56.8991pt x 56.8991pt.

Overfull \hbox (0.81456pt too wide) in alignment at lines 316--316
[][][]
 []

File: /home/henri/stuff/japanese/kanji/chap12/young.pdf Graphic file (type pdf)
<use /home/henri/stuff/japanese/kanji/chap12/young.pdf>
Package luatex.def Info: /home/henri/stuff/japanese/kanji/chap12/young.pdf  used
 on input line 349.
(luatex.def)             Requested size: 56.90388pt x 56.90388pt.
File: /home/henri/stuff/japanese/kanji/chap12/so_young.pdf Graphic file (type pd
f)
<use /home/henri/stuff/japanese/kanji/chap12/so_young.pdf>
Package luatex.def Info: /home/henri/stuff/japanese/kanji/chap12/so_young.pdf  u
sed on input line 349.
(luatex.def)             Requested size: 56.8991pt x 56.8991pt.

Overfull \hbox (0.81456pt too wide) in alignment at lines 349--349
[][][]
 []


Overfull \hbox (0.81456pt too wide) in alignment at lines 378--378
[][][]
 []

[127</home/henri/stuff/japanese/kanji/chap12/surname.pdf></home/henri/stuff/japa
nese/kanji/chap12/so_surname.pdf></home/henri/stuff/japanese/kanji/chap12/young.
pdf></home/henri/stuff/japanese/kanji/chap12/so_young.pdf>]
File: /home/henri/stuff/japanese/kanji/chap12/cause.pdf Graphic file (type pdf)
<use /home/henri/stuff/japanese/kanji/chap12/cause.pdf>
Package luatex.def Info: /home/henri/stuff/japanese/kanji/chap12/cause.pdf  used
 on input line 394.
(luatex.def)             Requested size: 56.90388pt x 56.90388pt.
File: /home/henri/stuff/japanese/kanji/chap12/so_cause.pdf Graphic file (type pd
f)
<use /home/henri/stuff/japanese/kanji/chap12/so_cause.pdf>
Package luatex.def Info: /home/henri/stuff/japanese/kanji/chap12/so_cause.pdf  u
sed on input line 394.
(luatex.def)             Requested size: 56.8991pt x 56.8991pt.

Overfull \hbox (0.81456pt too wide) in alignment at lines 394--394
[][][]
 []

File: /home/henri/stuff/japanese/kanji/chap12/declare.pdf Graphic file (type pdf
)
<use /home/henri/stuff/japanese/kanji/chap12/declare.pdf>
Package luatex.def Info: /home/henri/stuff/japanese/kanji/chap12/declare.pdf  us
ed on input line 432.
(luatex.def)             Requested size: 56.90388pt x 56.90388pt.
File: /home/henri/stuff/japanese/kanji/chap12/so_declare.pdf Graphic file (type 
pdf)
<use /home/henri/stuff/japanese/kanji/chap12/so_declare.pdf>
Package luatex.def Info: /home/henri/stuff/japanese/kanji/chap12/so_declare.pdf 
 used on input line 432.
(luatex.def)             Requested size: 56.8991pt x 56.8991pt.

Overfull \hbox (0.81456pt too wide) in alignment at lines 432--432
[][][]
 []

[128</home/henri/stuff/japanese/kanji/chap12/cause.pdf></home/henri/stuff/japane
se/kanji/chap12/so_cause.pdf></home/henri/stuff/japanese/kanji/chap12/declare.pd
f></home/henri/stuff/japanese/kanji/chap12/so_declare.pdf>]
File: /home/henri/stuff/japanese/kanji/chap12/essential.pdf Graphic file (type p
df)
<use /home/henri/stuff/japanese/kanji/chap12/essential.pdf>
Package luatex.def Info: /home/henri/stuff/japanese/kanji/chap12/essential.pdf  
used on input line 468.
(luatex.def)             Requested size: 56.90388pt x 56.90388pt.
File: /home/henri/stuff/japanese/kanji/chap12/so_essential.pdf Graphic file (typ
e pdf)
<use /home/henri/stuff/japanese/kanji/chap12/so_essential.pdf>
Package luatex.def Info: /home/henri/stuff/japanese/kanji/chap12/so_essential.pd
f  used on input line 468.
(luatex.def)             Requested size: 56.8991pt x 56.8991pt.

Overfull \hbox (0.81456pt too wide) in alignment at lines 468--468
[][][]
 []

File: /home/henri/stuff/japanese/kanji/chap12/reach.pdf Graphic file (type pdf)
<use /home/henri/stuff/japanese/kanji/chap12/reach.pdf>
Package luatex.def Info: /home/henri/stuff/japanese/kanji/chap12/reach.pdf  used
 on input line 503.
(luatex.def)             Requested size: 56.90388pt x 56.90388pt.
File: /home/henri/stuff/japanese/kanji/chap12/so_reach.pdf Graphic file (type pd
f)
<use /home/henri/stuff/japanese/kanji/chap12/so_reach.pdf>
Package luatex.def Info: /home/henri/stuff/japanese/kanji/chap12/so_reach.pdf  u
sed on input line 503.
(luatex.def)             Requested size: 56.8991pt x 56.8991pt.

Overfull \hbox (0.81456pt too wide) in alignment at lines 503--503
[][][]
 []


Overfull \hbox (0.81456pt too wide) in alignment at lines 519--519
[][][]
 []

[129</home/henri/stuff/japanese/kanji/chap12/essential.pdf></home/henri/stuff/ja
panese/kanji/chap12/so_essential.pdf></home/henri/stuff/japanese/kanji/chap12/re
ach.pdf></home/henri/stuff/japanese/kanji/chap12/so_reach.pdf>]
File: /home/henri/stuff/japanese/kanji/chap12/compare.pdf Graphic file (type pdf
)
<use /home/henri/stuff/japanese/kanji/chap12/compare.pdf>
Package luatex.def Info: /home/henri/stuff/japanese/kanji/chap12/compare.pdf  us
ed on input line 543.
(luatex.def)             Requested size: 56.90388pt x 56.90388pt.
File: /home/henri/stuff/japanese/kanji/chap12/so_compare.pdf Graphic file (type 
pdf)
<use /home/henri/stuff/japanese/kanji/chap12/so_compare.pdf>
Package luatex.def Info: /home/henri/stuff/japanese/kanji/chap12/so_compare.pdf 
 used on input line 543.
(luatex.def)             Requested size: 56.8991pt x 56.8991pt.

Overfull \hbox (0.81456pt too wide) in alignment at lines 543--543
[][][]
 []

File: /home/henri/stuff/japanese/kanji/chap12/measure.pdf Graphic file (type pdf
)
<use /home/henri/stuff/japanese/kanji/chap12/measure.pdf>
Package luatex.def Info: /home/henri/stuff/japanese/kanji/chap12/measure.pdf  us
ed on input line 578.
(luatex.def)             Requested size: 56.90388pt x 56.90388pt.
File: /home/henri/stuff/japanese/kanji/chap12/so_measure.pdf Graphic file (type 
pdf)
<use /home/henri/stuff/japanese/kanji/chap12/so_measure.pdf>
Package luatex.def Info: /home/henri/stuff/japanese/kanji/chap12/so_measure.pdf 
 used on input line 578.
(luatex.def)             Requested size: 56.8991pt x 56.8991pt.

Overfull \hbox (0.81456pt too wide) in alignment at lines 578--578
[][][]
 []


Overfull \hbox (0.81456pt too wide) in alignment at lines 607--607
[][][]
 []

[130</home/henri/stuff/japanese/kanji/chap12/compare.pdf></home/henri/stuff/japa
nese/kanji/chap12/so_compare.pdf></home/henri/stuff/japanese/kanji/chap12/measur
e.pdf></home/henri/stuff/japanese/kanji/chap12/so_measure.pdf>]
File: /home/henri/stuff/japanese/kanji/chap12/location.pdf Graphic file (type pd
f)
<use /home/henri/stuff/japanese/kanji/chap12/location.pdf>
Package luatex.def Info: /home/henri/stuff/japanese/kanji/chap12/location.pdf  u
sed on input line 617.
(luatex.def)             Requested size: 56.90388pt x 56.90388pt.
File: /home/henri/stuff/japanese/kanji/chap12/so_location.pdf Graphic file (type
 pdf)
<use /home/henri/stuff/japanese/kanji/chap12/so_location.pdf>
Package luatex.def Info: /home/henri/stuff/japanese/kanji/chap12/so_location.pdf
  used on input line 617.
(luatex.def)             Requested size: 56.8991pt x 56.8991pt.

Overfull \hbox (0.81456pt too wide) in alignment at lines 617--617
[][][]
 []


Overfull \hbox (0.81456pt too wide) in alignment at lines 642--642
[][][]
 []

File: /home/henri/stuff/japanese/kanji/chap12/number.pdf Graphic file (type pdf)

<use /home/henri/stuff/japanese/kanji/chap12/number.pdf>
Package luatex.def Info: /home/henri/stuff/japanese/kanji/chap12/number.pdf  use
d on input line 663.
(luatex.def)             Requested size: 56.90388pt x 56.90388pt.
File: /home/henri/stuff/japanese/kanji/chap12/so_number.pdf Graphic file (type p
df)
<use /home/henri/stuff/japanese/kanji/chap12/so_number.pdf>
Package luatex.def Info: /home/henri/stuff/japanese/kanji/chap12/so_number.pdf  
used on input line 663.
(luatex.def)             Requested size: 56.8991pt x 56.8991pt.

Overfull \hbox (0.81456pt too wide) in alignment at lines 663--663
[][][]
 []


Overfull \hbox (0.81456pt too wide) in alignment at lines 691--691
[][][]
 []

[131</home/henri/stuff/japanese/kanji/chap12/location.pdf></home/henri/stuff/jap
anese/kanji/chap12/so_location.pdf></home/henri/stuff/japanese/kanji/chap12/numb
er.pdf></home/henri/stuff/japanese/kanji/chap12/so_number.pdf>]
File: /home/henri/stuff/japanese/kanji/chap12/gist.pdf Graphic file (type pdf)
<use /home/henri/stuff/japanese/kanji/chap12/gist.pdf>
Package luatex.def Info: /home/henri/stuff/japanese/kanji/chap12/gist.pdf  used 
on input line 703.
(luatex.def)             Requested size: 56.90388pt x 56.90388pt.
File: /home/henri/stuff/japanese/kanji/chap12/so_gist.pdf Graphic file (type pdf
)
<use /home/henri/stuff/japanese/kanji/chap12/so_gist.pdf>
Package luatex.def Info: /home/henri/stuff/japanese/kanji/chap12/so_gist.pdf  us
ed on input line 703.
(luatex.def)             Requested size: 56.8991pt x 56.8991pt.

Overfull \hbox (0.81456pt too wide) in alignment at lines 703--703
[][][]
 []

File: /home/henri/stuff/japanese/kanji/chap12/wear.pdf Graphic file (type pdf)
<use /home/henri/stuff/japanese/kanji/chap12/wear.pdf>
Package luatex.def Info: /home/henri/stuff/japanese/kanji/chap12/wear.pdf  used 
on input line 739.
(luatex.def)             Requested size: 56.90388pt x 56.90388pt.
File: /home/henri/stuff/japanese/kanji/chap12/so_wear.pdf Graphic file (type pdf
)
<use /home/henri/stuff/japanese/kanji/chap12/so_wear.pdf>
Package luatex.def Info: /home/henri/stuff/japanese/kanji/chap12/so_wear.pdf  us
ed on input line 739.
(luatex.def)             Requested size: 56.8991pt x 56.8991pt.

Overfull \hbox (0.81456pt too wide) in alignment at lines 739--739
[][][]
 []


Overfull \hbox (0.81456pt too wide) in alignment at lines 760--760
[][][]
 []

[132</home/henri/stuff/japanese/kanji/chap12/gist.pdf></home/henri/stuff/japanes
e/kanji/chap12/so_gist.pdf></home/henri/stuff/japanese/kanji/chap12/wear.pdf></h
ome/henri/stuff/japanese/kanji/chap12/so_wear.pdf>]
File: /home/henri/stuff/japanese/kanji/chap12/lack.pdf Graphic file (type pdf)
<use /home/henri/stuff/japanese/kanji/chap12/lack.pdf>
Package luatex.def Info: /home/henri/stuff/japanese/kanji/chap12/lack.pdf  used 
on input line 784.
(luatex.def)             Requested size: 56.90388pt x 56.90388pt.
File: /home/henri/stuff/japanese/kanji/chap12/so_lack.pdf Graphic file (type pdf
)
<use /home/henri/stuff/japanese/kanji/chap12/so_lack.pdf>
Package luatex.def Info: /home/henri/stuff/japanese/kanji/chap12/so_lack.pdf  us
ed on input line 784.
(luatex.def)             Requested size: 56.8991pt x 56.8991pt.

Overfull \hbox (0.81456pt too wide) in alignment at lines 784--784
[][][]
 []

File: /home/henri/stuff/japanese/kanji/chap12/show.pdf Graphic file (type pdf)
<use /home/henri/stuff/japanese/kanji/chap12/show.pdf>
Package luatex.def Info: /home/henri/stuff/japanese/kanji/chap12/show.pdf  used 
on input line 818.
(luatex.def)             Requested size: 56.90388pt x 56.90388pt.
File: /home/henri/stuff/japanese/kanji/chap12/so_show.pdf Graphic file (type pdf
)
<use /home/henri/stuff/japanese/kanji/chap12/so_show.pdf>
Package luatex.def Info: /home/henri/stuff/japanese/kanji/chap12/so_show.pdf  us
ed on input line 818.
(luatex.def)             Requested size: 56.8991pt x 56.8991pt.

Overfull \hbox (0.81456pt too wide) in alignment at lines 818--818
[][][]
 []

[133</home/henri/stuff/japanese/kanji/chap12/lack.pdf></home/henri/stuff/japanes
e/kanji/chap12/so_lack.pdf></home/henri/stuff/japanese/kanji/chap12/show.pdf></h
ome/henri/stuff/japanese/kanji/chap12/so_show.pdf>]
File: /home/henri/stuff/japanese/kanji/chap12/serve.pdf Graphic file (type pdf)
<use /home/henri/stuff/japanese/kanji/chap12/serve.pdf>
Package luatex.def Info: /home/henri/stuff/japanese/kanji/chap12/serve.pdf  used
 on input line 855.
(luatex.def)             Requested size: 56.90388pt x 56.90388pt.
File: /home/henri/stuff/japanese/kanji/chap12/so_serve.pdf Graphic file (type pd
f)
<use /home/henri/stuff/japanese/kanji/chap12/so_serve.pdf>
Package luatex.def Info: /home/henri/stuff/japanese/kanji/chap12/so_serve.pdf  u
sed on input line 855.
(luatex.def)             Requested size: 56.8991pt x 56.8991pt.

Overfull \hbox (0.81456pt too wide) in alignment at lines 855--855
[][][]
 []


Overfull \hbox (0.81456pt too wide) in alignment at lines 884--884
[][][]
 []

File: /home/henri/stuff/japanese/kanji/chap12/heavy.pdf Graphic file (type pdf)
<use /home/henri/stuff/japanese/kanji/chap12/heavy.pdf>
Package luatex.def Info: /home/henri/stuff/japanese/kanji/chap12/heavy.pdf  used
 on input line 892.
(luatex.def)             Requested size: 56.90388pt x 56.90388pt.
File: /home/henri/stuff/japanese/kanji/chap12/so_heavy.pdf Graphic file (type pd
f)
<use /home/henri/stuff/japanese/kanji/chap12/so_heavy.pdf>
Package luatex.def Info: /home/henri/stuff/japanese/kanji/chap12/so_heavy.pdf  u
sed on input line 892.
(luatex.def)             Requested size: 56.8991pt x 56.8991pt.

Overfull \hbox (0.81456pt too wide) in alignment at lines 892--892
[][][]
 []


Overfull \hbox (0.81456pt too wide) in alignment at lines 908--908
[][][]
 []

[134</home/henri/stuff/japanese/kanji/chap12/serve.pdf></home/henri/stuff/japane
se/kanji/chap12/so_serve.pdf></home/henri/stuff/japanese/kanji/chap12/heavy.pdf>
</home/henri/stuff/japanese/kanji/chap12/so_heavy.pdf>]
File: /home/henri/stuff/japanese/kanji/chap12/match.pdf Graphic file (type pdf)
<use /home/henri/stuff/japanese/kanji/chap12/match.pdf>
Package luatex.def Info: /home/henri/stuff/japanese/kanji/chap12/match.pdf  used
 on input line 937.
(luatex.def)             Requested size: 56.90388pt x 56.90388pt.
File: /home/henri/stuff/japanese/kanji/chap12/so_match.pdf Graphic file (type pd
f)
<use /home/henri/stuff/japanese/kanji/chap12/so_match.pdf>
Package luatex.def Info: /home/henri/stuff/japanese/kanji/chap12/so_match.pdf  u
sed on input line 937.
(luatex.def)             Requested size: 56.8991pt x 56.8991pt.

Overfull \hbox (0.81456pt too wide) in alignment at lines 937--937
[][][]
 []


Overfull \hbox (0.81456pt too wide) in alignment at lines 960--960
[][][]
 []

) [135</home/henri/stuff/japanese/kanji/chap12/match.pdf></home/henri/stuff/japa
nese/kanji/chap12/so_match.pdf>] [136

]
第 13 章
(./chap13.tex
File: /home/henri/stuff/japanese/kanji/chap13/painting.pdf Graphic file (type pd
f)
<use /home/henri/stuff/japanese/kanji/chap13/painting.pdf>
Package luatex.def Info: /home/henri/stuff/japanese/kanji/chap13/painting.pdf  u
sed on input line 7.
(luatex.def)             Requested size: 56.90388pt x 56.90388pt.
File: /home/henri/stuff/japanese/kanji/chap13/so_painting.pdf Graphic file (type
 pdf)
<use /home/henri/stuff/japanese/kanji/chap13/so_painting.pdf>
Package luatex.def Info: /home/henri/stuff/japanese/kanji/chap13/so_painting.pdf
  used on input line 7.
(luatex.def)             Requested size: 56.8991pt x 56.8991pt.

Overfull \hbox (0.81456pt too wide) in alignment at lines 7--7
[][][]
 []


Overfull \hbox (0.81456pt too wide) in alignment at lines 22--22
[][][]
 []

File: /home/henri/stuff/japanese/kanji/chap13/possible.pdf Graphic file (type pd
f)
<use /home/henri/stuff/japanese/kanji/chap13/possible.pdf>
Package luatex.def Info: /home/henri/stuff/japanese/kanji/chap13/possible.pdf  u
sed on input line 43.
(luatex.def)             Requested size: 56.90388pt x 56.90388pt.
File: /home/henri/stuff/japanese/kanji/chap13/so_possible.pdf Graphic file (type
 pdf)
<use /home/henri/stuff/japanese/kanji/chap13/so_possible.pdf>
Package luatex.def Info: /home/henri/stuff/japanese/kanji/chap13/so_possible.pdf
  used on input line 43.
(luatex.def)             Requested size: 56.8991pt x 56.8991pt.

Overfull \hbox (0.81456pt too wide) in alignment at lines 43--43
[][][]
 []

[137</home/henri/stuff/japanese/kanji/chap13/painting.pdf></home/henri/stuff/jap
anese/kanji/chap13/so_painting.pdf></home/henri/stuff/japanese/kanji/chap13/poss
ible.pdf></home/henri/stuff/japanese/kanji/chap13/so_possible.pdf>]
File: /home/henri/stuff/japanese/kanji/chap13/god.pdf Graphic file (type pdf)
<use /home/henri/stuff/japanese/kanji/chap13/god.pdf>
Package luatex.def Info: /home/henri/stuff/japanese/kanji/chap13/god.pdf  used o
n input line 79.
(luatex.def)             Requested size: 56.90388pt x 56.90388pt.
File: /home/henri/stuff/japanese/kanji/chap13/so_god.pdf Graphic file (type pdf)

<use /home/henri/stuff/japanese/kanji/chap13/so_god.pdf>
Package luatex.def Info: /home/henri/stuff/japanese/kanji/chap13/so_god.pdf  use
d on input line 79.
(luatex.def)             Requested size: 56.8991pt x 56.8991pt.

Overfull \hbox (0.81456pt too wide) in alignment at lines 79--79
[][][]
 []


Overfull \hbox (0.81456pt too wide) in alignment at lines 94--94
[][][]
 []

File: /home/henri/stuff/japanese/kanji/chap13/perish.pdf Graphic file (type pdf)

<use /home/henri/stuff/japanese/kanji/chap13/perish.pdf>
Package luatex.def Info: /home/henri/stuff/japanese/kanji/chap13/perish.pdf  use
d on input line 114.
(luatex.def)             Requested size: 56.90388pt x 56.90388pt.
File: /home/henri/stuff/japanese/kanji/chap13/so_perish.pdf Graphic file (type p
df)
<use /home/henri/stuff/japanese/kanji/chap13/so_perish.pdf>
Package luatex.def Info: /home/henri/stuff/japanese/kanji/chap13/so_perish.pdf  
used on input line 114.
(luatex.def)             Requested size: 56.8991pt x 56.8991pt.

Overfull \hbox (0.81456pt too wide) in alignment at lines 114--114
[][][]
 []

[138</home/henri/stuff/japanese/kanji/chap13/god.pdf></home/henri/stuff/japanese
/kanji/chap13/so_god.pdf></home/henri/stuff/japanese/kanji/chap13/perish.pdf></h
ome/henri/stuff/japanese/kanji/chap13/so_perish.pdf>]
File: /home/henri/stuff/japanese/kanji/chap13/occupy.pdf Graphic file (type pdf)

<use /home/henri/stuff/japanese/kanji/chap13/occupy.pdf>
Package luatex.def Info: /home/henri/stuff/japanese/kanji/chap13/occupy.pdf  use
d on input line 150.
(luatex.def)             Requested size: 56.90388pt x 56.90388pt.
File: /home/henri/stuff/japanese/kanji/chap13/so_occupy.pdf Graphic file (type p
df)
<use /home/henri/stuff/japanese/kanji/chap13/so_occupy.pdf>
Package luatex.def Info: /home/henri/stuff/japanese/kanji/chap13/so_occupy.pdf  
used on input line 150.
(luatex.def)             Requested size: 56.8991pt x 56.8991pt.

Overfull \hbox (0.81456pt too wide) in alignment at lines 150--150
[][][]
 []

File: /home/henri/stuff/japanese/kanji/chap13/society.pdf Graphic file (type pdf
)
<use /home/henri/stuff/japanese/kanji/chap13/society.pdf>
Package luatex.def Info: /home/henri/stuff/japanese/kanji/chap13/society.pdf  us
ed on input line 184.
(luatex.def)             Requested size: 56.90388pt x 56.90388pt.
File: /home/henri/stuff/japanese/kanji/chap13/so_society.pdf Graphic file (type 
pdf)
<use /home/henri/stuff/japanese/kanji/chap13/so_society.pdf>
Package luatex.def Info: /home/henri/stuff/japanese/kanji/chap13/so_society.pdf 
 used on input line 184.
(luatex.def)             Requested size: 56.8991pt x 56.8991pt.

Overfull \hbox (0.81456pt too wide) in alignment at lines 184--184
[][][]
 []

[139</home/henri/stuff/japanese/kanji/chap13/occupy.pdf></home/henri/stuff/japan
ese/kanji/chap13/so_occupy.pdf></home/henri/stuff/japanese/kanji/chap13/society.
pdf></home/henri/stuff/japanese/kanji/chap13/so_society.pdf>]
File: /home/henri/stuff/japanese/kanji/chap13/fixed.pdf Graphic file (type pdf)
<use /home/henri/stuff/japanese/kanji/chap13/fixed.pdf>
Package luatex.def Info: /home/henri/stuff/japanese/kanji/chap13/fixed.pdf  used
 on input line 221.
(luatex.def)             Requested size: 56.90388pt x 56.90388pt.
File: /home/henri/stuff/japanese/kanji/chap13/so_fixed.pdf Graphic file (type pd
f)
<use /home/henri/stuff/japanese/kanji/chap13/so_fixed.pdf>
Package luatex.def Info: /home/henri/stuff/japanese/kanji/chap13/so_fixed.pdf  u
sed on input line 221.
(luatex.def)             Requested size: 56.8991pt x 56.8991pt.

Overfull \hbox (0.81456pt too wide) in alignment at lines 221--221
[][][]
 []

File: /home/henri/stuff/japanese/kanji/chap13/paper.pdf Graphic file (type pdf)
<use /home/henri/stuff/japanese/kanji/chap13/paper.pdf>
Package luatex.def Info: /home/henri/stuff/japanese/kanji/chap13/paper.pdf  used
 on input line 256.
(luatex.def)             Requested size: 56.90388pt x 56.90388pt.
File: /home/henri/stuff/japanese/kanji/chap13/so_paper.pdf Graphic file (type pd
f)
<use /home/henri/stuff/japanese/kanji/chap13/so_paper.pdf>
Package luatex.def Info: /home/henri/stuff/japanese/kanji/chap13/so_paper.pdf  u
sed on input line 256.
(luatex.def)             Requested size: 56.8991pt x 56.8991pt.

Overfull \hbox (0.81456pt too wide) in alignment at lines 256--256
[][][]
 []

[140</home/henri/stuff/japanese/kanji/chap13/fixed.pdf></home/henri/stuff/japane
se/kanji/chap13/so_fixed.pdf></home/henri/stuff/japanese/kanji/chap13/paper.pdf>
</home/henri/stuff/japanese/kanji/chap13/so_paper.pdf>]
File: /home/henri/stuff/japanese/kanji/chap13/appearance.pdf Graphic file (type 
pdf)
<use /home/henri/stuff/japanese/kanji/chap13/appearance.pdf>
Package luatex.def Info: /home/henri/stuff/japanese/kanji/chap13/appearance.pdf 
 used on input line 293.
(luatex.def)             Requested size: 56.90388pt x 56.90388pt.
File: /home/henri/stuff/japanese/kanji/chap13/so_appearance.pdf Graphic file (ty
pe pdf)
<use /home/henri/stuff/japanese/kanji/chap13/so_appearance.pdf>
Package luatex.def Info: /home/henri/stuff/japanese/kanji/chap13/so_appearance.p
df  used on input line 293.
(luatex.def)             Requested size: 56.8991pt x 56.8991pt.

Overfull \hbox (0.81456pt too wide) in alignment at lines 293--293
[][][]
 []

File: /home/henri/stuff/japanese/kanji/chap13/army.pdf Graphic file (type pdf)
<use /home/henri/stuff/japanese/kanji/chap13/army.pdf>
Package luatex.def Info: /home/henri/stuff/japanese/kanji/chap13/army.pdf  used 
on input line 327.
(luatex.def)             Requested size: 56.90388pt x 56.90388pt.
File: /home/henri/stuff/japanese/kanji/chap13/so_army.pdf Graphic file (type pdf
)
<use /home/henri/stuff/japanese/kanji/chap13/so_army.pdf>
Package luatex.def Info: /home/henri/stuff/japanese/kanji/chap13/so_army.pdf  us
ed on input line 327.
(luatex.def)             Requested size: 56.8991pt x 56.8991pt.

Overfull \hbox (0.81456pt too wide) in alignment at lines 327--327
[][][]
 []

[141</home/henri/stuff/japanese/kanji/chap13/appearance.pdf></home/henri/stuff/j
apanese/kanji/chap13/so_appearance.pdf></home/henri/stuff/japanese/kanji/chap13/
army.pdf></home/henri/stuff/japanese/kanji/chap13/so_army.pdf>]
File: /home/henri/stuff/japanese/kanji/chap13/elder_sister.pdf Graphic file (typ
e pdf)
<use /home/henri/stuff/japanese/kanji/chap13/elder_sister.pdf>
Package luatex.def Info: /home/henri/stuff/japanese/kanji/chap13/elder_sister.pd
f  used on input line 363.
(luatex.def)             Requested size: 56.90388pt x 56.90388pt.
File: /home/henri/stuff/japanese/kanji/chap13/so_elder_sister.pdf Graphic file (
type pdf)
<use /home/henri/stuff/japanese/kanji/chap13/so_elder_sister.pdf>
Package luatex.def Info: /home/henri/stuff/japanese/kanji/chap13/so_elder_sister
.pdf  used on input line 363.
(luatex.def)             Requested size: 56.8991pt x 56.8991pt.

Overfull \hbox (0.81456pt too wide) in alignment at lines 363--363
[][][]
 []


Overfull \hbox (0.81456pt too wide) in alignment at lines 394--394
[][][]
 []

File: /home/henri/stuff/japanese/kanji/chap13/sheep.pdf Graphic file (type pdf)
<use /home/henri/stuff/japanese/kanji/chap13/sheep.pdf>
Package luatex.def Info: /home/henri/stuff/japanese/kanji/chap13/sheep.pdf  used
 on input line 402.
(luatex.def)             Requested size: 56.90388pt x 56.90388pt.
File: /home/henri/stuff/japanese/kanji/chap13/so_sheep.pdf Graphic file (type pd
f)
<use /home/henri/stuff/japanese/kanji/chap13/so_sheep.pdf>
Package luatex.def Info: /home/henri/stuff/japanese/kanji/chap13/so_sheep.pdf  u
sed on input line 402.
(luatex.def)             Requested size: 56.8991pt x 56.8991pt.

Overfull \hbox (0.81456pt too wide) in alignment at lines 402--402
[][][]
 []

[142</home/henri/stuff/japanese/kanji/chap13/elder_sister.pdf></home/henri/stuff
/japanese/kanji/chap13/so_elder_sister.pdf></home/henri/stuff/japanese/kanji/cha
p13/sheep.pdf></home/henri/stuff/japanese/kanji/chap13/so_sheep.pdf>]
File: /home/henri/stuff/japanese/kanji/chap13/intervene.pdf Graphic file (type p
df)
<use /home/henri/stuff/japanese/kanji/chap13/intervene.pdf>
Package luatex.def Info: /home/henri/stuff/japanese/kanji/chap13/intervene.pdf  
used on input line 437.
(luatex.def)             Requested size: 56.90388pt x 56.90388pt.
File: /home/henri/stuff/japanese/kanji/chap13/so_intervene.pdf Graphic file (typ
e pdf)
<use /home/henri/stuff/japanese/kanji/chap13/so_intervene.pdf>
Package luatex.def Info: /home/henri/stuff/japanese/kanji/chap13/so_intervene.pd
f  used on input line 437.
(luatex.def)             Requested size: 56.8991pt x 56.8991pt.

Overfull \hbox (0.81456pt too wide) in alignment at lines 437--437
[][][]
 []

File: /home/henri/stuff/japanese/kanji/chap13/platform.pdf Graphic file (type pd
f)
<use /home/henri/stuff/japanese/kanji/chap13/platform.pdf>
Package luatex.def Info: /home/henri/stuff/japanese/kanji/chap13/platform.pdf  u
sed on input line 471.
(luatex.def)             Requested size: 56.90388pt x 56.90388pt.
File: /home/henri/stuff/japanese/kanji/chap13/so_platform.pdf Graphic file (type
 pdf)
<use /home/henri/stuff/japanese/kanji/chap13/so_platform.pdf>
Package luatex.def Info: /home/henri/stuff/japanese/kanji/chap13/so_platform.pdf
  used on input line 471.
(luatex.def)             Requested size: 56.8991pt x 56.8991pt.

Overfull \hbox (0.81456pt too wide) in alignment at lines 471--471
[][][]
 []


Overfull \hbox (0.81456pt too wide) in alignment at lines 486--486
[][][]
 []

[143</home/henri/stuff/japanese/kanji/chap13/intervene.pdf></home/henri/stuff/ja
panese/kanji/chap13/so_intervene.pdf></home/henri/stuff/japanese/kanji/chap13/pl
atform.pdf></home/henri/stuff/japanese/kanji/chap13/so_platform.pdf>]
File: /home/henri/stuff/japanese/kanji/chap13/hasten.pdf Graphic file (type pdf)

<use /home/henri/stuff/japanese/kanji/chap13/hasten.pdf>
Package luatex.def Info: /home/henri/stuff/japanese/kanji/chap13/hasten.pdf  use
d on input line 509.
(luatex.def)             Requested size: 56.90388pt x 56.90388pt.
File: /home/henri/stuff/japanese/kanji/chap13/so_hasten.pdf Graphic file (type p
df)
<use /home/henri/stuff/japanese/kanji/chap13/so_hasten.pdf>
Package luatex.def Info: /home/henri/stuff/japanese/kanji/chap13/so_hasten.pdf  
used on input line 509.
(luatex.def)             Requested size: 56.8991pt x 56.8991pt.

Overfull \hbox (0.81456pt too wide) in alignment at lines 509--509
[][][]
 []

File: /home/henri/stuff/japanese/kanji/chap13/state.pdf Graphic file (type pdf)
<use /home/henri/stuff/japanese/kanji/chap13/state.pdf>
Package luatex.def Info: /home/henri/stuff/japanese/kanji/chap13/state.pdf  used
 on input line 543.
(luatex.def)             Requested size: 56.90388pt x 56.90388pt.
File: /home/henri/stuff/japanese/kanji/chap13/so_state.pdf Graphic file (type pd
f)
<use /home/henri/stuff/japanese/kanji/chap13/so_state.pdf>
Package luatex.def Info: /home/henri/stuff/japanese/kanji/chap13/so_state.pdf  u
sed on input line 543.
(luatex.def)             Requested size: 56.8991pt x 56.8991pt.

Overfull \hbox (0.81456pt too wide) in alignment at lines 543--543
[][][]
 []

[144</home/henri/stuff/japanese/kanji/chap13/hasten.pdf></home/henri/stuff/japan
ese/kanji/chap13/so_hasten.pdf></home/henri/stuff/japanese/kanji/chap13/state.pd
f></home/henri/stuff/japanese/kanji/chap13/so_state.pdf>]
File: /home/henri/stuff/japanese/kanji/chap13/spicy.pdf Graphic file (type pdf)
<use /home/henri/stuff/japanese/kanji/chap13/spicy.pdf>
Package luatex.def Info: /home/henri/stuff/japanese/kanji/chap13/spicy.pdf  used
 on input line 579.
(luatex.def)             Requested size: 56.90388pt x 56.90388pt.
File: /home/henri/stuff/japanese/kanji/chap13/so_spicy.pdf Graphic file (type pd
f)
<use /home/henri/stuff/japanese/kanji/chap13/so_spicy.pdf>
Package luatex.def Info: /home/henri/stuff/japanese/kanji/chap13/so_spicy.pdf  u
sed on input line 579.
(luatex.def)             Requested size: 56.8991pt x 56.8991pt.

Overfull \hbox (0.81456pt too wide) in alignment at lines 579--579
[][][]
 []

File: /home/henri/stuff/japanese/kanji/chap13/clothes.pdf Graphic file (type pdf
)
<use /home/henri/stuff/japanese/kanji/chap13/clothes.pdf>
Package luatex.def Info: /home/henri/stuff/japanese/kanji/chap13/clothes.pdf  us
ed on input line 614.
(luatex.def)             Requested size: 56.90388pt x 56.90388pt.
File: /home/henri/stuff/japanese/kanji/chap13/so_clothes.pdf Graphic file (type 
pdf)
<use /home/henri/stuff/japanese/kanji/chap13/so_clothes.pdf>
Package luatex.def Info: /home/henri/stuff/japanese/kanji/chap13/so_clothes.pdf 
 used on input line 614.
(luatex.def)             Requested size: 56.8991pt x 56.8991pt.

Overfull \hbox (0.81456pt too wide) in alignment at lines 614--614
[][][]
 []

[145</home/henri/stuff/japanese/kanji/chap13/spicy.pdf></home/henri/stuff/japane
se/kanji/chap13/so_spicy.pdf></home/henri/stuff/japanese/kanji/chap13/clothes.pd
f></home/henri/stuff/japanese/kanji/chap13/so_clothes.pdf>]
File: /home/henri/stuff/japanese/kanji/chap13/lucky.pdf Graphic file (type pdf)
<use /home/henri/stuff/japanese/kanji/chap13/lucky.pdf>
Package luatex.def Info: /home/henri/stuff/japanese/kanji/chap13/lucky.pdf  used
 on input line 650.
(luatex.def)             Requested size: 56.90388pt x 56.90388pt.
File: /home/henri/stuff/japanese/kanji/chap13/so_lucky.pdf Graphic file (type pd
f)
<use /home/henri/stuff/japanese/kanji/chap13/so_lucky.pdf>
Package luatex.def Info: /home/henri/stuff/japanese/kanji/chap13/so_lucky.pdf  u
sed on input line 650.
(luatex.def)             Requested size: 56.8991pt x 56.8991pt.

Overfull \hbox (0.81456pt too wide) in alignment at lines 650--650
[][][]
 []


Overfull \hbox (0.81456pt too wide) in alignment at lines 665--665
[][][]
 []

File: /home/henri/stuff/japanese/kanji/chap13/utilize.pdf Graphic file (type pdf
)
<use /home/henri/stuff/japanese/kanji/chap13/utilize.pdf>
Package luatex.def Info: /home/henri/stuff/japanese/kanji/chap13/utilize.pdf  us
ed on input line 686.
(luatex.def)             Requested size: 56.90388pt x 56.90388pt.
File: /home/henri/stuff/japanese/kanji/chap13/so_utilize.pdf Graphic file (type 
pdf)
<use /home/henri/stuff/japanese/kanji/chap13/so_utilize.pdf>
Package luatex.def Info: /home/henri/stuff/japanese/kanji/chap13/so_utilize.pdf 
 used on input line 686.
(luatex.def)             Requested size: 56.8991pt x 56.8991pt.

Overfull \hbox (0.81456pt too wide) in alignment at lines 686--686
[][][]
 []

[146</home/henri/stuff/japanese/kanji/chap13/lucky.pdf></home/henri/stuff/japane
se/kanji/chap13/so_lucky.pdf></home/henri/stuff/japanese/kanji/chap13/utilize.pd
f></home/henri/stuff/japanese/kanji/chap13/so_utilize.pdf>]
File: /home/henri/stuff/japanese/kanji/chap13/next.pdf Graphic file (type pdf)
<use /home/henri/stuff/japanese/kanji/chap13/next.pdf>
Package luatex.def Info: /home/henri/stuff/japanese/kanji/chap13/next.pdf  used 
on input line 722.
(luatex.def)             Requested size: 56.90388pt x 56.90388pt.
File: /home/henri/stuff/japanese/kanji/chap13/so_next.pdf Graphic file (type pdf
)
<use /home/henri/stuff/japanese/kanji/chap13/so_next.pdf>
Package luatex.def Info: /home/henri/stuff/japanese/kanji/chap13/so_next.pdf  us
ed on input line 722.
(luatex.def)             Requested size: 56.8991pt x 56.8991pt.

Overfull \hbox (0.81456pt too wide) in alignment at lines 722--722
[][][]
 []


Overfull \hbox (0.81456pt too wide) in alignment at lines 738--738
[][][]
 []

File: /home/henri/stuff/japanese/kanji/chap13/low.pdf Graphic file (type pdf)
<use /home/henri/stuff/japanese/kanji/chap13/low.pdf>
Package luatex.def Info: /home/henri/stuff/japanese/kanji/chap13/low.pdf  used o
n input line 758.
(luatex.def)             Requested size: 56.90388pt x 56.90388pt.
File: /home/henri/stuff/japanese/kanji/chap13/so_low.pdf Graphic file (type pdf)

<use /home/henri/stuff/japanese/kanji/chap13/so_low.pdf>
Package luatex.def Info: /home/henri/stuff/japanese/kanji/chap13/so_low.pdf  use
d on input line 758.
(luatex.def)             Requested size: 56.8991pt x 56.8991pt.

Overfull \hbox (0.81456pt too wide) in alignment at lines 758--758
[][][]
 []

[147</home/henri/stuff/japanese/kanji/chap13/next.pdf></home/henri/stuff/japanes
e/kanji/chap13/so_next.pdf></home/henri/stuff/japanese/kanji/chap13/low.pdf></ho
me/henri/stuff/japanese/kanji/chap13/so_low.pdf>]
File: /home/henri/stuff/japanese/kanji/chap13/filial_piety.pdf Graphic file (typ
e pdf)
<use /home/henri/stuff/japanese/kanji/chap13/filial_piety.pdf>
Package luatex.def Info: /home/henri/stuff/japanese/kanji/chap13/filial_piety.pd
f  used on input line 794.
(luatex.def)             Requested size: 56.90388pt x 56.90388pt.
File: /home/henri/stuff/japanese/kanji/chap13/so_filial_piety.pdf Graphic file (
type pdf)
<use /home/henri/stuff/japanese/kanji/chap13/so_filial_piety.pdf>
Package luatex.def Info: /home/henri/stuff/japanese/kanji/chap13/so_filial_piety
.pdf  used on input line 794.
(luatex.def)             Requested size: 56.8991pt x 56.8991pt.

Overfull \hbox (0.81456pt too wide) in alignment at lines 794--794
[][][]
 []


Overfull \hbox (0.81456pt too wide) in alignment at lines 820--820
[][][]
 []

File: /home/henri/stuff/japanese/kanji/chap13/tea.pdf Graphic file (type pdf)
<use /home/henri/stuff/japanese/kanji/chap13/tea.pdf>
Package luatex.def Info: /home/henri/stuff/japanese/kanji/chap13/tea.pdf  used o
n input line 828.
(luatex.def)             Requested size: 56.90388pt x 56.90388pt.
File: /home/henri/stuff/japanese/kanji/chap13/so_tea.pdf Graphic file (type pdf)

<use /home/henri/stuff/japanese/kanji/chap13/so_tea.pdf>
Package luatex.def Info: /home/henri/stuff/japanese/kanji/chap13/so_tea.pdf  use
d on input line 828.
(luatex.def)             Requested size: 56.8991pt x 56.8991pt.

Overfull \hbox (0.81456pt too wide) in alignment at lines 828--828
[][][]
 []


Overfull \hbox (0.81456pt too wide) in alignment at lines 843--843
[][][]
 []

[148</home/henri/stuff/japanese/kanji/chap13/filial_piety.pdf></home/henri/stuff
/japanese/kanji/chap13/so_filial_piety.pdf></home/henri/stuff/japanese/kanji/cha
p13/tea.pdf></home/henri/stuff/japanese/kanji/chap13/so_tea.pdf>]
File: /home/henri/stuff/japanese/kanji/chap13/profit.pdf Graphic file (type pdf)

<use /home/henri/stuff/japanese/kanji/chap13/profit.pdf>
Package luatex.def Info: /home/henri/stuff/japanese/kanji/chap13/profit.pdf  use
d on input line 865.
(luatex.def)             Requested size: 56.90388pt x 56.90388pt.
File: /home/henri/stuff/japanese/kanji/chap13/so_profit.pdf Graphic file (type p
df)
<use /home/henri/stuff/japanese/kanji/chap13/so_profit.pdf>
Package luatex.def Info: /home/henri/stuff/japanese/kanji/chap13/so_profit.pdf  
used on input line 865.
(luatex.def)             Requested size: 56.8991pt x 56.8991pt.

Overfull \hbox (0.81456pt too wide) in alignment at lines 865--865
[][][]
 []

File: /home/henri/stuff/japanese/kanji/chap13/not_yet.pdf Graphic file (type pdf
)
<use /home/henri/stuff/japanese/kanji/chap13/not_yet.pdf>
Package luatex.def Info: /home/henri/stuff/japanese/kanji/chap13/not_yet.pdf  us
ed on input line 900.
(luatex.def)             Requested size: 56.90388pt x 56.90388pt.
File: /home/henri/stuff/japanese/kanji/chap13/so_not_yet.pdf Graphic file (type 
pdf)
<use /home/henri/stuff/japanese/kanji/chap13/so_not_yet.pdf>
Package luatex.def Info: /home/henri/stuff/japanese/kanji/chap13/so_not_yet.pdf 
 used on input line 900.
(luatex.def)             Requested size: 56.8991pt x 56.8991pt.

Overfull \hbox (0.81456pt too wide) in alignment at lines 900--900
[][][]
 []

[149</home/henri/stuff/japanese/kanji/chap13/profit.pdf></home/henri/stuff/japan
ese/kanji/chap13/so_profit.pdf></home/henri/stuff/japanese/kanji/chap13/not_yet.
pdf></home/henri/stuff/japanese/kanji/chap13/so_not_yet.pdf>]
File: /home/henri/stuff/japanese/kanji/chap13/end.pdf Graphic file (type pdf)
<use /home/henri/stuff/japanese/kanji/chap13/end.pdf>
Package luatex.def Info: /home/henri/stuff/japanese/kanji/chap13/end.pdf  used o
n input line 936.
(luatex.def)             Requested size: 56.90388pt x 56.90388pt.
File: /home/henri/stuff/japanese/kanji/chap13/so_end.pdf Graphic file (type pdf)

<use /home/henri/stuff/japanese/kanji/chap13/so_end.pdf>
Package luatex.def Info: /home/henri/stuff/japanese/kanji/chap13/so_end.pdf  use
d on input line 936.
(luatex.def)             Requested size: 56.8991pt x 56.8991pt.

Overfull \hbox (0.81456pt too wide) in alignment at lines 936--936
[][][]
 []

File: /home/henri/stuff/japanese/kanji/chap13/dipper.pdf Graphic file (type pdf)

<use /home/henri/stuff/japanese/kanji/chap13/dipper.pdf>
Package luatex.def Info: /home/henri/stuff/japanese/kanji/chap13/dipper.pdf  use
d on input line 970.
(luatex.def)             Requested size: 56.90388pt x 56.90388pt.
File: /home/henri/stuff/japanese/kanji/chap13/so_dipper.pdf Graphic file (type p
df)
<use /home/henri/stuff/japanese/kanji/chap13/so_dipper.pdf>
Package luatex.def Info: /home/henri/stuff/japanese/kanji/chap13/so_dipper.pdf  
used on input line 970.
(luatex.def)             Requested size: 56.8991pt x 56.8991pt.

Overfull \hbox (0.81456pt too wide) in alignment at lines 970--970
[][][]
 []

[150</home/henri/stuff/japanese/kanji/chap13/end.pdf></home/henri/stuff/japanese
/kanji/chap13/so_end.pdf></home/henri/stuff/japanese/kanji/chap13/dipper.pdf></h
ome/henri/stuff/japanese/kanji/chap13/so_dipper.pdf>]
File: /home/henri/stuff/japanese/kanji/chap13/play.pdf Graphic file (type pdf)
<use /home/henri/stuff/japanese/kanji/chap13/play.pdf>
Package luatex.def Info: /home/henri/stuff/japanese/kanji/chap13/play.pdf  used 
on input line 1005.
(luatex.def)             Requested size: 56.90388pt x 56.90388pt.
File: /home/henri/stuff/japanese/kanji/chap13/so_play.pdf Graphic file (type pdf
)
<use /home/henri/stuff/japanese/kanji/chap13/so_play.pdf>
Package luatex.def Info: /home/henri/stuff/japanese/kanji/chap13/so_play.pdf  us
ed on input line 1005.
(luatex.def)             Requested size: 56.8991pt x 56.8991pt.

Overfull \hbox (0.81456pt too wide) in alignment at lines 1005--1005
[][][]
 []

File: /home/henri/stuff/japanese/kanji/chap13/bean.pdf Graphic file (type pdf)
<use /home/henri/stuff/japanese/kanji/chap13/bean.pdf>
Package luatex.def Info: /home/henri/stuff/japanese/kanji/chap13/bean.pdf  used 
on input line 1039.
(luatex.def)             Requested size: 56.90388pt x 56.90388pt.
File: /home/henri/stuff/japanese/kanji/chap13/so_bean.pdf Graphic file (type pdf
)
<use /home/henri/stuff/japanese/kanji/chap13/so_bean.pdf>
Package luatex.def Info: /home/henri/stuff/japanese/kanji/chap13/so_bean.pdf  us
ed on input line 1039.
(luatex.def)             Requested size: 56.8991pt x 56.8991pt.

Overfull \hbox (0.81456pt too wide) in alignment at lines 1039--1039
[][][]
 []


Overfull \hbox (0.81456pt too wide) in alignment at lines 1055--1055
[][][]
 []

) [151</home/henri/stuff/japanese/kanji/chap13/play.pdf></home/henri/stuff/japan
ese/kanji/chap13/so_play.pdf></home/henri/stuff/japanese/kanji/chap13/bean.pdf><
/home/henri/stuff/japanese/kanji/chap13/so_bean.pdf>] [152

]
第 14 章
(./chap14.tex
File: /home/henri/stuff/japanese/kanji/chap14/roof.pdf Graphic file (type pdf)
<use /home/henri/stuff/japanese/kanji/chap14/roof.pdf>
Package luatex.def Info: /home/henri/stuff/japanese/kanji/chap14/roof.pdf  used 
on input line 7.
(luatex.def)             Requested size: 56.90388pt x 56.90388pt.
File: /home/henri/stuff/japanese/kanji/chap14/so_roof.pdf Graphic file (type pdf
)
<use /home/henri/stuff/japanese/kanji/chap14/so_roof.pdf>
Package luatex.def Info: /home/henri/stuff/japanese/kanji/chap14/so_roof.pdf  us
ed on input line 7.
(luatex.def)             Requested size: 56.8991pt x 56.8991pt.

Overfull \hbox (0.81456pt too wide) in alignment at lines 7--7
[][][]
 []


Overfull \hbox (0.81456pt too wide) in alignment at lines 22--22
[][][]
 []

File: /home/henri/stuff/japanese/kanji/chap14/each.pdf Graphic file (type pdf)
<use /home/henri/stuff/japanese/kanji/chap14/each.pdf>
Package luatex.def Info: /home/henri/stuff/japanese/kanji/chap14/each.pdf  used 
on input line 42.
(luatex.def)             Requested size: 56.90388pt x 56.90388pt.
File: /home/henri/stuff/japanese/kanji/chap14/so_each.pdf Graphic file (type pdf
)
<use /home/henri/stuff/japanese/kanji/chap14/so_each.pdf>
Package luatex.def Info: /home/henri/stuff/japanese/kanji/chap14/so_each.pdf  us
ed on input line 42.
(luatex.def)             Requested size: 56.8991pt x 56.8991pt.

Overfull \hbox (0.81456pt too wide) in alignment at lines 42--42
[][][]
 []

[153</home/henri/stuff/japanese/kanji/chap14/roof.pdf></home/henri/stuff/japanes
e/kanji/chap14/so_roof.pdf></home/henri/stuff/japanese/kanji/chap14/each.pdf></h
ome/henri/stuff/japanese/kanji/chap14/so_each.pdf>]
File: /home/henri/stuff/japanese/kanji/chap14/form.pdf Graphic file (type pdf)
<use /home/henri/stuff/japanese/kanji/chap14/form.pdf>
Package luatex.def Info: /home/henri/stuff/japanese/kanji/chap14/form.pdf  used 
on input line 77.
(luatex.def)             Requested size: 56.90388pt x 56.90388pt.
File: /home/henri/stuff/japanese/kanji/chap14/so_form.pdf Graphic file (type pdf
)
<use /home/henri/stuff/japanese/kanji/chap14/so_form.pdf>
Package luatex.def Info: /home/henri/stuff/japanese/kanji/chap14/so_form.pdf  us
ed on input line 77.
(luatex.def)             Requested size: 56.8991pt x 56.8991pt.

Overfull \hbox (0.81456pt too wide) in alignment at lines 77--77
[][][]
 []


Overfull \hbox (0.81456pt too wide) in alignment at lines 93--93
[][][]
 []

File: /home/henri/stuff/japanese/kanji/chap14/target.pdf Graphic file (type pdf)

<use /home/henri/stuff/japanese/kanji/chap14/target.pdf>
Package luatex.def Info: /home/henri/stuff/japanese/kanji/chap14/target.pdf  use
d on input line 116.
(luatex.def)             Requested size: 56.90388pt x 56.90388pt.
File: /home/henri/stuff/japanese/kanji/chap14/so_target.pdf Graphic file (type p
df)
<use /home/henri/stuff/japanese/kanji/chap14/so_target.pdf>
Package luatex.def Info: /home/henri/stuff/japanese/kanji/chap14/so_target.pdf  
used on input line 116.
(luatex.def)             Requested size: 56.8991pt x 56.8991pt.

Overfull \hbox (0.81456pt too wide) in alignment at lines 116--116
[][][]
 []


Overfull \hbox (0.81456pt too wide) in alignment at lines 143--143
[][][]
 []

[154</home/henri/stuff/japanese/kanji/chap14/form.pdf></home/henri/stuff/japanes
e/kanji/chap14/so_form.pdf></home/henri/stuff/japanese/kanji/chap14/target.pdf><
/home/henri/stuff/japanese/kanji/chap14/so_target.pdf>]
File: /home/henri/stuff/japanese/kanji/chap14/arrow.pdf Graphic file (type pdf)
<use /home/henri/stuff/japanese/kanji/chap14/arrow.pdf>
Package luatex.def Info: /home/henri/stuff/japanese/kanji/chap14/arrow.pdf  used
 on input line 154.
(luatex.def)             Requested size: 56.90388pt x 56.90388pt.
File: /home/henri/stuff/japanese/kanji/chap14/so_arrow.pdf Graphic file (type pd
f)
<use /home/henri/stuff/japanese/kanji/chap14/so_arrow.pdf>
Package luatex.def Info: /home/henri/stuff/japanese/kanji/chap14/so_arrow.pdf  u
sed on input line 154.
(luatex.def)             Requested size: 56.8991pt x 56.8991pt.

Overfull \hbox (0.81456pt too wide) in alignment at lines 154--154
[][][]
 []

File: /home/henri/stuff/japanese/kanji/chap14/world.pdf Graphic file (type pdf)
<use /home/henri/stuff/japanese/kanji/chap14/world.pdf>
Package luatex.def Info: /home/henri/stuff/japanese/kanji/chap14/world.pdf  used
 on input line 188.
(luatex.def)             Requested size: 56.90388pt x 56.90388pt.
File: /home/henri/stuff/japanese/kanji/chap14/so_world.pdf Graphic file (type pd
f)
<use /home/henri/stuff/japanese/kanji/chap14/so_world.pdf>
Package luatex.def Info: /home/henri/stuff/japanese/kanji/chap14/so_world.pdf  u
sed on input line 188.
(luatex.def)             Requested size: 56.8991pt x 56.8991pt.

Overfull \hbox (0.81456pt too wide) in alignment at lines 188--188
[][][]
 []

[155</home/henri/stuff/japanese/kanji/chap14/arrow.pdf></home/henri/stuff/japane
se/kanji/chap14/so_arrow.pdf></home/henri/stuff/japanese/kanji/chap14/world.pdf>
</home/henri/stuff/japanese/kanji/chap14/so_world.pdf>]
File: /home/henri/stuff/japanese/kanji/chap14/against.pdf Graphic file (type pdf
)
<use /home/henri/stuff/japanese/kanji/chap14/against.pdf>
Package luatex.def Info: /home/henri/stuff/japanese/kanji/chap14/against.pdf  us
ed on input line 225.
(luatex.def)             Requested size: 56.90388pt x 56.90388pt.
File: /home/henri/stuff/japanese/kanji/chap14/so_against.pdf Graphic file (type 
pdf)
<use /home/henri/stuff/japanese/kanji/chap14/so_against.pdf>
Package luatex.def Info: /home/henri/stuff/japanese/kanji/chap14/so_against.pdf 
 used on input line 225.
(luatex.def)             Requested size: 56.8991pt x 56.8991pt.

Overfull \hbox (0.81456pt too wide) in alignment at lines 225--225
[][][]
 []

File: /home/henri/stuff/japanese/kanji/chap14/good.pdf Graphic file (type pdf)
<use /home/henri/stuff/japanese/kanji/chap14/good.pdf>
Package luatex.def Info: /home/henri/stuff/japanese/kanji/chap14/good.pdf  used 
on input line 259.
(luatex.def)             Requested size: 56.90388pt x 56.90388pt.
File: /home/henri/stuff/japanese/kanji/chap14/so_good.pdf Graphic file (type pdf
)
<use /home/henri/stuff/japanese/kanji/chap14/so_good.pdf>
Package luatex.def Info: /home/henri/stuff/japanese/kanji/chap14/so_good.pdf  us
ed on input line 259.
(luatex.def)             Requested size: 56.8991pt x 56.8991pt.

Overfull \hbox (0.81456pt too wide) in alignment at lines 259--259
[][][]
 []

[156</home/henri/stuff/japanese/kanji/chap14/against.pdf></home/henri/stuff/japa
nese/kanji/chap14/so_against.pdf></home/henri/stuff/japanese/kanji/chap14/good.p
df></home/henri/stuff/japanese/kanji/chap14/so_good.pdf>]
File: /home/henri/stuff/japanese/kanji/chap14/distribute.pdf Graphic file (type 
pdf)
<use /home/henri/stuff/japanese/kanji/chap14/distribute.pdf>
Package luatex.def Info: /home/henri/stuff/japanese/kanji/chap14/distribute.pdf 
 used on input line 295.
(luatex.def)             Requested size: 56.90388pt x 56.90388pt.
File: /home/henri/stuff/japanese/kanji/chap14/so_distribute.pdf Graphic file (ty
pe pdf)
<use /home/henri/stuff/japanese/kanji/chap14/so_distribute.pdf>
Package luatex.def Info: /home/henri/stuff/japanese/kanji/chap14/so_distribute.p
df  used on input line 295.
(luatex.def)             Requested size: 56.8991pt x 56.8991pt.

Overfull \hbox (0.81456pt too wide) in alignment at lines 295--295
[][][]
 []

File: /home/henri/stuff/japanese/kanji/chap14/far.pdf Graphic file (type pdf)
<use /home/henri/stuff/japanese/kanji/chap14/far.pdf>
Package luatex.def Info: /home/henri/stuff/japanese/kanji/chap14/far.pdf  used o
n input line 329.
(luatex.def)             Requested size: 56.90388pt x 56.90388pt.
File: /home/henri/stuff/japanese/kanji/chap14/so_far.pdf Graphic file (type pdf)

<use /home/henri/stuff/japanese/kanji/chap14/so_far.pdf>
Package luatex.def Info: /home/henri/stuff/japanese/kanji/chap14/so_far.pdf  use
d on input line 329.
(luatex.def)             Requested size: 56.8991pt x 56.8991pt.

Overfull \hbox (0.81456pt too wide) in alignment at lines 329--329
[][][]
 []

[157</home/henri/stuff/japanese/kanji/chap14/distribute.pdf></home/henri/stuff/j
apanese/kanji/chap14/so_distribute.pdf></home/henri/stuff/japanese/kanji/chap14/
far.pdf></home/henri/stuff/japanese/kanji/chap14/so_far.pdf>]
File: /home/henri/stuff/japanese/kanji/chap14/forget.pdf Graphic file (type pdf)

<use /home/henri/stuff/japanese/kanji/chap14/forget.pdf>
Package luatex.def Info: /home/henri/stuff/japanese/kanji/chap14/forget.pdf  use
d on input line 365.
(luatex.def)             Requested size: 56.90388pt x 56.90388pt.
File: /home/henri/stuff/japanese/kanji/chap14/so_forget.pdf Graphic file (type p
df)
<use /home/henri/stuff/japanese/kanji/chap14/so_forget.pdf>
Package luatex.def Info: /home/henri/stuff/japanese/kanji/chap14/so_forget.pdf  
used on input line 365.
(luatex.def)             Requested size: 56.8991pt x 56.8991pt.

Overfull \hbox (0.81456pt too wide) in alignment at lines 365--365
[][][]
 []

File: /home/henri/stuff/japanese/kanji/chap14/perfect.pdf Graphic file (type pdf
)
<use /home/henri/stuff/japanese/kanji/chap14/perfect.pdf>
Package luatex.def Info: /home/henri/stuff/japanese/kanji/chap14/perfect.pdf  us
ed on input line 399.
(luatex.def)             Requested size: 56.90388pt x 56.90388pt.
File: /home/henri/stuff/japanese/kanji/chap14/so_perfect.pdf Graphic file (type 
pdf)
<use /home/henri/stuff/japanese/kanji/chap14/so_perfect.pdf>
Package luatex.def Info: /home/henri/stuff/japanese/kanji/chap14/so_perfect.pdf 
 used on input line 399.
(luatex.def)             Requested size: 56.8991pt x 56.8991pt.

Overfull \hbox (0.81456pt too wide) in alignment at lines 399--399
[][][]
 []

[158</home/henri/stuff/japanese/kanji/chap14/forget.pdf></home/henri/stuff/japan
ese/kanji/chap14/so_forget.pdf></home/henri/stuff/japanese/kanji/chap14/perfect.
pdf></home/henri/stuff/japanese/kanji/chap14/so_perfect.pdf>]
File: /home/henri/stuff/japanese/kanji/chap14/besides.pdf Graphic file (type pdf
)
<use /home/henri/stuff/japanese/kanji/chap14/besides.pdf>
Package luatex.def Info: /home/henri/stuff/japanese/kanji/chap14/besides.pdf  us
ed on input line 435.
(luatex.def)             Requested size: 56.90388pt x 56.90388pt.
File: /home/henri/stuff/japanese/kanji/chap14/so_besides.pdf Graphic file (type 
pdf)
<use /home/henri/stuff/japanese/kanji/chap14/so_besides.pdf>
Package luatex.def Info: /home/henri/stuff/japanese/kanji/chap14/so_besides.pdf 
 used on input line 435.
(luatex.def)             Requested size: 56.8991pt x 56.8991pt.

Overfull \hbox (0.81456pt too wide) in alignment at lines 435--435
[][][]
 []

File: /home/henri/stuff/japanese/kanji/chap14/metropolis.pdf Graphic file (type 
pdf)
<use /home/henri/stuff/japanese/kanji/chap14/metropolis.pdf>
Package luatex.def Info: /home/henri/stuff/japanese/kanji/chap14/metropolis.pdf 
 used on input line 467.
(luatex.def)             Requested size: 56.90388pt x 56.90388pt.
File: /home/henri/stuff/japanese/kanji/chap14/so_metropolis.pdf Graphic file (ty
pe pdf)
<use /home/henri/stuff/japanese/kanji/chap14/so_metropolis.pdf>
Package luatex.def Info: /home/henri/stuff/japanese/kanji/chap14/so_metropolis.p
df  used on input line 467.
(luatex.def)             Requested size: 56.8991pt x 56.8991pt.

Overfull \hbox (0.81456pt too wide) in alignment at lines 467--467
[][][]
 []


Overfull \hbox (0.81456pt too wide) in alignment at lines 483--483
[][][]
 []

[159</home/henri/stuff/japanese/kanji/chap14/besides.pdf></home/henri/stuff/japa
nese/kanji/chap14/so_besides.pdf></home/henri/stuff/japanese/kanji/chap14/metrop
olis.pdf></home/henri/stuff/japanese/kanji/chap14/so_metropolis.pdf>]
File: /home/henri/stuff/japanese/kanji/chap14/descend.pdf Graphic file (type pdf
)
<use /home/henri/stuff/japanese/kanji/chap14/descend.pdf>
Package luatex.def Info: /home/henri/stuff/japanese/kanji/chap14/descend.pdf  us
ed on input line 506.
(luatex.def)             Requested size: 56.90388pt x 56.90388pt.
File: /home/henri/stuff/japanese/kanji/chap14/so_descend.pdf Graphic file (type 
pdf)
<use /home/henri/stuff/japanese/kanji/chap14/so_descend.pdf>
Package luatex.def Info: /home/henri/stuff/japanese/kanji/chap14/so_descend.pdf 
 used on input line 506.
(luatex.def)             Requested size: 56.8991pt x 56.8991pt.

Overfull \hbox (0.81456pt too wide) in alignment at lines 506--506
[][][]
 []


Overfull \hbox (0.81456pt too wide) in alignment at lines 521--521
[][][]
 []

File: /home/henri/stuff/japanese/kanji/chap14/marriage.pdf Graphic file (type pd
f)
<use /home/henri/stuff/japanese/kanji/chap14/marriage.pdf>
Package luatex.def Info: /home/henri/stuff/japanese/kanji/chap14/marriage.pdf  u
sed on input line 541.
(luatex.def)             Requested size: 56.90388pt x 56.90388pt.
File: /home/henri/stuff/japanese/kanji/chap14/so_marriage.pdf Graphic file (type
 pdf)
<use /home/henri/stuff/japanese/kanji/chap14/so_marriage.pdf>
Package luatex.def Info: /home/henri/stuff/japanese/kanji/chap14/so_marriage.pdf
  used on input line 541.
(luatex.def)             Requested size: 56.8991pt x 56.8991pt.

Overfull \hbox (0.81456pt too wide) in alignment at lines 541--541
[][][]
 []

[160</home/henri/stuff/japanese/kanji/chap14/descend.pdf></home/henri/stuff/japa
nese/kanji/chap14/so_descend.pdf></home/henri/stuff/japanese/kanji/chap14/marria
ge.pdf></home/henri/stuff/japanese/kanji/chap14/so_marriage.pdf>]
File: /home/henri/stuff/japanese/kanji/chap14/festival.pdf Graphic file (type pd
f)
<use /home/henri/stuff/japanese/kanji/chap14/festival.pdf>
Package luatex.def Info: /home/henri/stuff/japanese/kanji/chap14/festival.pdf  u
sed on input line 579.
(luatex.def)             Requested size: 56.90388pt x 56.90388pt.
File: /home/henri/stuff/japanese/kanji/chap14/so_festival.pdf Graphic file (type
 pdf)
<use /home/henri/stuff/japanese/kanji/chap14/so_festival.pdf>
Package luatex.def Info: /home/henri/stuff/japanese/kanji/chap14/so_festival.pdf
  used on input line 579.
(luatex.def)             Requested size: 56.8991pt x 56.8991pt.

Overfull \hbox (0.81456pt too wide) in alignment at lines 579--579
[][][]
 []

File: /home/henri/stuff/japanese/kanji/chap14/finger.pdf Graphic file (type pdf)

<use /home/henri/stuff/japanese/kanji/chap14/finger.pdf>
Package luatex.def Info: /home/henri/stuff/japanese/kanji/chap14/finger.pdf  use
d on input line 614.
(luatex.def)             Requested size: 56.90388pt x 56.90388pt.
File: /home/henri/stuff/japanese/kanji/chap14/so_finger.pdf Graphic file (type p
df)
<use /home/henri/stuff/japanese/kanji/chap14/so_finger.pdf>
Package luatex.def Info: /home/henri/stuff/japanese/kanji/chap14/so_finger.pdf  
used on input line 614.
(luatex.def)             Requested size: 56.8991pt x 56.8991pt.

Overfull \hbox (0.81456pt too wide) in alignment at lines 614--614
[][][]
 []


Overfull \hbox (0.81456pt too wide) in alignment at lines 629--629
[][][]
 []

[161</home/henri/stuff/japanese/kanji/chap14/festival.pdf></home/henri/stuff/jap
anese/kanji/chap14/so_festival.pdf></home/henri/stuff/japanese/kanji/chap14/fing
er.pdf></home/henri/stuff/japanese/kanji/chap14/so_finger.pdf>]
File: /home/henri/stuff/japanese/kanji/chap14/beforehand.pdf Graphic file (type 
pdf)
<use /home/henri/stuff/japanese/kanji/chap14/beforehand.pdf>
Package luatex.def Info: /home/henri/stuff/japanese/kanji/chap14/beforehand.pdf 
 used on input line 651.
(luatex.def)             Requested size: 56.90388pt x 56.90388pt.
File: /home/henri/stuff/japanese/kanji/chap14/so_beforehand.pdf Graphic file (ty
pe pdf)
<use /home/henri/stuff/japanese/kanji/chap14/so_beforehand.pdf>
Package luatex.def Info: /home/henri/stuff/japanese/kanji/chap14/so_beforehand.p
df  used on input line 651.
(luatex.def)             Requested size: 56.8991pt x 56.8991pt.

Overfull \hbox (0.81456pt too wide) in alignment at lines 651--651
[][][]
 []

File: /home/henri/stuff/japanese/kanji/chap14/active.pdf Graphic file (type pdf)

<use /home/henri/stuff/japanese/kanji/chap14/active.pdf>
Package luatex.def Info: /home/henri/stuff/japanese/kanji/chap14/active.pdf  use
d on input line 685.
(luatex.def)             Requested size: 56.90388pt x 56.90388pt.
File: /home/henri/stuff/japanese/kanji/chap14/so_active.pdf Graphic file (type p
df)
<use /home/henri/stuff/japanese/kanji/chap14/so_active.pdf>
Package luatex.def Info: /home/henri/stuff/japanese/kanji/chap14/so_active.pdf  
used on input line 685.
(luatex.def)             Requested size: 56.8991pt x 56.8991pt.

Overfull \hbox (0.81456pt too wide) in alignment at lines 685--685
[][][]
 []

[162</home/henri/stuff/japanese/kanji/chap14/beforehand.pdf></home/henri/stuff/j
apanese/kanji/chap14/so_beforehand.pdf></home/henri/stuff/japanese/kanji/chap14/
active.pdf></home/henri/stuff/japanese/kanji/chap14/so_active.pdf>]
File: /home/henri/stuff/japanese/kanji/chap14/harmony.pdf Graphic file (type pdf
)
<use /home/henri/stuff/japanese/kanji/chap14/harmony.pdf>
Package luatex.def Info: /home/henri/stuff/japanese/kanji/chap14/harmony.pdf  us
ed on input line 722.
(luatex.def)             Requested size: 56.90388pt x 56.90388pt.
File: /home/henri/stuff/japanese/kanji/chap14/so_harmony.pdf Graphic file (type 
pdf)
<use /home/henri/stuff/japanese/kanji/chap14/so_harmony.pdf>
Package luatex.def Info: /home/henri/stuff/japanese/kanji/chap14/so_harmony.pdf 
 used on input line 722.
(luatex.def)             Requested size: 56.8991pt x 56.8991pt.

Overfull \hbox (0.81456pt too wide) in alignment at lines 722--722
[][][]
 []

File: /home/henri/stuff/japanese/kanji/chap14/via.pdf Graphic file (type pdf)
<use /home/henri/stuff/japanese/kanji/chap14/via.pdf>
Package luatex.def Info: /home/henri/stuff/japanese/kanji/chap14/via.pdf  used o
n input line 762.
(luatex.def)             Requested size: 56.90388pt x 56.90388pt.
File: /home/henri/stuff/japanese/kanji/chap14/so_via.pdf Graphic file (type pdf)

<use /home/henri/stuff/japanese/kanji/chap14/so_via.pdf>
Package luatex.def Info: /home/henri/stuff/japanese/kanji/chap14/so_via.pdf  use
d on input line 762.
(luatex.def)             Requested size: 56.8991pt x 56.8991pt.

Overfull \hbox (0.81456pt too wide) in alignment at lines 762--762
[][][]
 []

[163</home/henri/stuff/japanese/kanji/chap14/harmony.pdf></home/henri/stuff/japa
nese/kanji/chap14/so_harmony.pdf></home/henri/stuff/japanese/kanji/chap14/via.pd
f></home/henri/stuff/japanese/kanji/chap14/so_via.pdf>]
File: /home/henri/stuff/japanese/kanji/chap14/head.pdf Graphic file (type pdf)
<use /home/henri/stuff/japanese/kanji/chap14/head.pdf>
Package luatex.def Info: /home/henri/stuff/japanese/kanji/chap14/head.pdf  used 
on input line 798.
(luatex.def)             Requested size: 56.90388pt x 56.90388pt.
File: /home/henri/stuff/japanese/kanji/chap14/so_head.pdf Graphic file (type pdf
)
<use /home/henri/stuff/japanese/kanji/chap14/so_head.pdf>
Package luatex.def Info: /home/henri/stuff/japanese/kanji/chap14/so_head.pdf  us
ed on input line 798.
(luatex.def)             Requested size: 56.8991pt x 56.8991pt.

Overfull \hbox (0.81456pt too wide) in alignment at lines 798--798
[][][]
 []


Overfull \hbox (0.81456pt too wide) in alignment at lines 813--813
[][][]
 []

File: /home/henri/stuff/japanese/kanji/chap14/fish.pdf Graphic file (type pdf)
<use /home/henri/stuff/japanese/kanji/chap14/fish.pdf>
Package luatex.def Info: /home/henri/stuff/japanese/kanji/chap14/fish.pdf  used 
on input line 833.
(luatex.def)             Requested size: 56.90388pt x 56.90388pt.
File: /home/henri/stuff/japanese/kanji/chap14/so_fish.pdf Graphic file (type pdf
)
<use /home/henri/stuff/japanese/kanji/chap14/so_fish.pdf>
Package luatex.def Info: /home/henri/stuff/japanese/kanji/chap14/so_fish.pdf  us
ed on input line 833.
(luatex.def)             Requested size: 56.8991pt x 56.8991pt.

Overfull \hbox (0.81456pt too wide) in alignment at lines 833--833
[][][]
 []

[164</home/henri/stuff/japanese/kanji/chap14/head.pdf></home/henri/stuff/japanes
e/kanji/chap14/so_head.pdf></home/henri/stuff/japanese/kanji/chap14/fish.pdf></h
ome/henri/stuff/japanese/kanji/chap14/so_fish.pdf>]
File: /home/henri/stuff/japanese/kanji/chap14/actual.pdf Graphic file (type pdf)

<use /home/henri/stuff/japanese/kanji/chap14/actual.pdf>
Package luatex.def Info: /home/henri/stuff/japanese/kanji/chap14/actual.pdf  use
d on input line 869.
(luatex.def)             Requested size: 56.90388pt x 56.90388pt.
File: /home/henri/stuff/japanese/kanji/chap14/so_actual.pdf Graphic file (type p
df)
<use /home/henri/stuff/japanese/kanji/chap14/so_actual.pdf>
Package luatex.def Info: /home/henri/stuff/japanese/kanji/chap14/so_actual.pdf  
used on input line 869.
(luatex.def)             Requested size: 56.8991pt x 56.8991pt.

Overfull \hbox (0.81456pt too wide) in alignment at lines 869--869
[][][]
 []

) [165</home/henri/stuff/japanese/kanji/chap14/actual.pdf></home/henri/stuff/jap
anese/kanji/chap14/so_actual.pdf>] [166

]
第 15 章
(./chap15.tex
File: /home/henri/stuff/japanese/kanji/chap15/achieve.pdf Graphic file (type pdf
)
<use /home/henri/stuff/japanese/kanji/chap15/achieve.pdf>
Package luatex.def Info: /home/henri/stuff/japanese/kanji/chap15/achieve.pdf  us
ed on input line 7.
(luatex.def)             Requested size: 56.90388pt x 56.90388pt.
File: /home/henri/stuff/japanese/kanji/chap15/so_achieve.pdf Graphic file (type 
pdf)
<use /home/henri/stuff/japanese/kanji/chap15/so_achieve.pdf>
Package luatex.def Info: /home/henri/stuff/japanese/kanji/chap15/so_achieve.pdf 
 used on input line 7.
(luatex.def)             Requested size: 56.8991pt x 56.8991pt.

Overfull \hbox (0.81456pt too wide) in alignment at lines 7--7
[][][]
 []


Overfull \hbox (0.81456pt too wide) in alignment at lines 22--22
[][][]
 []

File: /home/henri/stuff/japanese/kanji/chap15/continue.pdf Graphic file (type pd
f)
<use /home/henri/stuff/japanese/kanji/chap15/continue.pdf>
Package luatex.def Info: /home/henri/stuff/japanese/kanji/chap15/continue.pdf  u
sed on input line 42.
(luatex.def)             Requested size: 56.90388pt x 56.90388pt.
File: /home/henri/stuff/japanese/kanji/chap15/so_continue.pdf Graphic file (type
 pdf)
<use /home/henri/stuff/japanese/kanji/chap15/so_continue.pdf>
Package luatex.def Info: /home/henri/stuff/japanese/kanji/chap15/so_continue.pdf
  used on input line 42.
(luatex.def)             Requested size: 56.8991pt x 56.8991pt.

Overfull \hbox (0.81456pt too wide) in alignment at lines 42--42
[][][]
 []

[167</home/henri/stuff/japanese/kanji/chap15/achieve.pdf></home/henri/stuff/japa
nese/kanji/chap15/so_achieve.pdf></home/henri/stuff/japanese/kanji/chap15/contin
ue.pdf></home/henri/stuff/japanese/kanji/chap15/so_continue.pdf>]
File: /home/henri/stuff/japanese/kanji/chap15/weak.pdf Graphic file (type pdf)
<use /home/henri/stuff/japanese/kanji/chap15/weak.pdf>
Package luatex.def Info: /home/henri/stuff/japanese/kanji/chap15/weak.pdf  used 
on input line 79.
(luatex.def)             Requested size: 56.90388pt x 56.90388pt.
File: /home/henri/stuff/japanese/kanji/chap15/so_weak.pdf Graphic file (type pdf
)
<use /home/henri/stuff/japanese/kanji/chap15/so_weak.pdf>
Package luatex.def Info: /home/henri/stuff/japanese/kanji/chap15/so_weak.pdf  us
ed on input line 79.
(luatex.def)             Requested size: 56.8991pt x 56.8991pt.

Overfull \hbox (0.81456pt too wide) in alignment at lines 79--79
[][][]
 []

File: /home/henri/stuff/japanese/kanji/chap15/short.pdf Graphic file (type pdf)
<use /home/henri/stuff/japanese/kanji/chap15/short.pdf>
Package luatex.def Info: /home/henri/stuff/japanese/kanji/chap15/short.pdf  used
 on input line 113.
(luatex.def)             Requested size: 56.90388pt x 56.90388pt.
File: /home/henri/stuff/japanese/kanji/chap15/so_short.pdf Graphic file (type pd
f)
<use /home/henri/stuff/japanese/kanji/chap15/so_short.pdf>
Package luatex.def Info: /home/henri/stuff/japanese/kanji/chap15/so_short.pdf  u
sed on input line 113.
(luatex.def)             Requested size: 56.8991pt x 56.8991pt.

Overfull \hbox (0.81456pt too wide) in alignment at lines 113--113
[][][]
 []

[168</home/henri/stuff/japanese/kanji/chap15/weak.pdf></home/henri/stuff/japanes
e/kanji/chap15/so_weak.pdf></home/henri/stuff/japanese/kanji/chap15/short.pdf></
home/henri/stuff/japanese/kanji/chap15/so_short.pdf>]
File: /home/henri/stuff/japanese/kanji/chap15/resign.pdf Graphic file (type pdf)

<use /home/henri/stuff/japanese/kanji/chap15/resign.pdf>
Package luatex.def Info: /home/henri/stuff/japanese/kanji/chap15/resign.pdf  use
d on input line 150.
(luatex.def)             Requested size: 56.90388pt x 56.90388pt.
File: /home/henri/stuff/japanese/kanji/chap15/so_resign.pdf Graphic file (type p
df)
<use /home/henri/stuff/japanese/kanji/chap15/so_resign.pdf>
Package luatex.def Info: /home/henri/stuff/japanese/kanji/chap15/so_resign.pdf  
used on input line 150.
(luatex.def)             Requested size: 56.8991pt x 56.8991pt.

Overfull \hbox (0.81456pt too wide) in alignment at lines 150--150
[][][]
 []

File: /home/henri/stuff/japanese/kanji/chap15/exemption.pdf Graphic file (type p
df)
<use /home/henri/stuff/japanese/kanji/chap15/exemption.pdf>
Package luatex.def Info: /home/henri/stuff/japanese/kanji/chap15/exemption.pdf  
used on input line 184.
(luatex.def)             Requested size: 56.90388pt x 56.90388pt.
File: /home/henri/stuff/japanese/kanji/chap15/so_exemption.pdf Graphic file (typ
e pdf)
<use /home/henri/stuff/japanese/kanji/chap15/so_exemption.pdf>
Package luatex.def Info: /home/henri/stuff/japanese/kanji/chap15/so_exemption.pd
f  used on input line 184.
(luatex.def)             Requested size: 56.8991pt x 56.8991pt.

Overfull \hbox (0.81456pt too wide) in alignment at lines 184--184
[][][]
 []

[169</home/henri/stuff/japanese/kanji/chap15/resign.pdf></home/henri/stuff/japan
ese/kanji/chap15/so_resign.pdf></home/henri/stuff/japanese/kanji/chap15/exemptio
n.pdf></home/henri/stuff/japanese/kanji/chap15/so_exemption.pdf>]
File: /home/henri/stuff/japanese/kanji/chap15/song.pdf Graphic file (type pdf)
<use /home/henri/stuff/japanese/kanji/chap15/song.pdf>
Package luatex.def Info: /home/henri/stuff/japanese/kanji/chap15/song.pdf  used 
on input line 219.
(luatex.def)             Requested size: 56.90388pt x 56.90388pt.
File: /home/henri/stuff/japanese/kanji/chap15/so_song.pdf Graphic file (type pdf
)
<use /home/henri/stuff/japanese/kanji/chap15/so_song.pdf>
Package luatex.def Info: /home/henri/stuff/japanese/kanji/chap15/so_song.pdf  us
ed on input line 219.
(luatex.def)             Requested size: 56.8991pt x 56.8991pt.

Overfull \hbox (0.81456pt too wide) in alignment at lines 219--219
[][][]
 []


Overfull \hbox (0.81456pt too wide) in alignment at lines 234--234
[][][]
 []

File: /home/henri/stuff/japanese/kanji/chap15/send.pdf Graphic file (type pdf)
<use /home/henri/stuff/japanese/kanji/chap15/send.pdf>
Package luatex.def Info: /home/henri/stuff/japanese/kanji/chap15/send.pdf  used 
on input line 254.
(luatex.def)             Requested size: 56.90388pt x 56.90388pt.
File: /home/henri/stuff/japanese/kanji/chap15/so_send.pdf Graphic file (type pdf
)
<use /home/henri/stuff/japanese/kanji/chap15/so_send.pdf>
Package luatex.def Info: /home/henri/stuff/japanese/kanji/chap15/so_send.pdf  us
ed on input line 254.
(luatex.def)             Requested size: 56.8991pt x 56.8991pt.

Overfull \hbox (0.81456pt too wide) in alignment at lines 254--254
[][][]
 []


Overfull \hbox (0.81456pt too wide) in alignment at lines 269--269
[][][]
 []

[170
Missing character: There is no ⎄ (U+2384) in font IPAExMincho:jfm=min!
</home/henri/stuff/japanese/kanji/chap15/song.pdf></home/henri/stuff/japanese/ka
nji/chap15/so_song.pdf></home/henri/stuff/japanese/kanji/chap15/send.pdf></home/
henri/stuff/japanese/kanji/chap15/so_send.pdf>]
File: /home/henri/stuff/japanese/kanji/chap15/pay.pdf Graphic file (type pdf)
<use /home/henri/stuff/japanese/kanji/chap15/pay.pdf>
Package luatex.def Info: /home/henri/stuff/japanese/kanji/chap15/pay.pdf  used o
n input line 292.
(luatex.def)             Requested size: 56.90388pt x 56.90388pt.
File: /home/henri/stuff/japanese/kanji/chap15/so_pay.pdf Graphic file (type pdf)

<use /home/henri/stuff/japanese/kanji/chap15/so_pay.pdf>
Package luatex.def Info: /home/henri/stuff/japanese/kanji/chap15/so_pay.pdf  use
d on input line 292.
(luatex.def)             Requested size: 56.8991pt x 56.8991pt.

Overfull \hbox (0.81456pt too wide) in alignment at lines 292--292
[][][]
 []


Overfull \hbox (0.81456pt too wide) in alignment at lines 307--307
[][][]
 []

File: /home/henri/stuff/japanese/kanji/chap15/husband.pdf Graphic file (type pdf
)
<use /home/henri/stuff/japanese/kanji/chap15/husband.pdf>
Package luatex.def Info: /home/henri/stuff/japanese/kanji/chap15/husband.pdf  us
ed on input line 327.
(luatex.def)             Requested size: 56.90388pt x 56.90388pt.
File: /home/henri/stuff/japanese/kanji/chap15/so_husband.pdf Graphic file (type 
pdf)
<use /home/henri/stuff/japanese/kanji/chap15/so_husband.pdf>
Package luatex.def Info: /home/henri/stuff/japanese/kanji/chap15/so_husband.pdf 
 used on input line 327.
(luatex.def)             Requested size: 56.8991pt x 56.8991pt.

Overfull \hbox (0.81456pt too wide) in alignment at lines 327--327
[][][]
 []


Overfull \hbox (0.81456pt too wide) in alignment at lines 342--342
[][][]
 []

[171</home/henri/stuff/japanese/kanji/chap15/pay.pdf></home/henri/stuff/japanese
/kanji/chap15/so_pay.pdf></home/henri/stuff/japanese/kanji/chap15/husband.pdf></
home/henri/stuff/japanese/kanji/chap15/so_husband.pdf>]
File: /home/henri/stuff/japanese/kanji/chap15/alter.pdf Graphic file (type pdf)
<use /home/henri/stuff/japanese/kanji/chap15/alter.pdf>
Package luatex.def Info: /home/henri/stuff/japanese/kanji/chap15/alter.pdf  used
 on input line 364.
(luatex.def)             Requested size: 56.90388pt x 56.90388pt.
File: /home/henri/stuff/japanese/kanji/chap15/so_alter.pdf Graphic file (type pd
f)
<use /home/henri/stuff/japanese/kanji/chap15/so_alter.pdf>
Package luatex.def Info: /home/henri/stuff/japanese/kanji/chap15/so_alter.pdf  u
sed on input line 364.
(luatex.def)             Requested size: 56.8991pt x 56.8991pt.

Overfull \hbox (0.81456pt too wide) in alignment at lines 364--364
[][][]
 []


Overfull \hbox (0.81456pt too wide) in alignment at lines 379--379
[][][]
 []

File: /home/henri/stuff/japanese/kanji/chap15/eat.pdf Graphic file (type pdf)
<use /home/henri/stuff/japanese/kanji/chap15/eat.pdf>
Package luatex.def Info: /home/henri/stuff/japanese/kanji/chap15/eat.pdf  used o
n input line 400.
(luatex.def)             Requested size: 56.90388pt x 56.90388pt.
File: /home/henri/stuff/japanese/kanji/chap15/so_eat.pdf Graphic file (type pdf)

<use /home/henri/stuff/japanese/kanji/chap15/so_eat.pdf>
Package luatex.def Info: /home/henri/stuff/japanese/kanji/chap15/so_eat.pdf  use
d on input line 400.
(luatex.def)             Requested size: 56.8991pt x 56.8991pt.

Overfull \hbox (0.81456pt too wide) in alignment at lines 400--400
[][][]
 []

[172</home/henri/stuff/japanese/kanji/chap15/alter.pdf></home/henri/stuff/japane
se/kanji/chap15/so_alter.pdf></home/henri/stuff/japanese/kanji/chap15/eat.pdf></
home/henri/stuff/japanese/kanji/chap15/so_eat.pdf>]
File: /home/henri/stuff/japanese/kanji/chap15/move.pdf Graphic file (type pdf)
<use /home/henri/stuff/japanese/kanji/chap15/move.pdf>
Package luatex.def Info: /home/henri/stuff/japanese/kanji/chap15/move.pdf  used 
on input line 436.
(luatex.def)             Requested size: 56.90388pt x 56.90388pt.
File: /home/henri/stuff/japanese/kanji/chap15/so_move.pdf Graphic file (type pdf
)
<use /home/henri/stuff/japanese/kanji/chap15/so_move.pdf>
Package luatex.def Info: /home/henri/stuff/japanese/kanji/chap15/so_move.pdf  us
ed on input line 436.
(luatex.def)             Requested size: 56.8991pt x 56.8991pt.

Overfull \hbox (0.81456pt too wide) in alignment at lines 436--436
[][][]
 []

File: /home/henri/stuff/japanese/kanji/chap15/springs.pdf Graphic file (type pdf
)
<use /home/henri/stuff/japanese/kanji/chap15/springs.pdf>
Package luatex.def Info: /home/henri/stuff/japanese/kanji/chap15/springs.pdf  us
ed on input line 471.
(luatex.def)             Requested size: 56.90388pt x 56.90388pt.
File: /home/henri/stuff/japanese/kanji/chap15/so_springs.pdf Graphic file (type 
pdf)
<use /home/henri/stuff/japanese/kanji/chap15/so_springs.pdf>
Package luatex.def Info: /home/henri/stuff/japanese/kanji/chap15/so_springs.pdf 
 used on input line 471.
(luatex.def)             Requested size: 56.8991pt x 56.8991pt.

Overfull \hbox (0.81456pt too wide) in alignment at lines 471--471
[][][]
 []

[173</home/henri/stuff/japanese/kanji/chap15/move.pdf></home/henri/stuff/japanes
e/kanji/chap15/so_move.pdf></home/henri/stuff/japanese/kanji/chap15/springs.pdf>
</home/henri/stuff/japanese/kanji/chap15/so_springs.pdf>]
File: /home/henri/stuff/japanese/kanji/chap15/un.pdf Graphic file (type pdf)
<use /home/henri/stuff/japanese/kanji/chap15/un.pdf>
Package luatex.def Info: /home/henri/stuff/japanese/kanji/chap15/un.pdf  used on
 input line 507.
(luatex.def)             Requested size: 56.90388pt x 56.90388pt.
File: /home/henri/stuff/japanese/kanji/chap15/so_un.pdf Graphic file (type pdf)
<use /home/henri/stuff/japanese/kanji/chap15/so_un.pdf>
Package luatex.def Info: /home/henri/stuff/japanese/kanji/chap15/so_un.pdf  used
 on input line 507.
(luatex.def)             Requested size: 56.8991pt x 56.8991pt.

Overfull \hbox (0.81456pt too wide) in alignment at lines 507--507
[][][]
 []

File: /home/henri/stuff/japanese/kanji/chap15/substitute.pdf Graphic file (type 
pdf)
<use /home/henri/stuff/japanese/kanji/chap15/substitute.pdf>
Package luatex.def Info: /home/henri/stuff/japanese/kanji/chap15/substitute.pdf 
 used on input line 542.
(luatex.def)             Requested size: 56.90388pt x 56.90388pt.
File: /home/henri/stuff/japanese/kanji/chap15/so_substitute.pdf Graphic file (ty
pe pdf)
<use /home/henri/stuff/japanese/kanji/chap15/so_substitute.pdf>
Package luatex.def Info: /home/henri/stuff/japanese/kanji/chap15/so_substitute.p
df  used on input line 542.
(luatex.def)             Requested size: 56.8991pt x 56.8991pt.

Overfull \hbox (0.81456pt too wide) in alignment at lines 542--542
[][][]
 []


Overfull \hbox (0.81456pt too wide) in alignment at lines 557--557
[][][]
 []

[174</home/henri/stuff/japanese/kanji/chap15/un.pdf></home/henri/stuff/japanese/
kanji/chap15/so_un.pdf></home/henri/stuff/japanese/kanji/chap15/substitute.pdf><
/home/henri/stuff/japanese/kanji/chap15/so_substitute.pdf>]
File: /home/henri/stuff/japanese/kanji/chap15/note.pdf Graphic file (type pdf)
<use /home/henri/stuff/japanese/kanji/chap15/note.pdf>
Package luatex.def Info: /home/henri/stuff/japanese/kanji/chap15/note.pdf  used 
on input line 581.
(luatex.def)             Requested size: 56.90388pt x 56.90388pt.
File: /home/henri/stuff/japanese/kanji/chap15/so_note.pdf Graphic file (type pdf
)
<use /home/henri/stuff/japanese/kanji/chap15/so_note.pdf>
Package luatex.def Info: /home/henri/stuff/japanese/kanji/chap15/so_note.pdf  us
ed on input line 581.
(luatex.def)             Requested size: 56.8991pt x 56.8991pt.

Overfull \hbox (0.81456pt too wide) in alignment at lines 581--581
[][][]
 []

File: /home/henri/stuff/japanese/kanji/chap15/reflect.pdf Graphic file (type pdf
)
<use /home/henri/stuff/japanese/kanji/chap15/reflect.pdf>
Package luatex.def Info: /home/henri/stuff/japanese/kanji/chap15/reflect.pdf  us
ed on input line 615.
(luatex.def)             Requested size: 56.90388pt x 56.90388pt.
File: /home/henri/stuff/japanese/kanji/chap15/so_reflect.pdf Graphic file (type 
pdf)
<use /home/henri/stuff/japanese/kanji/chap15/so_reflect.pdf>
Package luatex.def Info: /home/henri/stuff/japanese/kanji/chap15/so_reflect.pdf 
 used on input line 615.
(luatex.def)             Requested size: 56.8991pt x 56.8991pt.

Overfull \hbox (0.81456pt too wide) in alignment at lines 615--615
[][][]
 []

[175</home/henri/stuff/japanese/kanji/chap15/note.pdf></home/henri/stuff/japanes
e/kanji/chap15/so_note.pdf></home/henri/stuff/japanese/kanji/chap15/reflect.pdf>
</home/henri/stuff/japanese/kanji/chap15/so_reflect.pdf>]
File: /home/henri/stuff/japanese/kanji/chap15/doctor.pdf Graphic file (type pdf)

<use /home/henri/stuff/japanese/kanji/chap15/doctor.pdf>
Package luatex.def Info: /home/henri/stuff/japanese/kanji/chap15/doctor.pdf  use
d on input line 651.
(luatex.def)             Requested size: 56.90388pt x 56.90388pt.
File: /home/henri/stuff/japanese/kanji/chap15/so_doctor.pdf Graphic file (type p
df)
<use /home/henri/stuff/japanese/kanji/chap15/so_doctor.pdf>
Package luatex.def Info: /home/henri/stuff/japanese/kanji/chap15/so_doctor.pdf  
used on input line 651.
(luatex.def)             Requested size: 56.8991pt x 56.8991pt.

Overfull \hbox (0.81456pt too wide) in alignment at lines 651--651
[][][]
 []

File: /home/henri/stuff/japanese/kanji/chap15/ocean.pdf Graphic file (type pdf)
<use /home/henri/stuff/japanese/kanji/chap15/ocean.pdf>
Package luatex.def Info: /home/henri/stuff/japanese/kanji/chap15/ocean.pdf  used
 on input line 686.
(luatex.def)             Requested size: 56.90388pt x 56.90388pt.
File: /home/henri/stuff/japanese/kanji/chap15/so_ocean.pdf Graphic file (type pd
f)
<use /home/henri/stuff/japanese/kanji/chap15/so_ocean.pdf>
Package luatex.def Info: /home/henri/stuff/japanese/kanji/chap15/so_ocean.pdf  u
sed on input line 686.
(luatex.def)             Requested size: 56.8991pt x 56.8991pt.

Overfull \hbox (0.81456pt too wide) in alignment at lines 686--686
[][][]
 []

[176</home/henri/stuff/japanese/kanji/chap15/doctor.pdf></home/henri/stuff/japan
ese/kanji/chap15/so_doctor.pdf></home/henri/stuff/japanese/kanji/chap15/ocean.pd
f></home/henri/stuff/japanese/kanji/chap15/so_ocean.pdf>]
File: /home/henri/stuff/japanese/kanji/chap15/bridge.pdf Graphic file (type pdf)

<use /home/henri/stuff/japanese/kanji/chap15/bridge.pdf>
Package luatex.def Info: /home/henri/stuff/japanese/kanji/chap15/bridge.pdf  use
d on input line 722.
(luatex.def)             Requested size: 56.90388pt x 56.90388pt.
File: /home/henri/stuff/japanese/kanji/chap15/so_bridge.pdf Graphic file (type p
df)
<use /home/henri/stuff/japanese/kanji/chap15/so_bridge.pdf>
Package luatex.def Info: /home/henri/stuff/japanese/kanji/chap15/so_bridge.pdf  
used on input line 722.
(luatex.def)             Requested size: 56.8991pt x 56.8991pt.

Overfull \hbox (0.81456pt too wide) in alignment at lines 722--722
[][][]
 []


Overfull \hbox (0.81456pt too wide) in alignment at lines 737--737
[][][]
 []

File: /home/henri/stuff/japanese/kanji/chap15/present.pdf Graphic file (type pdf
)
<use /home/henri/stuff/japanese/kanji/chap15/present.pdf>
Package luatex.def Info: /home/henri/stuff/japanese/kanji/chap15/present.pdf  us
ed on input line 759.
(luatex.def)             Requested size: 56.90388pt x 56.90388pt.
File: /home/henri/stuff/japanese/kanji/chap15/so_present.pdf Graphic file (type 
pdf)
<use /home/henri/stuff/japanese/kanji/chap15/so_present.pdf>
Package luatex.def Info: /home/henri/stuff/japanese/kanji/chap15/so_present.pdf 
 used on input line 759.
(luatex.def)             Requested size: 56.8991pt x 56.8991pt.

Overfull \hbox (0.81456pt too wide) in alignment at lines 759--759
[][][]
 []


Overfull \hbox (0.81456pt too wide) in alignment at lines 774--774
[][][]
 []

[177</home/henri/stuff/japanese/kanji/chap15/bridge.pdf></home/henri/stuff/japan
ese/kanji/chap15/so_bridge.pdf></home/henri/stuff/japanese/kanji/chap15/present.
pdf></home/henri/stuff/japanese/kanji/chap15/so_present.pdf>]
File: /home/henri/stuff/japanese/kanji/chap15/ground.pdf Graphic file (type pdf)

<use /home/henri/stuff/japanese/kanji/chap15/ground.pdf>
Package luatex.def Info: /home/henri/stuff/japanese/kanji/chap15/ground.pdf  use
d on input line 796.
(luatex.def)             Requested size: 56.90388pt x 56.90388pt.
File: /home/henri/stuff/japanese/kanji/chap15/so_ground.pdf Graphic file (type p
df)
<use /home/henri/stuff/japanese/kanji/chap15/so_ground.pdf>
Package luatex.def Info: /home/henri/stuff/japanese/kanji/chap15/so_ground.pdf  
used on input line 796.
(luatex.def)             Requested size: 56.8991pt x 56.8991pt.

Overfull \hbox (0.81456pt too wide) in alignment at lines 796--796
[][][]
 []


Overfull \hbox (0.81456pt too wide) in alignment at lines 811--811
[][][]
 []


Overfull \hbox (0.81456pt too wide) in alignment at lines 824--824
[][][]
 []

File: /home/henri/stuff/japanese/kanji/chap15/transmit.pdf Graphic file (type pd
f)
<use /home/henri/stuff/japanese/kanji/chap15/transmit.pdf>
Package luatex.def Info: /home/henri/stuff/japanese/kanji/chap15/transmit.pdf  u
sed on input line 832.
(luatex.def)             Requested size: 56.90388pt x 56.90388pt.
File: /home/henri/stuff/japanese/kanji/chap15/so_transmit.pdf Graphic file (type
 pdf)
<use /home/henri/stuff/japanese/kanji/chap15/so_transmit.pdf>
Package luatex.def Info: /home/henri/stuff/japanese/kanji/chap15/so_transmit.pdf
  used on input line 832.
(luatex.def)             Requested size: 56.8991pt x 56.8991pt.

Overfull \hbox (0.81456pt too wide) in alignment at lines 832--832
[][][]
 []


Overfull \hbox (0.81456pt too wide) in alignment at lines 847--847
[][][]
 []

[178</home/henri/stuff/japanese/kanji/chap15/ground.pdf></home/henri/stuff/japan
ese/kanji/chap15/so_ground.pdf></home/henri/stuff/japanese/kanji/chap15/transmit
.pdf></home/henri/stuff/japanese/kanji/chap15/so_transmit.pdf>]
File: /home/henri/stuff/japanese/kanji/chap15/bind.pdf Graphic file (type pdf)
<use /home/henri/stuff/japanese/kanji/chap15/bind.pdf>
Package luatex.def Info: /home/henri/stuff/japanese/kanji/chap15/bind.pdf  used 
on input line 869.
(luatex.def)             Requested size: 56.90388pt x 56.90388pt.
File: /home/henri/stuff/japanese/kanji/chap15/so_bind.pdf Graphic file (type pdf
)
<use /home/henri/stuff/japanese/kanji/chap15/so_bind.pdf>
Package luatex.def Info: /home/henri/stuff/japanese/kanji/chap15/so_bind.pdf  us
ed on input line 869.
(luatex.def)             Requested size: 56.8991pt x 56.8991pt.

Overfull \hbox (0.81456pt too wide) in alignment at lines 869--869
[][][]
 []

) [179</home/henri/stuff/japanese/kanji/chap15/bind.pdf></home/henri/stuff/japan
ese/kanji/chap15/so_bind.pdf>] [180

]
第 16 章
(./chap16.tex
File: /home/henri/stuff/japanese/kanji/chap16/taste.pdf Graphic file (type pdf)
<use /home/henri/stuff/japanese/kanji/chap16/taste.pdf>
Package luatex.def Info: /home/henri/stuff/japanese/kanji/chap16/taste.pdf  used
 on input line 6.
(luatex.def)             Requested size: 56.90388pt x 56.90388pt.
File: /home/henri/stuff/japanese/kanji/chap16/so_taste.pdf Graphic file (type pd
f)
<use /home/henri/stuff/japanese/kanji/chap16/so_taste.pdf>
Package luatex.def Info: /home/henri/stuff/japanese/kanji/chap16/so_taste.pdf  u
sed on input line 6.
(luatex.def)             Requested size: 56.8991pt x 56.8991pt.

Overfull \hbox (0.81456pt too wide) in alignment at lines 6--6
[][][]
 []

File: /home/henri/stuff/japanese/kanji/chap16/measurement.pdf Graphic file (type
 pdf)
<use /home/henri/stuff/japanese/kanji/chap16/measurement.pdf>
Package luatex.def Info: /home/henri/stuff/japanese/kanji/chap16/measurement.pdf
  used on input line 46.
(luatex.def)             Requested size: 56.90388pt x 56.90388pt.
File: /home/henri/stuff/japanese/kanji/chap16/so_measurement.pdf Graphic file (t
ype pdf)
<use /home/henri/stuff/japanese/kanji/chap16/so_measurement.pdf>
Package luatex.def Info: /home/henri/stuff/japanese/kanji/chap16/so_measurement.
pdf  used on input line 46.
(luatex.def)             Requested size: 56.8991pt x 56.8991pt.

Overfull \hbox (0.81456pt too wide) in alignment at lines 46--46
[][][]
 []

[181</home/henri/stuff/japanese/kanji/chap16/taste.pdf></home/henri/stuff/japane
se/kanji/chap16/so_taste.pdf></home/henri/stuff/japanese/kanji/chap16/measuremen
t.pdf></home/henri/stuff/japanese/kanji/chap16/so_measurement.pdf>]
File: /home/henri/stuff/japanese/kanji/chap16/flat.pdf Graphic file (type pdf)
<use /home/henri/stuff/japanese/kanji/chap16/flat.pdf>
Package luatex.def Info: /home/henri/stuff/japanese/kanji/chap16/flat.pdf  used 
on input line 82.
(luatex.def)             Requested size: 56.90388pt x 56.90388pt.
File: /home/henri/stuff/japanese/kanji/chap16/so_flat.pdf Graphic file (type pdf
)
<use /home/henri/stuff/japanese/kanji/chap16/so_flat.pdf>
Package luatex.def Info: /home/henri/stuff/japanese/kanji/chap16/so_flat.pdf  us
ed on input line 82.
(luatex.def)             Requested size: 56.8991pt x 56.8991pt.

Overfull \hbox (0.81456pt too wide) in alignment at lines 82--82
[][][]
 []


Overfull \hbox (0.81456pt too wide) in alignment at lines 97--97
[][][]
 []

File: /home/henri/stuff/japanese/kanji/chap16/degree.pdf Graphic file (type pdf)

<use /home/henri/stuff/japanese/kanji/chap16/degree.pdf>
Package luatex.def Info: /home/henri/stuff/japanese/kanji/chap16/degree.pdf  use
d on input line 119.
(luatex.def)             Requested size: 56.90388pt x 56.90388pt.
File: /home/henri/stuff/japanese/kanji/chap16/so_degree.pdf Graphic file (type p
df)
<use /home/henri/stuff/japanese/kanji/chap16/so_degree.pdf>
Package luatex.def Info: /home/henri/stuff/japanese/kanji/chap16/so_degree.pdf  
used on input line 119.
(luatex.def)             Requested size: 56.8991pt x 56.8991pt.

Overfull \hbox (0.81456pt too wide) in alignment at lines 119--119
[][][]
 []

[182</home/henri/stuff/japanese/kanji/chap16/flat.pdf></home/henri/stuff/japanes
e/kanji/chap16/so_flat.pdf></home/henri/stuff/japanese/kanji/chap16/degree.pdf><
/home/henri/stuff/japanese/kanji/chap16/so_degree.pdf>]
File: /home/henri/stuff/japanese/kanji/chap16/edge.pdf Graphic file (type pdf)
<use /home/henri/stuff/japanese/kanji/chap16/edge.pdf>
Package luatex.def Info: /home/henri/stuff/japanese/kanji/chap16/edge.pdf  used 
on input line 156.
(luatex.def)             Requested size: 56.90388pt x 56.90388pt.
File: /home/henri/stuff/japanese/kanji/chap16/so_edge.pdf Graphic file (type pdf
)
<use /home/henri/stuff/japanese/kanji/chap16/so_edge.pdf>
Package luatex.def Info: /home/henri/stuff/japanese/kanji/chap16/so_edge.pdf  us
ed on input line 156.
(luatex.def)             Requested size: 56.8991pt x 56.8991pt.

Overfull \hbox (0.81456pt too wide) in alignment at lines 156--156
[][][]
 []


Overfull \hbox (0.81456pt too wide) in alignment at lines 171--171
[][][]
 []

File: /home/henri/stuff/japanese/kanji/chap16/lend.pdf Graphic file (type pdf)
<use /home/henri/stuff/japanese/kanji/chap16/lend.pdf>
Package luatex.def Info: /home/henri/stuff/japanese/kanji/chap16/lend.pdf  used 
on input line 191.
(luatex.def)             Requested size: 56.90388pt x 56.90388pt.
File: /home/henri/stuff/japanese/kanji/chap16/so_lend.pdf Graphic file (type pdf
)
<use /home/henri/stuff/japanese/kanji/chap16/so_lend.pdf>
Package luatex.def Info: /home/henri/stuff/japanese/kanji/chap16/so_lend.pdf  us
ed on input line 191.
(luatex.def)             Requested size: 56.8991pt x 56.8991pt.

Overfull \hbox (0.81456pt too wide) in alignment at lines 191--191
[][][]
 []


Overfull \hbox (0.81456pt too wide) in alignment at lines 218--218
[][][]
 []

[183</home/henri/stuff/japanese/kanji/chap16/edge.pdf></home/henri/stuff/japanes
e/kanji/chap16/so_edge.pdf></home/henri/stuff/japanese/kanji/chap16/lend.pdf></h
ome/henri/stuff/japanese/kanji/chap16/so_lend.pdf>]
File: /home/henri/stuff/japanese/kanji/chap16/command.pdf Graphic file (type pdf
)
<use /home/henri/stuff/japanese/kanji/chap16/command.pdf>
Package luatex.def Info: /home/henri/stuff/japanese/kanji/chap16/command.pdf  us
ed on input line 229.
(luatex.def)             Requested size: 56.90388pt x 56.90388pt.
File: /home/henri/stuff/japanese/kanji/chap16/so_command.pdf Graphic file (type 
pdf)
<use /home/henri/stuff/japanese/kanji/chap16/so_command.pdf>
Package luatex.def Info: /home/henri/stuff/japanese/kanji/chap16/so_command.pdf 
 used on input line 229.
(luatex.def)             Requested size: 56.8991pt x 56.8991pt.

Overfull \hbox (0.81456pt too wide) in alignment at lines 229--229
[][][]
 []

File: /home/henri/stuff/japanese/kanji/chap16/field.pdf Graphic file (type pdf)
<use /home/henri/stuff/japanese/kanji/chap16/field.pdf>
Package luatex.def Info: /home/henri/stuff/japanese/kanji/chap16/field.pdf  used
 on input line 263.
(luatex.def)             Requested size: 56.90388pt x 56.90388pt.
File: /home/henri/stuff/japanese/kanji/chap16/so_field.pdf Graphic file (type pd
f)
<use /home/henri/stuff/japanese/kanji/chap16/so_field.pdf>
Package luatex.def Info: /home/henri/stuff/japanese/kanji/chap16/so_field.pdf  u
sed on input line 263.
(luatex.def)             Requested size: 56.8991pt x 56.8991pt.

Overfull \hbox (0.81456pt too wide) in alignment at lines 263--263
[][][]
 []


Overfull \hbox (0.81456pt too wide) in alignment at lines 278--278
[][][]
 []

[184</home/henri/stuff/japanese/kanji/chap16/command.pdf></home/henri/stuff/japa
nese/kanji/chap16/so_command.pdf></home/henri/stuff/japanese/kanji/chap16/field.
pdf></home/henri/stuff/japanese/kanji/chap16/so_field.pdf>]
File: /home/henri/stuff/japanese/kanji/chap16/wide.pdf Graphic file (type pdf)
<use /home/henri/stuff/japanese/kanji/chap16/wide.pdf>
Package luatex.def Info: /home/henri/stuff/japanese/kanji/chap16/wide.pdf  used 
on input line 300.
(luatex.def)             Requested size: 56.90388pt x 56.90388pt.
File: /home/henri/stuff/japanese/kanji/chap16/so_wide.pdf Graphic file (type pdf
)
<use /home/henri/stuff/japanese/kanji/chap16/so_wide.pdf>
Package luatex.def Info: /home/henri/stuff/japanese/kanji/chap16/so_wide.pdf  us
ed on input line 300.
(luatex.def)             Requested size: 56.8991pt x 56.8991pt.

Overfull \hbox (0.81456pt too wide) in alignment at lines 300--300
[][][]
 []

File: /home/henri/stuff/japanese/kanji/chap16/stone.pdf Graphic file (type pdf)
<use /home/henri/stuff/japanese/kanji/chap16/stone.pdf>
Package luatex.def Info: /home/henri/stuff/japanese/kanji/chap16/stone.pdf  used
 on input line 334.
(luatex.def)             Requested size: 56.90388pt x 56.90388pt.
File: /home/henri/stuff/japanese/kanji/chap16/so_stone.pdf Graphic file (type pd
f)
<use /home/henri/stuff/japanese/kanji/chap16/so_stone.pdf>
Package luatex.def Info: /home/henri/stuff/japanese/kanji/chap16/so_stone.pdf  u
sed on input line 334.
(luatex.def)             Requested size: 56.8991pt x 56.8991pt.

Overfull \hbox (0.81456pt too wide) in alignment at lines 334--334
[][][]
 []


Overfull \hbox (0.81456pt too wide) in alignment at lines 349--349
[][][]
 []

[185</home/henri/stuff/japanese/kanji/chap16/wide.pdf></home/henri/stuff/japanes
e/kanji/chap16/so_wide.pdf></home/henri/stuff/japanese/kanji/chap16/stone.pdf></
home/henri/stuff/japanese/kanji/chap16/so_stone.pdf>]
File: /home/henri/stuff/japanese/kanji/chap16/china.pdf Graphic file (type pdf)
<use /home/henri/stuff/japanese/kanji/chap16/china.pdf>
Package luatex.def Info: /home/henri/stuff/japanese/kanji/chap16/china.pdf  used
 on input line 371.
(luatex.def)             Requested size: 56.90388pt x 56.90388pt.
File: /home/henri/stuff/japanese/kanji/chap16/so_china.pdf Graphic file (type pd
f)
<use /home/henri/stuff/japanese/kanji/chap16/so_china.pdf>
Package luatex.def Info: /home/henri/stuff/japanese/kanji/chap16/so_china.pdf  u
sed on input line 371.
(luatex.def)             Requested size: 56.8991pt x 56.8991pt.

Overfull \hbox (0.81456pt too wide) in alignment at lines 371--371
[][][]
 []

File: /home/henri/stuff/japanese/kanji/chap16/different.pdf Graphic file (type p
df)
<use /home/henri/stuff/japanese/kanji/chap16/different.pdf>
Package luatex.def Info: /home/henri/stuff/japanese/kanji/chap16/different.pdf  
used on input line 405.
(luatex.def)             Requested size: 56.90388pt x 56.90388pt.
File: /home/henri/stuff/japanese/kanji/chap16/so_different.pdf Graphic file (typ
e pdf)
<use /home/henri/stuff/japanese/kanji/chap16/so_different.pdf>
Package luatex.def Info: /home/henri/stuff/japanese/kanji/chap16/so_different.pd
f  used on input line 405.
(luatex.def)             Requested size: 56.8991pt x 56.8991pt.

Overfull \hbox (0.81456pt too wide) in alignment at lines 405--405
[][][]
 []

[186</home/henri/stuff/japanese/kanji/chap16/china.pdf></home/henri/stuff/japane
se/kanji/chap16/so_china.pdf></home/henri/stuff/japanese/kanji/chap16/different.
pdf></home/henri/stuff/japanese/kanji/chap16/so_different.pdf>]
File: /home/henri/stuff/japanese/kanji/chap16/garden.pdf Graphic file (type pdf)

<use /home/henri/stuff/japanese/kanji/chap16/garden.pdf>
Package luatex.def Info: /home/henri/stuff/japanese/kanji/chap16/garden.pdf  use
d on input line 441.
(luatex.def)             Requested size: 56.90388pt x 56.90388pt.
File: /home/henri/stuff/japanese/kanji/chap16/so_garden.pdf Graphic file (type p
df)
<use /home/henri/stuff/japanese/kanji/chap16/so_garden.pdf>
Package luatex.def Info: /home/henri/stuff/japanese/kanji/chap16/so_garden.pdf  
used on input line 441.
(luatex.def)             Requested size: 56.8991pt x 56.8991pt.

Overfull \hbox (0.81456pt too wide) in alignment at lines 441--441
[][][]
 []


Overfull \hbox (0.81456pt too wide) in alignment at lines 468--468
[][][]
 []

File: /home/henri/stuff/japanese/kanji/chap16/all.pdf Graphic file (type pdf)
<use /home/henri/stuff/japanese/kanji/chap16/all.pdf>
Package luatex.def Info: /home/henri/stuff/japanese/kanji/chap16/all.pdf  used o
n input line 476.
(luatex.def)             Requested size: 56.90388pt x 56.90388pt.
File: /home/henri/stuff/japanese/kanji/chap16/so_all.pdf Graphic file (type pdf)

<use /home/henri/stuff/japanese/kanji/chap16/so_all.pdf>
Package luatex.def Info: /home/henri/stuff/japanese/kanji/chap16/so_all.pdf  use
d on input line 476.
(luatex.def)             Requested size: 56.8991pt x 56.8991pt.

Overfull \hbox (0.81456pt too wide) in alignment at lines 476--476
[][][]
 []


Overfull \hbox (0.81456pt too wide) in alignment at lines 491--491
[][][]
 []

[187</home/henri/stuff/japanese/kanji/chap16/garden.pdf></home/henri/stuff/japan
ese/kanji/chap16/so_garden.pdf></home/henri/stuff/japanese/kanji/chap16/all.pdf>
</home/henri/stuff/japanese/kanji/chap16/so_all.pdf>]
File: /home/henri/stuff/japanese/kanji/chap16/immediate.pdf Graphic file (type p
df)
<use /home/henri/stuff/japanese/kanji/chap16/immediate.pdf>
Package luatex.def Info: /home/henri/stuff/japanese/kanji/chap16/immediate.pdf  
used on input line 512.
(luatex.def)             Requested size: 56.90388pt x 56.90388pt.
File: /home/henri/stuff/japanese/kanji/chap16/so_immediate.pdf Graphic file (typ
e pdf)
<use /home/henri/stuff/japanese/kanji/chap16/so_immediate.pdf>
Package luatex.def Info: /home/henri/stuff/japanese/kanji/chap16/so_immediate.pd
f  used on input line 512.
(luatex.def)             Requested size: 56.8991pt x 56.8991pt.

Overfull \hbox (0.81456pt too wide) in alignment at lines 512--512
[][][]
 []

File: /home/henri/stuff/japanese/kanji/chap16/shop.pdf Graphic file (type pdf)
<use /home/henri/stuff/japanese/kanji/chap16/shop.pdf>
Package luatex.def Info: /home/henri/stuff/japanese/kanji/chap16/shop.pdf  used 
on input line 546.
(luatex.def)             Requested size: 56.90388pt x 56.90388pt.
File: /home/henri/stuff/japanese/kanji/chap16/so_shop.pdf Graphic file (type pdf
)
<use /home/henri/stuff/japanese/kanji/chap16/so_shop.pdf>
Package luatex.def Info: /home/henri/stuff/japanese/kanji/chap16/so_shop.pdf  us
ed on input line 546.
(luatex.def)             Requested size: 56.8991pt x 56.8991pt.

Overfull \hbox (0.81456pt too wide) in alignment at lines 546--546
[][][]
 []


Overfull \hbox (0.81456pt too wide) in alignment at lines 561--561
[][][]
 []

[188</home/henri/stuff/japanese/kanji/chap16/immediate.pdf></home/henri/stuff/ja
panese/kanji/chap16/so_immediate.pdf></home/henri/stuff/japanese/kanji/chap16/sh
op.pdf></home/henri/stuff/japanese/kanji/chap16/so_shop.pdf>]
File: /home/henri/stuff/japanese/kanji/chap16/institution.pdf Graphic file (type
 pdf)
<use /home/henri/stuff/japanese/kanji/chap16/institution.pdf>
Package luatex.def Info: /home/henri/stuff/japanese/kanji/chap16/institution.pdf
  used on input line 583.
(luatex.def)             Requested size: 56.90388pt x 56.90388pt.
File: /home/henri/stuff/japanese/kanji/chap16/so_institution.pdf Graphic file (t
ype pdf)
<use /home/henri/stuff/japanese/kanji/chap16/so_institution.pdf>
Package luatex.def Info: /home/henri/stuff/japanese/kanji/chap16/so_institution.
pdf  used on input line 583.
(luatex.def)             Requested size: 56.8991pt x 56.8991pt.

Overfull \hbox (0.81456pt too wide) in alignment at lines 583--583
[][][]
 []

File: /home/henri/stuff/japanese/kanji/chap16/climb.pdf Graphic file (type pdf)
<use /home/henri/stuff/japanese/kanji/chap16/climb.pdf>
Package luatex.def Info: /home/henri/stuff/japanese/kanji/chap16/climb.pdf  used
 on input line 618.
(luatex.def)             Requested size: 56.90388pt x 56.90388pt.
File: /home/henri/stuff/japanese/kanji/chap16/so_climb.pdf Graphic file (type pd
f)
<use /home/henri/stuff/japanese/kanji/chap16/so_climb.pdf>
Package luatex.def Info: /home/henri/stuff/japanese/kanji/chap16/so_climb.pdf  u
sed on input line 618.
(luatex.def)             Requested size: 56.8991pt x 56.8991pt.

Overfull \hbox (0.81456pt too wide) in alignment at lines 618--618
[][][]
 []


Overfull \hbox (0.81456pt too wide) in alignment at lines 633--633
[][][]
 []

[189</home/henri/stuff/japanese/kanji/chap16/institution.pdf></home/henri/stuff/
japanese/kanji/chap16/so_institution.pdf></home/henri/stuff/japanese/kanji/chap1
6/climb.pdf></home/henri/stuff/japanese/kanji/chap16/so_climb.pdf>]
File: /home/henri/stuff/japanese/kanji/chap16/original.pdf Graphic file (type pd
f)
<use /home/henri/stuff/japanese/kanji/chap16/original.pdf>
Package luatex.def Info: /home/henri/stuff/japanese/kanji/chap16/original.pdf  u
sed on input line 655.
(luatex.def)             Requested size: 56.90388pt x 56.90388pt.
File: /home/henri/stuff/japanese/kanji/chap16/so_original.pdf Graphic file (type
 pdf)
<use /home/henri/stuff/japanese/kanji/chap16/so_original.pdf>
Package luatex.def Info: /home/henri/stuff/japanese/kanji/chap16/so_original.pdf
  used on input line 655.
(luatex.def)             Requested size: 56.8991pt x 56.8991pt.

Overfull \hbox (0.81456pt too wide) in alignment at lines 655--655
[][][]
 []

File: /home/henri/stuff/japanese/kanji/chap16/late.pdf Graphic file (type pdf)
<use /home/henri/stuff/japanese/kanji/chap16/late.pdf>
Package luatex.def Info: /home/henri/stuff/japanese/kanji/chap16/late.pdf  used 
on input line 694.
(luatex.def)             Requested size: 56.90388pt x 56.90388pt.
File: /home/henri/stuff/japanese/kanji/chap16/so_late.pdf Graphic file (type pdf
)
<use /home/henri/stuff/japanese/kanji/chap16/so_late.pdf>
Package luatex.def Info: /home/henri/stuff/japanese/kanji/chap16/so_late.pdf  us
ed on input line 694.
(luatex.def)             Requested size: 56.8991pt x 56.8991pt.

Overfull \hbox (0.81456pt too wide) in alignment at lines 694--694
[][][]
 []

[190</home/henri/stuff/japanese/kanji/chap16/original.pdf></home/henri/stuff/jap
anese/kanji/chap16/so_original.pdf></home/henri/stuff/japanese/kanji/chap16/late
.pdf></home/henri/stuff/japanese/kanji/chap16/so_late.pdf>]
File: /home/henri/stuff/japanese/kanji/chap16/entwine.pdf Graphic file (type pdf
)
<use /home/henri/stuff/japanese/kanji/chap16/entwine.pdf>
Package luatex.def Info: /home/henri/stuff/japanese/kanji/chap16/entwine.pdf  us
ed on input line 730.
(luatex.def)             Requested size: 56.90388pt x 56.90388pt.
File: /home/henri/stuff/japanese/kanji/chap16/so_entwine.pdf Graphic file (type 
pdf)
<use /home/henri/stuff/japanese/kanji/chap16/so_entwine.pdf>
Package luatex.def Info: /home/henri/stuff/japanese/kanji/chap16/so_entwine.pdf 
 used on input line 730.
(luatex.def)             Requested size: 56.8991pt x 56.8991pt.

Overfull \hbox (0.81456pt too wide) in alignment at lines 730--730
[][][]
 []

File: /home/henri/stuff/japanese/kanji/chap16/express.pdf Graphic file (type pdf
)
<use /home/henri/stuff/japanese/kanji/chap16/express.pdf>
Package luatex.def Info: /home/henri/stuff/japanese/kanji/chap16/express.pdf  us
ed on input line 765.
(luatex.def)             Requested size: 56.90388pt x 56.90388pt.
File: /home/henri/stuff/japanese/kanji/chap16/so_express.pdf Graphic file (type 
pdf)
<use /home/henri/stuff/japanese/kanji/chap16/so_express.pdf>
Package luatex.def Info: /home/henri/stuff/japanese/kanji/chap16/so_express.pdf 
 used on input line 765.
(luatex.def)             Requested size: 56.8991pt x 56.8991pt.

Overfull \hbox (0.81456pt too wide) in alignment at lines 765--765
[][][]
 []


Overfull \hbox (0.81456pt too wide) in alignment at lines 781--781
[][][]
 []

[191</home/henri/stuff/japanese/kanji/chap16/entwine.pdf></home/henri/stuff/japa
nese/kanji/chap16/so_entwine.pdf></home/henri/stuff/japanese/kanji/chap16/expres
s.pdf></home/henri/stuff/japanese/kanji/chap16/so_express.pdf>]
File: /home/henri/stuff/japanese/kanji/chap16/type.pdf Graphic file (type pdf)
<use /home/henri/stuff/japanese/kanji/chap16/type.pdf>
Package luatex.def Info: /home/henri/stuff/japanese/kanji/chap16/type.pdf  used 
on input line 806.
(luatex.def)             Requested size: 56.90388pt x 56.90388pt.
File: /home/henri/stuff/japanese/kanji/chap16/so_type.pdf Graphic file (type pdf
)
<use /home/henri/stuff/japanese/kanji/chap16/so_type.pdf>
Package luatex.def Info: /home/henri/stuff/japanese/kanji/chap16/so_type.pdf  us
ed on input line 806.
(luatex.def)             Requested size: 56.8991pt x 56.8991pt.

Overfull \hbox (0.81456pt too wide) in alignment at lines 806--806
[][][]
 []

File: /home/henri/stuff/japanese/kanji/chap16/passage.pdf Graphic file (type pdf
)
<use /home/henri/stuff/japanese/kanji/chap16/passage.pdf>
Package luatex.def Info: /home/henri/stuff/japanese/kanji/chap16/passage.pdf  us
ed on input line 841.
(luatex.def)             Requested size: 56.90388pt x 56.90388pt.
File: /home/henri/stuff/japanese/kanji/chap16/so_passage.pdf Graphic file (type 
pdf)
<use /home/henri/stuff/japanese/kanji/chap16/so_passage.pdf>
Package luatex.def Info: /home/henri/stuff/japanese/kanji/chap16/so_passage.pdf 
 used on input line 841.
(luatex.def)             Requested size: 56.8991pt x 56.8991pt.

Overfull \hbox (0.81456pt too wide) in alignment at lines 841--841
[][][]
 []


Overfull \hbox (0.81456pt too wide) in alignment at lines 856--856
[][][]
 []

[192</home/henri/stuff/japanese/kanji/chap16/type.pdf></home/henri/stuff/japanes
e/kanji/chap16/so_type.pdf></home/henri/stuff/japanese/kanji/chap16/passage.pdf>
</home/henri/stuff/japanese/kanji/chap16/so_passage.pdf>]
File: /home/henri/stuff/japanese/kanji/chap16/past.pdf Graphic file (type pdf)
<use /home/henri/stuff/japanese/kanji/chap16/past.pdf>
Package luatex.def Info: /home/henri/stuff/japanese/kanji/chap16/past.pdf  used 
on input line 879.
(luatex.def)             Requested size: 56.90388pt x 56.90388pt.
File: /home/henri/stuff/japanese/kanji/chap16/so_past.pdf Graphic file (type pdf
)
<use /home/henri/stuff/japanese/kanji/chap16/so_past.pdf>
Package luatex.def Info: /home/henri/stuff/japanese/kanji/chap16/so_past.pdf  us
ed on input line 879.
(luatex.def)             Requested size: 56.8991pt x 56.8991pt.

Overfull \hbox (0.81456pt too wide) in alignment at lines 879--879
[][][]
 []


Overfull \hbox (0.81456pt too wide) in alignment at lines 910--910
[][][]
 []

File: /home/henri/stuff/japanese/kanji/chap16/bundle.pdf Graphic file (type pdf)

<use /home/henri/stuff/japanese/kanji/chap16/bundle.pdf>
Package luatex.def Info: /home/henri/stuff/japanese/kanji/chap16/bundle.pdf  use
d on input line 919.
(luatex.def)             Requested size: 56.90388pt x 56.90388pt.
File: /home/henri/stuff/japanese/kanji/chap16/so_bundle.pdf Graphic file (type p
df)
<use /home/henri/stuff/japanese/kanji/chap16/so_bundle.pdf>
Package luatex.def Info: /home/henri/stuff/japanese/kanji/chap16/so_bundle.pdf  
used on input line 919.
(luatex.def)             Requested size: 56.8991pt x 56.8991pt.

Overfull \hbox (0.81456pt too wide) in alignment at lines 919--919
[][][]
 []

[193</home/henri/stuff/japanese/kanji/chap16/past.pdf></home/henri/stuff/japanes
e/kanji/chap16/so_past.pdf></home/henri/stuff/japanese/kanji/chap16/bundle.pdf><
/home/henri/stuff/japanese/kanji/chap16/so_bundle.pdf>]
File: /home/henri/stuff/japanese/kanji/chap16/special.pdf Graphic file (type pdf
)
<use /home/henri/stuff/japanese/kanji/chap16/special.pdf>
Package luatex.def Info: /home/henri/stuff/japanese/kanji/chap16/special.pdf  us
ed on input line 955.
(luatex.def)             Requested size: 56.90388pt x 56.90388pt.
File: /home/henri/stuff/japanese/kanji/chap16/so_special.pdf Graphic file (type 
pdf)
<use /home/henri/stuff/japanese/kanji/chap16/so_special.pdf>
Package luatex.def Info: /home/henri/stuff/japanese/kanji/chap16/so_special.pdf 
 used on input line 955.
(luatex.def)             Requested size: 56.8991pt x 56.8991pt.

Overfull \hbox (0.81456pt too wide) in alignment at lines 955--955
[][][]
 []

File: /home/henri/stuff/japanese/kanji/chap16/true.pdf Graphic file (type pdf)
<use /home/henri/stuff/japanese/kanji/chap16/true.pdf>
Package luatex.def Info: /home/henri/stuff/japanese/kanji/chap16/true.pdf  used 
on input line 990.
(luatex.def)             Requested size: 56.90388pt x 56.90388pt.
File: /home/henri/stuff/japanese/kanji/chap16/so_true.pdf Graphic file (type pdf
)
<use /home/henri/stuff/japanese/kanji/chap16/so_true.pdf>
Package luatex.def Info: /home/henri/stuff/japanese/kanji/chap16/so_true.pdf  us
ed on input line 990.
(luatex.def)             Requested size: 56.8991pt x 56.8991pt.

Overfull \hbox (0.81456pt too wide) in alignment at lines 990--990
[][][]
 []


Overfull \hbox (0.81456pt too wide) in alignment at lines 1021--1021
[][][]
 []

[194</home/henri/stuff/japanese/kanji/chap16/special.pdf></home/henri/stuff/japa
nese/kanji/chap16/so_special.pdf></home/henri/stuff/japanese/kanji/chap16/true.p
df></home/henri/stuff/japanese/kanji/chap16/so_true.pdf>]
File: /home/henri/stuff/japanese/kanji/chap16/office.pdf Graphic file (type pdf)

<use /home/henri/stuff/japanese/kanji/chap16/office.pdf>
Package luatex.def Info: /home/henri/stuff/japanese/kanji/chap16/office.pdf  use
d on input line 1032.
(luatex.def)             Requested size: 56.90388pt x 56.90388pt.
File: /home/henri/stuff/japanese/kanji/chap16/so_office.pdf Graphic file (type p
df)
<use /home/henri/stuff/japanese/kanji/chap16/so_office.pdf>
Package luatex.def Info: /home/henri/stuff/japanese/kanji/chap16/so_office.pdf  
used on input line 1032.
(luatex.def)             Requested size: 56.8991pt x 56.8991pt.

Overfull \hbox (0.81456pt too wide) in alignment at lines 1032--1032
[][][]
 []


Overfull \hbox (0.81456pt too wide) in alignment at lines 1059--1059
[][][]
 []

File: /home/henri/stuff/japanese/kanji/chap16/gather.pdf Graphic file (type pdf)

<use /home/henri/stuff/japanese/kanji/chap16/gather.pdf>
Package luatex.def Info: /home/henri/stuff/japanese/kanji/chap16/gather.pdf  use
d on input line 1067.
(luatex.def)             Requested size: 56.90388pt x 56.90388pt.
File: /home/henri/stuff/japanese/kanji/chap16/so_gather.pdf Graphic file (type p
df)
<use /home/henri/stuff/japanese/kanji/chap16/so_gather.pdf>
Package luatex.def Info: /home/henri/stuff/japanese/kanji/chap16/so_gather.pdf  
used on input line 1067.
(luatex.def)             Requested size: 56.8991pt x 56.8991pt.

Overfull \hbox (0.81456pt too wide) in alignment at lines 1067--1067
[][][]
 []

) [195</home/henri/stuff/japanese/kanji/chap16/office.pdf></home/henri/stuff/jap
anese/kanji/chap16/so_office.pdf></home/henri/stuff/japanese/kanji/chap16/gather
.pdf></home/henri/stuff/japanese/kanji/chap16/so_gather.pdf>] [196

]
第 17 章
(./chap17.tex
File: /home/henri/stuff/japanese/kanji/chap17/hard.pdf Graphic file (type pdf)
<use /home/henri/stuff/japanese/kanji/chap17/hard.pdf>
Package luatex.def Info: /home/henri/stuff/japanese/kanji/chap17/hard.pdf  used 
on input line 6.
(luatex.def)             Requested size: 56.90388pt x 56.90388pt.
File: /home/henri/stuff/japanese/kanji/chap17/so_hard.pdf Graphic file (type pdf
)
<use /home/henri/stuff/japanese/kanji/chap17/so_hard.pdf>
Package luatex.def Info: /home/henri/stuff/japanese/kanji/chap17/so_hard.pdf  us
ed on input line 6.
(luatex.def)             Requested size: 56.8991pt x 56.8991pt.

Overfull \hbox (0.81456pt too wide) in alignment at lines 6--6
[][][]
 []

File: /home/henri/stuff/japanese/kanji/chap17/cool.pdf Graphic file (type pdf)
<use /home/henri/stuff/japanese/kanji/chap17/cool.pdf>
Package luatex.def Info: /home/henri/stuff/japanese/kanji/chap17/cool.pdf  used 
on input line 41.
(luatex.def)             Requested size: 56.90388pt x 56.90388pt.
File: /home/henri/stuff/japanese/kanji/chap17/so_cool.pdf Graphic file (type pdf
)
<use /home/henri/stuff/japanese/kanji/chap17/so_cool.pdf>
Package luatex.def Info: /home/henri/stuff/japanese/kanji/chap17/so_cool.pdf  us
ed on input line 41.
(luatex.def)             Requested size: 56.8991pt x 56.8991pt.

Overfull \hbox (0.81456pt too wide) in alignment at lines 41--41
[][][]
 []

[197</home/henri/stuff/japanese/kanji/chap17/hard.pdf></home/henri/stuff/japanes
e/kanji/chap17/so_hard.pdf></home/henri/stuff/japanese/kanji/chap17/cool.pdf></h
ome/henri/stuff/japanese/kanji/chap17/so_cool.pdf>]
File: /home/henri/stuff/japanese/kanji/chap17/long_ago.pdf Graphic file (type pd
f)
<use /home/henri/stuff/japanese/kanji/chap17/long_ago.pdf>
Package luatex.def Info: /home/henri/stuff/japanese/kanji/chap17/long_ago.pdf  u
sed on input line 77.
(luatex.def)             Requested size: 56.90388pt x 56.90388pt.
File: /home/henri/stuff/japanese/kanji/chap17/so_long_ago.pdf Graphic file (type
 pdf)
<use /home/henri/stuff/japanese/kanji/chap17/so_long_ago.pdf>
Package luatex.def Info: /home/henri/stuff/japanese/kanji/chap17/so_long_ago.pdf
  used on input line 77.
(luatex.def)             Requested size: 56.8991pt x 56.8991pt.

Overfull \hbox (0.81456pt too wide) in alignment at lines 77--77
[][][]
 []

File: /home/henri/stuff/japanese/kanji/chap17/inquiry.pdf Graphic file (type pdf
)
<use /home/henri/stuff/japanese/kanji/chap17/inquiry.pdf>
Package luatex.def Info: /home/henri/stuff/japanese/kanji/chap17/inquiry.pdf  us
ed on input line 110.
(luatex.def)             Requested size: 56.90388pt x 56.90388pt.
File: /home/henri/stuff/japanese/kanji/chap17/so_inquiry.pdf Graphic file (type 
pdf)
<use /home/henri/stuff/japanese/kanji/chap17/so_inquiry.pdf>
Package luatex.def Info: /home/henri/stuff/japanese/kanji/chap17/so_inquiry.pdf 
 used on input line 110.
(luatex.def)             Requested size: 56.8991pt x 56.8991pt.

Overfull \hbox (0.81456pt too wide) in alignment at lines 110--110
[][][]
 []

[198</home/henri/stuff/japanese/kanji/chap17/long_ago.pdf></home/henri/stuff/jap
anese/kanji/chap17/so_long_ago.pdf></home/henri/stuff/japanese/kanji/chap17/inqu
iry.pdf></home/henri/stuff/japanese/kanji/chap17/so_inquiry.pdf>]
File: /home/henri/stuff/japanese/kanji/chap11/music.pdf Graphic file (type pdf)
<use /home/henri/stuff/japanese/kanji/chap11/music.pdf>
Package luatex.def Info: /home/henri/stuff/japanese/kanji/chap11/music.pdf  used
 on input line 146.
(luatex.def)             Requested size: 56.90388pt x 56.90388pt.
File: /home/henri/stuff/japanese/kanji/chap11/so_music.pdf Graphic file (type pd
f)
<use /home/henri/stuff/japanese/kanji/chap11/so_music.pdf>
Package luatex.def Info: /home/henri/stuff/japanese/kanji/chap11/so_music.pdf  u
sed on input line 146.
(luatex.def)             Requested size: 56.8991pt x 56.8991pt.

Overfull \hbox (0.81456pt too wide) in alignment at lines 146--146
[][][]
 []


Overfull \hbox (0.81456pt too wide) in alignment at lines 161--161
[][][]
 []

File: /home/henri/stuff/japanese/kanji/chap17/line.pdf Graphic file (type pdf)
<use /home/henri/stuff/japanese/kanji/chap17/line.pdf>
Package luatex.def Info: /home/henri/stuff/japanese/kanji/chap17/line.pdf  used 
on input line 181.
(luatex.def)             Requested size: 56.90388pt x 56.90388pt.
File: /home/henri/stuff/japanese/kanji/chap17/so_line.pdf Graphic file (type pdf
)
<use /home/henri/stuff/japanese/kanji/chap17/so_line.pdf>
Package luatex.def Info: /home/henri/stuff/japanese/kanji/chap17/so_line.pdf  us
ed on input line 181.
(luatex.def)             Requested size: 56.8991pt x 56.8991pt.

Overfull \hbox (0.81456pt too wide) in alignment at lines 181--181
[][][]
 []

[199</home/henri/stuff/japanese/kanji/chap17/line.pdf></home/henri/stuff/japanes
e/kanji/chap17/so_line.pdf>]
File: /home/henri/stuff/japanese/kanji/chap17/face.pdf Graphic file (type pdf)
<use /home/henri/stuff/japanese/kanji/chap17/face.pdf>
Package luatex.def Info: /home/henri/stuff/japanese/kanji/chap17/face.pdf  used 
on input line 217.
(luatex.def)             Requested size: 56.90388pt x 56.90388pt.
File: /home/henri/stuff/japanese/kanji/chap17/so_face.pdf Graphic file (type pdf
)
<use /home/henri/stuff/japanese/kanji/chap17/so_face.pdf>
Package luatex.def Info: /home/henri/stuff/japanese/kanji/chap17/so_face.pdf  us
ed on input line 217.
(luatex.def)             Requested size: 56.8991pt x 56.8991pt.

Overfull \hbox (0.81456pt too wide) in alignment at lines 217--217
[][][]
 []


Overfull \hbox (0.81456pt too wide) in alignment at lines 232--232
[][][]
 []

File: /home/henri/stuff/japanese/kanji/chap17/tribe.pdf Graphic file (type pdf)
<use /home/henri/stuff/japanese/kanji/chap17/tribe.pdf>
Package luatex.def Info: /home/henri/stuff/japanese/kanji/chap17/tribe.pdf  used
 on input line 252.
(luatex.def)             Requested size: 56.90388pt x 56.90388pt.
File: /home/henri/stuff/japanese/kanji/chap17/so_tribe.pdf Graphic file (type pd
f)
<use /home/henri/stuff/japanese/kanji/chap17/so_tribe.pdf>
Package luatex.def Info: /home/henri/stuff/japanese/kanji/chap17/so_tribe.pdf  u
sed on input line 252.
(luatex.def)             Requested size: 56.8991pt x 56.8991pt.

Overfull \hbox (0.81456pt too wide) in alignment at lines 252--252
[][][]
 []

[200
Missing character: There is no 乁 (U+4E41) in font IPAExMincho:jfm=min!
</home/henri/stuff/japanese/kanji/chap17/face.pdf></home/henri/stuff/japanese/ka
nji/chap17/so_face.pdf></home/henri/stuff/japanese/kanji/chap17/tribe.pdf></home
/henri/stuff/japanese/kanji/chap17/so_tribe.pdf>]
File: /home/henri/stuff/japanese/kanji/chap17/teach.pdf Graphic file (type pdf)
<use /home/henri/stuff/japanese/kanji/chap17/teach.pdf>
Package luatex.def Info: /home/henri/stuff/japanese/kanji/chap17/teach.pdf  used
 on input line 289.
(luatex.def)             Requested size: 56.90388pt x 56.90388pt.
File: /home/henri/stuff/japanese/kanji/chap17/so_teach.pdf Graphic file (type pd
f)
<use /home/henri/stuff/japanese/kanji/chap17/so_teach.pdf>
Package luatex.def Info: /home/henri/stuff/japanese/kanji/chap17/so_teach.pdf  u
sed on input line 289.
(luatex.def)             Requested size: 56.8991pt x 56.8991pt.

Overfull \hbox (0.81456pt too wide) in alignment at lines 289--289
[][][]
 []

File: /home/henri/stuff/japanese/kanji/chap17/third.pdf Graphic file (type pdf)
<use /home/henri/stuff/japanese/kanji/chap17/third.pdf>
Package luatex.def Info: /home/henri/stuff/japanese/kanji/chap17/third.pdf  used
 on input line 324.
(luatex.def)             Requested size: 56.90388pt x 56.90388pt.
File: /home/henri/stuff/japanese/kanji/chap17/so_third.pdf Graphic file (type pd
f)
<use /home/henri/stuff/japanese/kanji/chap17/so_third.pdf>
Package luatex.def Info: /home/henri/stuff/japanese/kanji/chap17/so_third.pdf  u
sed on input line 324.
(luatex.def)             Requested size: 56.8991pt x 56.8991pt.

Overfull \hbox (0.81456pt too wide) in alignment at lines 324--324
[][][]
 []

[201</home/henri/stuff/japanese/kanji/chap17/teach.pdf></home/henri/stuff/japane
se/kanji/chap17/so_teach.pdf></home/henri/stuff/japanese/kanji/chap17/third.pdf>
</home/henri/stuff/japanese/kanji/chap17/so_third.pdf>]
File: /home/henri/stuff/japanese/kanji/chap17/lodging.pdf Graphic file (type pdf
)
<use /home/henri/stuff/japanese/kanji/chap17/lodging.pdf>
Package luatex.def Info: /home/henri/stuff/japanese/kanji/chap17/lodging.pdf  us
ed on input line 358.
(luatex.def)             Requested size: 56.90388pt x 56.90388pt.
File: /home/henri/stuff/japanese/kanji/chap17/so_lodging.pdf Graphic file (type 
pdf)
<use /home/henri/stuff/japanese/kanji/chap17/so_lodging.pdf>
Package luatex.def Info: /home/henri/stuff/japanese/kanji/chap17/so_lodging.pdf 
 used on input line 358.
(luatex.def)             Requested size: 56.8991pt x 56.8991pt.

Overfull \hbox (0.81456pt too wide) in alignment at lines 358--358
[][][]
 []

File: /home/henri/stuff/japanese/kanji/chap17/try.pdf Graphic file (type pdf)
<use /home/henri/stuff/japanese/kanji/chap17/try.pdf>
Package luatex.def Info: /home/henri/stuff/japanese/kanji/chap17/try.pdf  used o
n input line 392.
(luatex.def)             Requested size: 56.90388pt x 56.90388pt.
File: /home/henri/stuff/japanese/kanji/chap17/so_try.pdf Graphic file (type pdf)

<use /home/henri/stuff/japanese/kanji/chap17/so_try.pdf>
Package luatex.def Info: /home/henri/stuff/japanese/kanji/chap17/so_try.pdf  use
d on input line 392.
(luatex.def)             Requested size: 56.8991pt x 56.8991pt.

Overfull \hbox (0.81456pt too wide) in alignment at lines 392--392
[][][]
 []


Overfull \hbox (0.81456pt too wide) in alignment at lines 407--407
[][][]
 []


Overfull \hbox (0.81456pt too wide) in alignment at lines 420--420
[][][]
 []

[202</home/henri/stuff/japanese/kanji/chap17/lodging.pdf></home/henri/stuff/japa
nese/kanji/chap17/so_lodging.pdf></home/henri/stuff/japanese/kanji/chap17/try.pd
f></home/henri/stuff/japanese/kanji/chap17/so_try.pdf>]
File: /home/henri/stuff/japanese/kanji/chap17/anew.pdf Graphic file (type pdf)
<use /home/henri/stuff/japanese/kanji/chap17/anew.pdf>
Package luatex.def Info: /home/henri/stuff/japanese/kanji/chap17/anew.pdf  used 
on input line 431.
(luatex.def)             Requested size: 56.90388pt x 56.90388pt.
File: /home/henri/stuff/japanese/kanji/chap17/so_anew.pdf Graphic file (type pdf
)
<use /home/henri/stuff/japanese/kanji/chap17/so_anew.pdf>
Package luatex.def Info: /home/henri/stuff/japanese/kanji/chap17/so_anew.pdf  us
ed on input line 431.
(luatex.def)             Requested size: 56.8991pt x 56.8991pt.

Overfull \hbox (0.81456pt too wide) in alignment at lines 431--431
[][][]
 []

File: /home/henri/stuff/japanese/kanji/chap17/system.pdf Graphic file (type pdf)

<use /home/henri/stuff/japanese/kanji/chap17/system.pdf>
Package luatex.def Info: /home/henri/stuff/japanese/kanji/chap17/system.pdf  use
d on input line 466.
(luatex.def)             Requested size: 56.90388pt x 56.90388pt.
File: /home/henri/stuff/japanese/kanji/chap17/so_system.pdf Graphic file (type p
df)
<use /home/henri/stuff/japanese/kanji/chap17/so_system.pdf>
Package luatex.def Info: /home/henri/stuff/japanese/kanji/chap17/so_system.pdf  
used on input line 466.
(luatex.def)             Requested size: 56.8991pt x 56.8991pt.

Overfull \hbox (0.81456pt too wide) in alignment at lines 466--466
[][][]
 []

[203</home/henri/stuff/japanese/kanji/chap17/anew.pdf></home/henri/stuff/japanes
e/kanji/chap17/so_anew.pdf></home/henri/stuff/japanese/kanji/chap17/system.pdf><
/home/henri/stuff/japanese/kanji/chap17/so_system.pdf>]
File: /home/henri/stuff/japanese/kanji/chap17/depart.pdf Graphic file (type pdf)

<use /home/henri/stuff/japanese/kanji/chap17/depart.pdf>
Package luatex.def Info: /home/henri/stuff/japanese/kanji/chap17/depart.pdf  use
d on input line 502.
(luatex.def)             Requested size: 56.90388pt x 56.90388pt.
File: /home/henri/stuff/japanese/kanji/chap17/so_depart.pdf Graphic file (type p
df)
<use /home/henri/stuff/japanese/kanji/chap17/so_depart.pdf>
Package luatex.def Info: /home/henri/stuff/japanese/kanji/chap17/so_depart.pdf  
used on input line 502.
(luatex.def)             Requested size: 56.8991pt x 56.8991pt.

Overfull \hbox (0.81456pt too wide) in alignment at lines 502--502
[][][]
 []

File: /home/henri/stuff/japanese/kanji/chap17/nose.pdf Graphic file (type pdf)
<use /home/henri/stuff/japanese/kanji/chap17/nose.pdf>
Package luatex.def Info: /home/henri/stuff/japanese/kanji/chap17/nose.pdf  used 
on input line 536.
(luatex.def)             Requested size: 56.90388pt x 56.90388pt.
File: /home/henri/stuff/japanese/kanji/chap17/so_nose.pdf Graphic file (type pdf
)
<use /home/henri/stuff/japanese/kanji/chap17/so_nose.pdf>
Package luatex.def Info: /home/henri/stuff/japanese/kanji/chap17/so_nose.pdf  us
ed on input line 536.
(luatex.def)             Requested size: 56.8991pt x 56.8991pt.

Overfull \hbox (0.81456pt too wide) in alignment at lines 536--536
[][][]
 []

[204</home/henri/stuff/japanese/kanji/chap17/depart.pdf></home/henri/stuff/japan
ese/kanji/chap17/so_depart.pdf></home/henri/stuff/japanese/kanji/chap17/nose.pdf
></home/henri/stuff/japanese/kanji/chap17/so_nose.pdf>]
File: /home/henri/stuff/japanese/kanji/chap17/asia.pdf Graphic file (type pdf)
<use /home/henri/stuff/japanese/kanji/chap17/asia.pdf>
Package luatex.def Info: /home/henri/stuff/japanese/kanji/chap17/asia.pdf  used 
on input line 574.
(luatex.def)             Requested size: 56.90388pt x 56.90388pt.
File: /home/henri/stuff/japanese/kanji/chap17/so_asia.pdf Graphic file (type pdf
)
<use /home/henri/stuff/japanese/kanji/chap17/so_asia.pdf>
Package luatex.def Info: /home/henri/stuff/japanese/kanji/chap17/so_asia.pdf  us
ed on input line 574.
(luatex.def)             Requested size: 56.8991pt x 56.8991pt.

Overfull \hbox (0.81456pt too wide) in alignment at lines 574--574
[][][]
 []

File: /home/henri/stuff/japanese/kanji/chap17/join.pdf Graphic file (type pdf)
<use /home/henri/stuff/japanese/kanji/chap17/join.pdf>
Package luatex.def Info: /home/henri/stuff/japanese/kanji/chap17/join.pdf  used 
on input line 606.
(luatex.def)             Requested size: 56.90388pt x 56.90388pt.
File: /home/henri/stuff/japanese/kanji/chap17/so_join.pdf Graphic file (type pdf
)
<use /home/henri/stuff/japanese/kanji/chap17/so_join.pdf>
Package luatex.def Info: /home/henri/stuff/japanese/kanji/chap17/so_join.pdf  us
ed on input line 606.
(luatex.def)             Requested size: 56.8991pt x 56.8991pt.

Overfull \hbox (0.81456pt too wide) in alignment at lines 606--606
[][][]
 []

[205</home/henri/stuff/japanese/kanji/chap17/asia.pdf></home/henri/stuff/japanes
e/kanji/chap17/so_asia.pdf></home/henri/stuff/japanese/kanji/chap17/join.pdf></h
ome/henri/stuff/japanese/kanji/chap17/so_join.pdf>]
File: /home/henri/stuff/japanese/kanji/chap17/opinion.pdf Graphic file (type pdf
)
<use /home/henri/stuff/japanese/kanji/chap17/opinion.pdf>
Package luatex.def Info: /home/henri/stuff/japanese/kanji/chap17/opinion.pdf  us
ed on input line 642.
(luatex.def)             Requested size: 56.90388pt x 56.90388pt.
File: /home/henri/stuff/japanese/kanji/chap17/so_opinion.pdf Graphic file (type 
pdf)
<use /home/henri/stuff/japanese/kanji/chap17/so_opinion.pdf>
Package luatex.def Info: /home/henri/stuff/japanese/kanji/chap17/so_opinion.pdf 
 used on input line 642.
(luatex.def)             Requested size: 56.8991pt x 56.8991pt.

Overfull \hbox (0.81456pt too wide) in alignment at lines 642--642
[][][]
 []

File: /home/henri/stuff/japanese/kanji/chap17/make.pdf Graphic file (type pdf)
<use /home/henri/stuff/japanese/kanji/chap17/make.pdf>
Package luatex.def Info: /home/henri/stuff/japanese/kanji/chap17/make.pdf  used 
on input line 677.
(luatex.def)             Requested size: 56.90388pt x 56.90388pt.
File: /home/henri/stuff/japanese/kanji/chap17/so_make.pdf Graphic file (type pdf
)
<use /home/henri/stuff/japanese/kanji/chap17/so_make.pdf>
Package luatex.def Info: /home/henri/stuff/japanese/kanji/chap17/so_make.pdf  us
ed on input line 677.
(luatex.def)             Requested size: 56.8991pt x 56.8991pt.

Overfull \hbox (0.81456pt too wide) in alignment at lines 677--677
[][][]
 []


Overfull \hbox (0.81456pt too wide) in alignment at lines 692--692
[][][]
 []

[206</home/henri/stuff/japanese/kanji/chap17/opinion.pdf></home/henri/stuff/japa
nese/kanji/chap17/so_opinion.pdf></home/henri/stuff/japanese/kanji/chap17/make.p
df></home/henri/stuff/japanese/kanji/chap17/so_make.pdf>]
File: /home/henri/stuff/japanese/kanji/chap17/joint.pdf Graphic file (type pdf)
<use /home/henri/stuff/japanese/kanji/chap17/joint.pdf>
Package luatex.def Info: /home/henri/stuff/japanese/kanji/chap17/joint.pdf  used
 on input line 717.
(luatex.def)             Requested size: 56.90388pt x 56.90388pt.
File: /home/henri/stuff/japanese/kanji/chap17/so_joint.pdf Graphic file (type pd
f)
<use /home/henri/stuff/japanese/kanji/chap17/so_joint.pdf>
Package luatex.def Info: /home/henri/stuff/japanese/kanji/chap17/so_joint.pdf  u
sed on input line 717.
(luatex.def)             Requested size: 56.8991pt x 56.8991pt.

Overfull \hbox (0.81456pt too wide) in alignment at lines 717--717
[][][]
 []

File: /home/henri/stuff/japanese/kanji/chap17/rule.pdf Graphic file (type pdf)
<use /home/henri/stuff/japanese/kanji/chap17/rule.pdf>
Package luatex.def Info: /home/henri/stuff/japanese/kanji/chap17/rule.pdf  used 
on input line 751.
(luatex.def)             Requested size: 56.90388pt x 56.90388pt.
File: /home/henri/stuff/japanese/kanji/chap17/so_rule.pdf Graphic file (type pdf
)
<use /home/henri/stuff/japanese/kanji/chap17/so_rule.pdf>
Package luatex.def Info: /home/henri/stuff/japanese/kanji/chap17/so_rule.pdf  us
ed on input line 751.
(luatex.def)             Requested size: 56.8991pt x 56.8991pt.

Overfull \hbox (0.81456pt too wide) in alignment at lines 751--751
[][][]
 []

[207</home/henri/stuff/japanese/kanji/chap17/joint.pdf></home/henri/stuff/japane
se/kanji/chap17/so_joint.pdf></home/henri/stuff/japanese/kanji/chap17/rule.pdf><
/home/henri/stuff/japanese/kanji/chap17/so_rule.pdf>]
File: /home/henri/stuff/japanese/kanji/chap17/now.pdf Graphic file (type pdf)
<use /home/henri/stuff/japanese/kanji/chap17/now.pdf>
Package luatex.def Info: /home/henri/stuff/japanese/kanji/chap17/now.pdf  used o
n input line 787.
(luatex.def)             Requested size: 56.90388pt x 56.90388pt.
File: /home/henri/stuff/japanese/kanji/chap17/so_now.pdf Graphic file (type pdf)

<use /home/henri/stuff/japanese/kanji/chap17/so_now.pdf>
Package luatex.def Info: /home/henri/stuff/japanese/kanji/chap17/so_now.pdf  use
d on input line 787.
(luatex.def)             Requested size: 56.8991pt x 56.8991pt.

Overfull \hbox (0.81456pt too wide) in alignment at lines 787--787
[][][]
 []


Overfull \hbox (0.81456pt too wide) in alignment at lines 812--812
[][][]
 []

File: /home/henri/stuff/japanese/kanji/chap17/eternal.pdf Graphic file (type pdf
)
<use /home/henri/stuff/japanese/kanji/chap17/eternal.pdf>
Package luatex.def Info: /home/henri/stuff/japanese/kanji/chap17/eternal.pdf  us
ed on input line 829.
(luatex.def)             Requested size: 56.90388pt x 56.90388pt.
File: /home/henri/stuff/japanese/kanji/chap17/so_eternal.pdf Graphic file (type 
pdf)
<use /home/henri/stuff/japanese/kanji/chap17/so_eternal.pdf>
Package luatex.def Info: /home/henri/stuff/japanese/kanji/chap17/so_eternal.pdf 
 used on input line 829.
(luatex.def)             Requested size: 56.8991pt x 56.8991pt.

Overfull \hbox (0.81456pt too wide) in alignment at lines 829--829
[][][]
 []

[208</home/henri/stuff/japanese/kanji/chap17/now.pdf></home/henri/stuff/japanese
/kanji/chap17/so_now.pdf></home/henri/stuff/japanese/kanji/chap17/eternal.pdf></
home/henri/stuff/japanese/kanji/chap17/so_eternal.pdf>]
File: /home/henri/stuff/japanese/kanji/chap17/ice.pdf Graphic file (type pdf)
<use /home/henri/stuff/japanese/kanji/chap17/ice.pdf>
Package luatex.def Info: /home/henri/stuff/japanese/kanji/chap17/ice.pdf  used o
n input line 865.
(luatex.def)             Requested size: 56.90388pt x 56.90388pt.
File: /home/henri/stuff/japanese/kanji/chap17/so_ice.pdf Graphic file (type pdf)

<use /home/henri/stuff/japanese/kanji/chap17/so_ice.pdf>
Package luatex.def Info: /home/henri/stuff/japanese/kanji/chap17/so_ice.pdf  use
d on input line 865.
(luatex.def)             Requested size: 56.8991pt x 56.8991pt.

Overfull \hbox (0.81456pt too wide) in alignment at lines 865--865
[][][]
 []

) [209</home/henri/stuff/japanese/kanji/chap17/ice.pdf></home/henri/stuff/japane
se/kanji/chap17/so_ice.pdf>] [210

]
第 18 章
(./chap18.tex
File: /home/henri/stuff/japanese/kanji/chap18/law.pdf Graphic file (type pdf)
<use /home/henri/stuff/japanese/kanji/chap18/law.pdf>
Package luatex.def Info: /home/henri/stuff/japanese/kanji/chap18/law.pdf  used o
n input line 7.
(luatex.def)             Requested size: 56.90388pt x 56.90388pt.
File: /home/henri/stuff/japanese/kanji/chap18/so_law.pdf Graphic file (type pdf)

<use /home/henri/stuff/japanese/kanji/chap18/so_law.pdf>
Package luatex.def Info: /home/henri/stuff/japanese/kanji/chap18/so_law.pdf  use
d on input line 7.
(luatex.def)             Requested size: 56.8991pt x 56.8991pt.

Overfull \hbox (0.81456pt too wide) in alignment at lines 7--7
[][][]
 []


Overfull \hbox (0.81456pt too wide) in alignment at lines 22--22
[][][]
 []

File: /home/henri/stuff/japanese/kanji/chap18/place.pdf Graphic file (type pdf)
<use /home/henri/stuff/japanese/kanji/chap18/place.pdf>
Package luatex.def Info: /home/henri/stuff/japanese/kanji/chap18/place.pdf  used
 on input line 42.
(luatex.def)             Requested size: 56.90388pt x 56.90388pt.
File: /home/henri/stuff/japanese/kanji/chap18/so_place.pdf Graphic file (type pd
f)
<use /home/henri/stuff/japanese/kanji/chap18/so_place.pdf>
Package luatex.def Info: /home/henri/stuff/japanese/kanji/chap18/so_place.pdf  u
sed on input line 42.
(luatex.def)             Requested size: 56.8991pt x 56.8991pt.

Overfull \hbox (0.81456pt too wide) in alignment at lines 42--42
[][][]
 []


Overfull \hbox (0.81456pt too wide) in alignment at lines 58--58
[][][]
 []

[211</home/henri/stuff/japanese/kanji/chap18/law.pdf></home/henri/stuff/japanese
/kanji/chap18/so_law.pdf></home/henri/stuff/japanese/kanji/chap18/place.pdf></ho
me/henri/stuff/japanese/kanji/chap18/so_place.pdf>]
File: /home/henri/stuff/japanese/kanji/chap18/course.pdf Graphic file (type pdf)

<use /home/henri/stuff/japanese/kanji/chap18/course.pdf>
Package luatex.def Info: /home/henri/stuff/japanese/kanji/chap18/course.pdf  use
d on input line 81.
(luatex.def)             Requested size: 56.90388pt x 56.90388pt.
File: /home/henri/stuff/japanese/kanji/chap18/so_course.pdf Graphic file (type p
df)
<use /home/henri/stuff/japanese/kanji/chap18/so_course.pdf>
Package luatex.def Info: /home/henri/stuff/japanese/kanji/chap18/so_course.pdf  
used on input line 81.
(luatex.def)             Requested size: 56.8991pt x 56.8991pt.

Overfull \hbox (0.81456pt too wide) in alignment at lines 81--81
[][][]
 []

File: /home/henri/stuff/japanese/kanji/chap18/younger_brother.pdf Graphic file (
type pdf)
<use /home/henri/stuff/japanese/kanji/chap18/younger_brother.pdf>
Package luatex.def Info: /home/henri/stuff/japanese/kanji/chap18/younger_brother
.pdf  used on input line 117.
(luatex.def)             Requested size: 56.90388pt x 56.90388pt.
File: /home/henri/stuff/japanese/kanji/chap18/so_younger_brother.pdf Graphic fil
e (type pdf)
<use /home/henri/stuff/japanese/kanji/chap18/so_younger_brother.pdf>
Package luatex.def Info: /home/henri/stuff/japanese/kanji/chap18/so_younger_brot
her.pdf  used on input line 117.
(luatex.def)             Requested size: 56.8991pt x 56.8991pt.

Overfull \hbox (0.81456pt too wide) in alignment at lines 117--117
[][][]
 []


Overfull \hbox (0.81456pt too wide) in alignment at lines 132--132
[][][]
 []

[212</home/henri/stuff/japanese/kanji/chap18/course.pdf></home/henri/stuff/japan
ese/kanji/chap18/so_course.pdf></home/henri/stuff/japanese/kanji/chap18/younger_
brother.pdf></home/henri/stuff/japanese/kanji/chap18/so_younger_brother.pdf>]
File: /home/henri/stuff/japanese/kanji/chap18/manner.pdf Graphic file (type pdf)

<use /home/henri/stuff/japanese/kanji/chap18/manner.pdf>
Package luatex.def Info: /home/henri/stuff/japanese/kanji/chap18/manner.pdf  use
d on input line 152.
(luatex.def)             Requested size: 56.90388pt x 56.90388pt.
File: /home/henri/stuff/japanese/kanji/chap18/so_manner.pdf Graphic file (type p
df)
<use /home/henri/stuff/japanese/kanji/chap18/so_manner.pdf>
Package luatex.def Info: /home/henri/stuff/japanese/kanji/chap18/so_manner.pdf  
used on input line 152.
(luatex.def)             Requested size: 56.8991pt x 56.8991pt.

Overfull \hbox (0.81456pt too wide) in alignment at lines 152--152
[][][]
 []


Overfull \hbox (0.81456pt too wide) in alignment at lines 167--167
[][][]
 []

File: /home/henri/stuff/japanese/kanji/chap18/insect.pdf Graphic file (type pdf)

<use /home/henri/stuff/japanese/kanji/chap18/insect.pdf>
Package luatex.def Info: /home/henri/stuff/japanese/kanji/chap18/insect.pdf  use
d on input line 188.
(luatex.def)             Requested size: 56.90388pt x 56.90388pt.
File: /home/henri/stuff/japanese/kanji/chap18/so_insect.pdf Graphic file (type p
df)
<use /home/henri/stuff/japanese/kanji/chap18/so_insect.pdf>
Package luatex.def Info: /home/henri/stuff/japanese/kanji/chap18/so_insect.pdf  
used on input line 188.
(luatex.def)             Requested size: 56.8991pt x 56.8991pt.

Overfull \hbox (0.81456pt too wide) in alignment at lines 188--188
[][][]
 []

[213</home/henri/stuff/japanese/kanji/chap18/manner.pdf></home/henri/stuff/japan
ese/kanji/chap18/so_manner.pdf></home/henri/stuff/japanese/kanji/chap18/insect.p
df></home/henri/stuff/japanese/kanji/chap18/so_insect.pdf>]
File: /home/henri/stuff/japanese/kanji/chap18/station.pdf Graphic file (type pdf
)
<use /home/henri/stuff/japanese/kanji/chap18/station.pdf>
Package luatex.def Info: /home/henri/stuff/japanese/kanji/chap18/station.pdf  us
ed on input line 224.
(luatex.def)             Requested size: 56.90388pt x 56.90388pt.
File: /home/henri/stuff/japanese/kanji/chap18/so_station.pdf Graphic file (type 
pdf)
<use /home/henri/stuff/japanese/kanji/chap18/so_station.pdf>
Package luatex.def Info: /home/henri/stuff/japanese/kanji/chap18/so_station.pdf 
 used on input line 224.
(luatex.def)             Requested size: 56.8991pt x 56.8991pt.

Overfull \hbox (0.81456pt too wide) in alignment at lines 224--224
[][][]
 []

File: /home/henri/stuff/japanese/kanji/chap18/commerce.pdf Graphic file (type pd
f)
<use /home/henri/stuff/japanese/kanji/chap18/commerce.pdf>
Package luatex.def Info: /home/henri/stuff/japanese/kanji/chap18/commerce.pdf  u
sed on input line 258.
(luatex.def)             Requested size: 56.90388pt x 56.90388pt.
File: /home/henri/stuff/japanese/kanji/chap18/so_commerce.pdf Graphic file (type
 pdf)
<use /home/henri/stuff/japanese/kanji/chap18/so_commerce.pdf>
Package luatex.def Info: /home/henri/stuff/japanese/kanji/chap18/so_commerce.pdf
  used on input line 258.
(luatex.def)             Requested size: 56.8991pt x 56.8991pt.

Overfull \hbox (0.81456pt too wide) in alignment at lines 258--258
[][][]
 []

[214</home/henri/stuff/japanese/kanji/chap18/station.pdf></home/henri/stuff/japa
nese/kanji/chap18/so_station.pdf></home/henri/stuff/japanese/kanji/chap18/commer
ce.pdf></home/henri/stuff/japanese/kanji/chap18/so_commerce.pdf>]
File: /home/henri/stuff/japanese/kanji/chap18/bad.pdf Graphic file (type pdf)
<use /home/henri/stuff/japanese/kanji/chap18/bad.pdf>
Package luatex.def Info: /home/henri/stuff/japanese/kanji/chap18/bad.pdf  used o
n input line 295.
(luatex.def)             Requested size: 56.90388pt x 56.90388pt.
File: /home/henri/stuff/japanese/kanji/chap18/so_bad.pdf Graphic file (type pdf)

<use /home/henri/stuff/japanese/kanji/chap18/so_bad.pdf>
Package luatex.def Info: /home/henri/stuff/japanese/kanji/chap18/so_bad.pdf  use
d on input line 295.
(luatex.def)             Requested size: 56.8991pt x 56.8991pt.

Overfull \hbox (0.81456pt too wide) in alignment at lines 295--295
[][][]
 []

File: /home/henri/stuff/japanese/kanji/chap18/know.pdf Graphic file (type pdf)
<use /home/henri/stuff/japanese/kanji/chap18/know.pdf>
Package luatex.def Info: /home/henri/stuff/japanese/kanji/chap18/know.pdf  used 
on input line 329.
(luatex.def)             Requested size: 56.90388pt x 56.90388pt.
File: /home/henri/stuff/japanese/kanji/chap18/so_know.pdf Graphic file (type pdf
)
<use /home/henri/stuff/japanese/kanji/chap18/so_know.pdf>
Package luatex.def Info: /home/henri/stuff/japanese/kanji/chap18/so_know.pdf  us
ed on input line 329.
(luatex.def)             Requested size: 56.8991pt x 56.8991pt.

Overfull \hbox (0.81456pt too wide) in alignment at lines 329--329
[][][]
 []

[215</home/henri/stuff/japanese/kanji/chap18/bad.pdf></home/henri/stuff/japanese
/kanji/chap18/so_bad.pdf></home/henri/stuff/japanese/kanji/chap18/know.pdf></hom
e/henri/stuff/japanese/kanji/chap18/so_know.pdf>]
File: /home/henri/stuff/japanese/kanji/chap18/borrow.pdf Graphic file (type pdf)

<use /home/henri/stuff/japanese/kanji/chap18/borrow.pdf>
Package luatex.def Info: /home/henri/stuff/japanese/kanji/chap18/borrow.pdf  use
d on input line 365.
(luatex.def)             Requested size: 56.90388pt x 56.90388pt.
File: /home/henri/stuff/japanese/kanji/chap18/so_borrow.pdf Graphic file (type p
df)
<use /home/henri/stuff/japanese/kanji/chap18/so_borrow.pdf>
Package luatex.def Info: /home/henri/stuff/japanese/kanji/chap18/so_borrow.pdf  
used on input line 365.
(luatex.def)             Requested size: 56.8991pt x 56.8991pt.

Overfull \hbox (0.81456pt too wide) in alignment at lines 365--365
[][][]
 []


Overfull \hbox (0.81456pt too wide) in alignment at lines 392--392
[][][]
 []

File: /home/henri/stuff/japanese/kanji/chap18/decide.pdf Graphic file (type pdf)

<use /home/henri/stuff/japanese/kanji/chap18/decide.pdf>
Package luatex.def Info: /home/henri/stuff/japanese/kanji/chap18/decide.pdf  use
d on input line 400.
(luatex.def)             Requested size: 56.90388pt x 56.90388pt.
File: /home/henri/stuff/japanese/kanji/chap18/so_decide.pdf Graphic file (type p
df)
<use /home/henri/stuff/japanese/kanji/chap18/so_decide.pdf>
Package luatex.def Info: /home/henri/stuff/japanese/kanji/chap18/so_decide.pdf  
used on input line 400.
(luatex.def)             Requested size: 56.8991pt x 56.8991pt.

Overfull \hbox (0.81456pt too wide) in alignment at lines 400--400
[][][]
 []

[216</home/henri/stuff/japanese/kanji/chap18/borrow.pdf></home/henri/stuff/japan
ese/kanji/chap18/so_borrow.pdf></home/henri/stuff/japanese/kanji/chap18/decide.p
df></home/henri/stuff/japanese/kanji/chap18/so_decide.pdf>]
File: /home/henri/stuff/japanese/kanji/chap18/partition.pdf Graphic file (type p
df)
<use /home/henri/stuff/japanese/kanji/chap18/partition.pdf>
Package luatex.def Info: /home/henri/stuff/japanese/kanji/chap18/partition.pdf  
used on input line 437.
(luatex.def)             Requested size: 56.90388pt x 56.90388pt.
File: /home/henri/stuff/japanese/kanji/chap18/so_partition.pdf Graphic file (typ
e pdf)
<use /home/henri/stuff/japanese/kanji/chap18/so_partition.pdf>
Package luatex.def Info: /home/henri/stuff/japanese/kanji/chap18/so_partition.pd
f  used on input line 437.
(luatex.def)             Requested size: 56.8991pt x 56.8991pt.

Overfull \hbox (0.81456pt too wide) in alignment at lines 437--437
[][][]
 []

File: /home/henri/stuff/japanese/kanji/chap18/discharge.pdf Graphic file (type p
df)
<use /home/henri/stuff/japanese/kanji/chap18/discharge.pdf>
Package luatex.def Info: /home/henri/stuff/japanese/kanji/chap18/discharge.pdf  
used on input line 471.
(luatex.def)             Requested size: 56.90388pt x 56.90388pt.
File: /home/henri/stuff/japanese/kanji/chap18/so_discharge.pdf Graphic file (typ
e pdf)
<use /home/henri/stuff/japanese/kanji/chap18/so_discharge.pdf>
Package luatex.def Info: /home/henri/stuff/japanese/kanji/chap18/so_discharge.pd
f  used on input line 471.
(luatex.def)             Requested size: 56.8991pt x 56.8991pt.

Overfull \hbox (0.81456pt too wide) in alignment at lines 471--471
[][][]
 []

[217</home/henri/stuff/japanese/kanji/chap18/partition.pdf></home/henri/stuff/ja
panese/kanji/chap18/so_partition.pdf></home/henri/stuff/japanese/kanji/chap18/di
scharge.pdf></home/henri/stuff/japanese/kanji/chap18/so_discharge.pdf>]
File: /home/henri/stuff/japanese/kanji/chap18/how_many.pdf Graphic file (type pd
f)
<use /home/henri/stuff/japanese/kanji/chap18/how_many.pdf>
Package luatex.def Info: /home/henri/stuff/japanese/kanji/chap18/how_many.pdf  u
sed on input line 508.
(luatex.def)             Requested size: 56.90388pt x 56.90388pt.
File: /home/henri/stuff/japanese/kanji/chap18/so_how_many.pdf Graphic file (type
 pdf)
<use /home/henri/stuff/japanese/kanji/chap18/so_how_many.pdf>
Package luatex.def Info: /home/henri/stuff/japanese/kanji/chap18/so_how_many.pdf
  used on input line 508.
(luatex.def)             Requested size: 56.8991pt x 56.8991pt.

Overfull \hbox (0.81456pt too wide) in alignment at lines 508--508
[][][]
 []


Overfull \hbox (0.81456pt too wide) in alignment at lines 523--523
[][][]
 []

File: /home/henri/stuff/japanese/kanji/chap18/room.pdf Graphic file (type pdf)
<use /home/henri/stuff/japanese/kanji/chap18/room.pdf>
Package luatex.def Info: /home/henri/stuff/japanese/kanji/chap18/room.pdf  used 
on input line 544.
(luatex.def)             Requested size: 56.90388pt x 56.90388pt.
File: /home/henri/stuff/japanese/kanji/chap18/so_room.pdf Graphic file (type pdf
)
<use /home/henri/stuff/japanese/kanji/chap18/so_room.pdf>
Package luatex.def Info: /home/henri/stuff/japanese/kanji/chap18/so_room.pdf  us
ed on input line 544.
(luatex.def)             Requested size: 56.8991pt x 56.8991pt.

Overfull \hbox (0.81456pt too wide) in alignment at lines 544--544
[][][]
 []

[218</home/henri/stuff/japanese/kanji/chap18/how_many.pdf></home/henri/stuff/jap
anese/kanji/chap18/so_how_many.pdf></home/henri/stuff/japanese/kanji/chap18/room
.pdf></home/henri/stuff/japanese/kanji/chap18/so_room.pdf>]
File: /home/henri/stuff/japanese/kanji/chap18/fall.pdf Graphic file (type pdf)
<use /home/henri/stuff/japanese/kanji/chap18/fall.pdf>
Package luatex.def Info: /home/henri/stuff/japanese/kanji/chap18/fall.pdf  used 
on input line 580.
(luatex.def)             Requested size: 56.90388pt x 56.90388pt.
File: /home/henri/stuff/japanese/kanji/chap18/so_fall.pdf Graphic file (type pdf
)
<use /home/henri/stuff/japanese/kanji/chap18/so_fall.pdf>
Package luatex.def Info: /home/henri/stuff/japanese/kanji/chap18/so_fall.pdf  us
ed on input line 580.
(luatex.def)             Requested size: 56.8991pt x 56.8991pt.

Overfull \hbox (0.81456pt too wide) in alignment at lines 580--580
[][][]
 []


Overfull \hbox (0.81456pt too wide) in alignment at lines 607--607
[][][]
 []

File: /home/henri/stuff/japanese/kanji/chap18/fast.pdf Graphic file (type pdf)
<use /home/henri/stuff/japanese/kanji/chap18/fast.pdf>
Package luatex.def Info: /home/henri/stuff/japanese/kanji/chap18/fast.pdf  used 
on input line 616.
(luatex.def)             Requested size: 56.90388pt x 56.90388pt.
File: /home/henri/stuff/japanese/kanji/chap18/so_fast.pdf Graphic file (type pdf
)
<use /home/henri/stuff/japanese/kanji/chap18/so_fast.pdf>
Package luatex.def Info: /home/henri/stuff/japanese/kanji/chap18/so_fast.pdf  us
ed on input line 616.
(luatex.def)             Requested size: 56.8991pt x 56.8991pt.

Overfull \hbox (0.81456pt too wide) in alignment at lines 616--616
[][][]
 []

[219</home/henri/stuff/japanese/kanji/chap18/fall.pdf></home/henri/stuff/japanes
e/kanji/chap18/so_fall.pdf></home/henri/stuff/japanese/kanji/chap18/fast.pdf></h
ome/henri/stuff/japanese/kanji/chap18/so_fast.pdf>]
File: /home/henri/stuff/japanese/kanji/chap18/color.pdf Graphic file (type pdf)
<use /home/henri/stuff/japanese/kanji/chap18/color.pdf>
Package luatex.def Info: /home/henri/stuff/japanese/kanji/chap18/color.pdf  used
 on input line 653.
(luatex.def)             Requested size: 56.90388pt x 56.90388pt.
File: /home/henri/stuff/japanese/kanji/chap18/so_color.pdf Graphic file (type pd
f)
<use /home/henri/stuff/japanese/kanji/chap18/so_color.pdf>
Package luatex.def Info: /home/henri/stuff/japanese/kanji/chap18/so_color.pdf  u
sed on input line 653.
(luatex.def)             Requested size: 56.8991pt x 56.8991pt.

Overfull \hbox (0.81456pt too wide) in alignment at lines 653--653
[][][]
 []


Overfull \hbox (0.81456pt too wide) in alignment at lines 668--668
[][][]
 []

File: /home/henri/stuff/japanese/kanji/chap18/start.pdf Graphic file (type pdf)
<use /home/henri/stuff/japanese/kanji/chap18/start.pdf>
Package luatex.def Info: /home/henri/stuff/japanese/kanji/chap18/start.pdf  used
 on input line 688.
(luatex.def)             Requested size: 56.90388pt x 56.90388pt.
File: /home/henri/stuff/japanese/kanji/chap18/so_start.pdf Graphic file (type pd
f)
<use /home/henri/stuff/japanese/kanji/chap18/so_start.pdf>
Package luatex.def Info: /home/henri/stuff/japanese/kanji/chap18/so_start.pdf  u
sed on input line 688.
(luatex.def)             Requested size: 56.8991pt x 56.8991pt.

Overfull \hbox (0.81456pt too wide) in alignment at lines 688--688
[][][]
 []

[220</home/henri/stuff/japanese/kanji/chap18/color.pdf></home/henri/stuff/japane
se/kanji/chap18/so_color.pdf></home/henri/stuff/japanese/kanji/chap18/start.pdf>
</home/henri/stuff/japanese/kanji/chap18/so_start.pdf>]
File: /home/henri/stuff/japanese/kanji/chap18/approve.pdf Graphic file (type pdf
)
<use /home/henri/stuff/japanese/kanji/chap18/approve.pdf>
Package luatex.def Info: /home/henri/stuff/japanese/kanji/chap18/approve.pdf  us
ed on input line 724.
(luatex.def)             Requested size: 56.90388pt x 56.90388pt.
File: /home/henri/stuff/japanese/kanji/chap18/so_approve.pdf Graphic file (type 
pdf)
<use /home/henri/stuff/japanese/kanji/chap18/so_approve.pdf>
Package luatex.def Info: /home/henri/stuff/japanese/kanji/chap18/so_approve.pdf 
 used on input line 724.
(luatex.def)             Requested size: 56.8991pt x 56.8991pt.

Overfull \hbox (0.81456pt too wide) in alignment at lines 724--724
[][][]
 []

File: /home/henri/stuff/japanese/kanji/chap18/straight.pdf Graphic file (type pd
f)
<use /home/henri/stuff/japanese/kanji/chap18/straight.pdf>
Package luatex.def Info: /home/henri/stuff/japanese/kanji/chap18/straight.pdf  u
sed on input line 758.
(luatex.def)             Requested size: 56.90388pt x 56.90388pt.
File: /home/henri/stuff/japanese/kanji/chap18/so_straight.pdf Graphic file (type
 pdf)
<use /home/henri/stuff/japanese/kanji/chap18/so_straight.pdf>
Package luatex.def Info: /home/henri/stuff/japanese/kanji/chap18/so_straight.pdf
  used on input line 758.
(luatex.def)             Requested size: 56.8991pt x 56.8991pt.

Overfull \hbox (0.81456pt too wide) in alignment at lines 758--758
[][][]
 []


Overfull \hbox (0.81456pt too wide) in alignment at lines 773--773
[][][]
 []

[221</home/henri/stuff/japanese/kanji/chap18/approve.pdf></home/henri/stuff/japa
nese/kanji/chap18/so_approve.pdf></home/henri/stuff/japanese/kanji/chap18/straig
ht.pdf></home/henri/stuff/japanese/kanji/chap18/so_straight.pdf>]
File: /home/henri/stuff/japanese/kanji/chap18/illness.pdf Graphic file (type pdf
)
<use /home/henri/stuff/japanese/kanji/chap18/illness.pdf>
Package luatex.def Info: /home/henri/stuff/japanese/kanji/chap18/illness.pdf  us
ed on input line 796.
(luatex.def)             Requested size: 56.90388pt x 56.90388pt.
File: /home/henri/stuff/japanese/kanji/chap18/so_illness.pdf Graphic file (type 
pdf)
<use /home/henri/stuff/japanese/kanji/chap18/so_illness.pdf>
Package luatex.def Info: /home/henri/stuff/japanese/kanji/chap18/so_illness.pdf 
 used on input line 796.
(luatex.def)             Requested size: 56.8991pt x 56.8991pt.

Overfull \hbox (0.81456pt too wide) in alignment at lines 796--796
[][][]
 []


Overfull \hbox (0.81456pt too wide) in alignment at lines 823--823
[][][]
 []

File: /home/henri/stuff/japanese/kanji/chap18/together.pdf Graphic file (type pd
f)
<use /home/henri/stuff/japanese/kanji/chap18/together.pdf>
Package luatex.def Info: /home/henri/stuff/japanese/kanji/chap18/together.pdf  u
sed on input line 831.
(luatex.def)             Requested size: 56.90388pt x 56.90388pt.
File: /home/henri/stuff/japanese/kanji/chap18/so_together.pdf Graphic file (type
 pdf)
<use /home/henri/stuff/japanese/kanji/chap18/so_together.pdf>
Package luatex.def Info: /home/henri/stuff/japanese/kanji/chap18/so_together.pdf
  used on input line 831.
(luatex.def)             Requested size: 56.8991pt x 56.8991pt.

Overfull \hbox (0.81456pt too wide) in alignment at lines 831--831
[][][]
 []

[222</home/henri/stuff/japanese/kanji/chap18/illness.pdf></home/henri/stuff/japa
nese/kanji/chap18/so_illness.pdf></home/henri/stuff/japanese/kanji/chap18/togeth
er.pdf></home/henri/stuff/japanese/kanji/chap18/so_together.pdf>]
File: /home/henri/stuff/japanese/kanji/chap18/desire.pdf Graphic file (type pdf)

<use /home/henri/stuff/japanese/kanji/chap18/desire.pdf>
Package luatex.def Info: /home/henri/stuff/japanese/kanji/chap18/desire.pdf  use
d on input line 867.
(luatex.def)             Requested size: 56.90388pt x 56.90388pt.
File: /home/henri/stuff/japanese/kanji/chap18/so_desire.pdf Graphic file (type p
df)
<use /home/henri/stuff/japanese/kanji/chap18/so_desire.pdf>
Package luatex.def Info: /home/henri/stuff/japanese/kanji/chap18/so_desire.pdf  
used on input line 867.
(luatex.def)             Requested size: 56.8991pt x 56.8991pt.

Overfull \hbox (0.81456pt too wide) in alignment at lines 867--867
[][][]
 []

) [223
Missing character: There is no 页 (U+9875) in font IPAExMincho:jfm=min!
</home/henri/stuff/japanese/kanji/chap18/desire.pdf></home/henri/stuff/japanese/
kanji/chap18/so_desire.pdf>] [224

]
第 19 章
(./chap19.tex
File: /home/henri/stuff/japanese/kanji/chap19/what.pdf Graphic file (type pdf)
<use /home/henri/stuff/japanese/kanji/chap19/what.pdf>
Package luatex.def Info: /home/henri/stuff/japanese/kanji/chap19/what.pdf  used 
on input line 8.
(luatex.def)             Requested size: 56.90388pt x 56.90388pt.
File: /home/henri/stuff/japanese/kanji/chap19/so_what.pdf Graphic file (type pdf
)
<use /home/henri/stuff/japanese/kanji/chap19/so_what.pdf>
Package luatex.def Info: /home/henri/stuff/japanese/kanji/chap19/so_what.pdf  us
ed on input line 8.
(luatex.def)             Requested size: 56.8991pt x 56.8991pt.

Overfull \hbox (0.81456pt too wide) in alignment at lines 8--8
[][][]
 []


Overfull \hbox (0.81456pt too wide) in alignment at lines 23--23
[][][]
 []

File: /home/henri/stuff/japanese/kanji/chap19/polish.pdf Graphic file (type pdf)

<use /home/henri/stuff/japanese/kanji/chap19/polish.pdf>
Package luatex.def Info: /home/henri/stuff/japanese/kanji/chap19/polish.pdf  use
d on input line 42.
(luatex.def)             Requested size: 56.90388pt x 56.90388pt.
File: /home/henri/stuff/japanese/kanji/chap19/so_polish.pdf Graphic file (type p
df)
<use /home/henri/stuff/japanese/kanji/chap19/so_polish.pdf>
Package luatex.def Info: /home/henri/stuff/japanese/kanji/chap19/so_polish.pdf  
used on input line 42.
(luatex.def)             Requested size: 56.8991pt x 56.8991pt.

Overfull \hbox (0.81456pt too wide) in alignment at lines 42--42
[][][]
 []

[225</home/henri/stuff/japanese/kanji/chap19/what.pdf></home/henri/stuff/japanes
e/kanji/chap19/so_what.pdf></home/henri/stuff/japanese/kanji/chap19/polish.pdf><
/home/henri/stuff/japanese/kanji/chap19/so_polish.pdf>]
File: /home/henri/stuff/japanese/kanji/chap19/busy.pdf Graphic file (type pdf)
<use /home/henri/stuff/japanese/kanji/chap19/busy.pdf>
Package luatex.def Info: /home/henri/stuff/japanese/kanji/chap19/busy.pdf  used 
on input line 77.
(luatex.def)             Requested size: 56.90388pt x 56.90388pt.
File: /home/henri/stuff/japanese/kanji/chap19/so_busy.pdf Graphic file (type pdf
)
<use /home/henri/stuff/japanese/kanji/chap19/so_busy.pdf>
Package luatex.def Info: /home/henri/stuff/japanese/kanji/chap19/so_busy.pdf  us
ed on input line 77.
(luatex.def)             Requested size: 56.8991pt x 56.8991pt.

Overfull \hbox (0.81456pt too wide) in alignment at lines 77--77
[][][]
 []

File: /home/henri/stuff/japanese/kanji/chap19/slow.pdf Graphic file (type pdf)
<use /home/henri/stuff/japanese/kanji/chap19/slow.pdf>
Package luatex.def Info: /home/henri/stuff/japanese/kanji/chap19/slow.pdf  used 
on input line 110.
(luatex.def)             Requested size: 56.90388pt x 56.90388pt.
File: /home/henri/stuff/japanese/kanji/chap19/so_slow.pdf Graphic file (type pdf
)
<use /home/henri/stuff/japanese/kanji/chap19/so_slow.pdf>
Package luatex.def Info: /home/henri/stuff/japanese/kanji/chap19/so_slow.pdf  us
ed on input line 110.
(luatex.def)             Requested size: 56.8991pt x 56.8991pt.

Overfull \hbox (0.81456pt too wide) in alignment at lines 110--110
[][][]
 []

[226</home/henri/stuff/japanese/kanji/chap19/busy.pdf></home/henri/stuff/japanes
e/kanji/chap19/so_busy.pdf></home/henri/stuff/japanese/kanji/chap19/slow.pdf></h
ome/henri/stuff/japanese/kanji/chap19/so_slow.pdf>]
File: /home/henri/stuff/japanese/kanji/chap19/fee.pdf Graphic file (type pdf)
<use /home/henri/stuff/japanese/kanji/chap19/fee.pdf>
Package luatex.def Info: /home/henri/stuff/japanese/kanji/chap19/fee.pdf  used o
n input line 147.
(luatex.def)             Requested size: 56.90388pt x 56.90388pt.
File: /home/henri/stuff/japanese/kanji/chap19/so_fee.pdf Graphic file (type pdf)

<use /home/henri/stuff/japanese/kanji/chap19/so_fee.pdf>
Package luatex.def Info: /home/henri/stuff/japanese/kanji/chap19/so_fee.pdf  use
d on input line 147.
(luatex.def)             Requested size: 56.8991pt x 56.8991pt.

Overfull \hbox (0.81456pt too wide) in alignment at lines 147--147
[][][]
 []

File: /home/henri/stuff/japanese/kanji/chap19/business.pdf Graphic file (type pd
f)
<use /home/henri/stuff/japanese/kanji/chap19/business.pdf>
Package luatex.def Info: /home/henri/stuff/japanese/kanji/chap19/business.pdf  u
sed on input line 181.
(luatex.def)             Requested size: 56.90388pt x 56.90388pt.
File: /home/henri/stuff/japanese/kanji/chap19/so_business.pdf Graphic file (type
 pdf)
<use /home/henri/stuff/japanese/kanji/chap19/so_business.pdf>
Package luatex.def Info: /home/henri/stuff/japanese/kanji/chap19/so_business.pdf
  used on input line 181.
(luatex.def)             Requested size: 56.8991pt x 56.8991pt.

Overfull \hbox (0.81456pt too wide) in alignment at lines 181--181
[][][]
 []

[227</home/henri/stuff/japanese/kanji/chap19/fee.pdf></home/henri/stuff/japanese
/kanji/chap19/so_fee.pdf></home/henri/stuff/japanese/kanji/chap19/business.pdf><
/home/henri/stuff/japanese/kanji/chap19/so_business.pdf>]
File: /home/henri/stuff/japanese/kanji/chap19/swim.pdf Graphic file (type pdf)
<use /home/henri/stuff/japanese/kanji/chap19/swim.pdf>
Package luatex.def Info: /home/henri/stuff/japanese/kanji/chap19/swim.pdf  used 
on input line 217.
(luatex.def)             Requested size: 56.90388pt x 56.90388pt.
File: /home/henri/stuff/japanese/kanji/chap19/so_swim.pdf Graphic file (type pdf
)
<use /home/henri/stuff/japanese/kanji/chap19/so_swim.pdf>
Package luatex.def Info: /home/henri/stuff/japanese/kanji/chap19/so_swim.pdf  us
ed on input line 217.
(luatex.def)             Requested size: 56.8991pt x 56.8991pt.

Overfull \hbox (0.81456pt too wide) in alignment at lines 217--217
[][][]
 []

File: /home/henri/stuff/japanese/kanji/chap19/connection.pdf Graphic file (type 
pdf)
<use /home/henri/stuff/japanese/kanji/chap19/connection.pdf>
Package luatex.def Info: /home/henri/stuff/japanese/kanji/chap19/connection.pdf 
 used on input line 252.
(luatex.def)             Requested size: 56.90388pt x 56.90388pt.
File: /home/henri/stuff/japanese/kanji/chap19/so_connection.pdf Graphic file (ty
pe pdf)
<use /home/henri/stuff/japanese/kanji/chap19/so_connection.pdf>
Package luatex.def Info: /home/henri/stuff/japanese/kanji/chap19/so_connection.p
df  used on input line 252.
(luatex.def)             Requested size: 56.8991pt x 56.8991pt.

Overfull \hbox (0.81456pt too wide) in alignment at lines 252--252
[][][]
 []


Overfull \hbox (0.81456pt too wide) in alignment at lines 267--267
[][][]
 []

[228</home/henri/stuff/japanese/kanji/chap19/swim.pdf></home/henri/stuff/japanes
e/kanji/chap19/so_swim.pdf></home/henri/stuff/japanese/kanji/chap19/connection.p
df></home/henri/stuff/japanese/kanji/chap19/so_connection.pdf>]
File: /home/henri/stuff/japanese/kanji/chap19/drink.pdf Graphic file (type pdf)
<use /home/henri/stuff/japanese/kanji/chap19/drink.pdf>
Package luatex.def Info: /home/henri/stuff/japanese/kanji/chap19/drink.pdf  used
 on input line 289.
(luatex.def)             Requested size: 56.90388pt x 56.90388pt.
File: /home/henri/stuff/japanese/kanji/chap19/so_drink.pdf Graphic file (type pd
f)
<use /home/henri/stuff/japanese/kanji/chap19/so_drink.pdf>
Package luatex.def Info: /home/henri/stuff/japanese/kanji/chap19/so_drink.pdf  u
sed on input line 289.
(luatex.def)             Requested size: 56.8991pt x 56.8991pt.

Overfull \hbox (0.81456pt too wide) in alignment at lines 289--289
[][][]
 []

File: /home/henri/stuff/japanese/kanji/chap19/yellow.pdf Graphic file (type pdf)

<use /home/henri/stuff/japanese/kanji/chap19/yellow.pdf>
Package luatex.def Info: /home/henri/stuff/japanese/kanji/chap19/yellow.pdf  use
d on input line 323.
(luatex.def)             Requested size: 56.90388pt x 56.90388pt.
File: /home/henri/stuff/japanese/kanji/chap19/so_yellow.pdf Graphic file (type p
df)
<use /home/henri/stuff/japanese/kanji/chap19/so_yellow.pdf>
Package luatex.def Info: /home/henri/stuff/japanese/kanji/chap19/so_yellow.pdf  
used on input line 323.
(luatex.def)             Requested size: 56.8991pt x 56.8991pt.

Overfull \hbox (0.81456pt too wide) in alignment at lines 323--323
[][][]
 []


Overfull \hbox (0.81456pt too wide) in alignment at lines 339--339
[][][]
 []

[229</home/henri/stuff/japanese/kanji/chap19/drink.pdf></home/henri/stuff/japane
se/kanji/chap19/so_drink.pdf></home/henri/stuff/japanese/kanji/chap19/yellow.pdf
></home/henri/stuff/japanese/kanji/chap19/so_yellow.pdf>]
File: /home/henri/stuff/japanese/kanji/chap19/answer.pdf Graphic file (type pdf)

<use /home/henri/stuff/japanese/kanji/chap19/answer.pdf>
Package luatex.def Info: /home/henri/stuff/japanese/kanji/chap19/answer.pdf  use
d on input line 361.
(luatex.def)             Requested size: 56.90388pt x 56.90388pt.
File: /home/henri/stuff/japanese/kanji/chap19/so_answer.pdf Graphic file (type p
df)
<use /home/henri/stuff/japanese/kanji/chap19/so_answer.pdf>
Package luatex.def Info: /home/henri/stuff/japanese/kanji/chap19/so_answer.pdf  
used on input line 361.
(luatex.def)             Requested size: 56.8991pt x 56.8991pt.

Overfull \hbox (0.81456pt too wide) in alignment at lines 361--361
[][][]
 []


Overfull \hbox (0.81456pt too wide) in alignment at lines 388--388
[][][]
 []

File: /home/henri/stuff/japanese/kanji/chap19/travel.pdf Graphic file (type pdf)

<use /home/henri/stuff/japanese/kanji/chap19/travel.pdf>
Package luatex.def Info: /home/henri/stuff/japanese/kanji/chap19/travel.pdf  use
d on input line 396.
(luatex.def)             Requested size: 56.90388pt x 56.90388pt.
File: /home/henri/stuff/japanese/kanji/chap19/so_travel.pdf Graphic file (type p
df)
<use /home/henri/stuff/japanese/kanji/chap19/so_travel.pdf>
Package luatex.def Info: /home/henri/stuff/japanese/kanji/chap19/so_travel.pdf  
used on input line 396.
(luatex.def)             Requested size: 56.8991pt x 56.8991pt.

Overfull \hbox (0.81456pt too wide) in alignment at lines 396--396
[][][]
 []

[230</home/henri/stuff/japanese/kanji/chap19/answer.pdf></home/henri/stuff/japan
ese/kanji/chap19/so_answer.pdf></home/henri/stuff/japanese/kanji/chap19/travel.p
df></home/henri/stuff/japanese/kanji/chap19/so_travel.pdf>]
File: /home/henri/stuff/japanese/kanji/chap19/dish.pdf Graphic file (type pdf)
<use /home/henri/stuff/japanese/kanji/chap19/dish.pdf>
Package luatex.def Info: /home/henri/stuff/japanese/kanji/chap19/dish.pdf  used 
on input line 432.
(luatex.def)             Requested size: 56.90388pt x 56.90388pt.
File: /home/henri/stuff/japanese/kanji/chap19/so_dish.pdf Graphic file (type pdf
)
<use /home/henri/stuff/japanese/kanji/chap19/so_dish.pdf>
Package luatex.def Info: /home/henri/stuff/japanese/kanji/chap19/so_dish.pdf  us
ed on input line 432.
(luatex.def)             Requested size: 56.8991pt x 56.8991pt.

Overfull \hbox (0.81456pt too wide) in alignment at lines 432--432
[][][]
 []

File: /home/henri/stuff/japanese/kanji/chap19/govern.pdf Graphic file (type pdf)

<use /home/henri/stuff/japanese/kanji/chap19/govern.pdf>
Package luatex.def Info: /home/henri/stuff/japanese/kanji/chap19/govern.pdf  use
d on input line 467.
(luatex.def)             Requested size: 56.90388pt x 56.90388pt.
File: /home/henri/stuff/japanese/kanji/chap19/so_govern.pdf Graphic file (type p
df)
<use /home/henri/stuff/japanese/kanji/chap19/so_govern.pdf>
Package luatex.def Info: /home/henri/stuff/japanese/kanji/chap19/so_govern.pdf  
used on input line 467.
(luatex.def)             Requested size: 56.8991pt x 56.8991pt.

Overfull \hbox (0.81456pt too wide) in alignment at lines 467--467
[][][]
 []


Overfull \hbox (0.81456pt too wide) in alignment at lines 482--482
[][][]
 []

[231</home/henri/stuff/japanese/kanji/chap19/dish.pdf></home/henri/stuff/japanes
e/kanji/chap19/so_dish.pdf></home/henri/stuff/japanese/kanji/chap19/govern.pdf><
/home/henri/stuff/japanese/kanji/chap19/so_govern.pdf>]
File: /home/henri/stuff/japanese/kanji/chap19/confer.pdf Graphic file (type pdf)

<use /home/henri/stuff/japanese/kanji/chap19/confer.pdf>
Package luatex.def Info: /home/henri/stuff/japanese/kanji/chap19/confer.pdf  use
d on input line 507.
(luatex.def)             Requested size: 56.90388pt x 56.90388pt.
File: /home/henri/stuff/japanese/kanji/chap19/so_confer.pdf Graphic file (type p
df)
<use /home/henri/stuff/japanese/kanji/chap19/so_confer.pdf>
Package luatex.def Info: /home/henri/stuff/japanese/kanji/chap19/so_confer.pdf  
used on input line 507.
(luatex.def)             Requested size: 56.8991pt x 56.8991pt.

Overfull \hbox (0.81456pt too wide) in alignment at lines 507--507
[][][]
 []

File: /home/henri/stuff/japanese/kanji/chap19/daytime.pdf Graphic file (type pdf
)
<use /home/henri/stuff/japanese/kanji/chap19/daytime.pdf>
Package luatex.def Info: /home/henri/stuff/japanese/kanji/chap19/daytime.pdf  us
ed on input line 540.
(luatex.def)             Requested size: 56.90388pt x 56.90388pt.
File: /home/henri/stuff/japanese/kanji/chap19/so_daytime.pdf Graphic file (type 
pdf)
<use /home/henri/stuff/japanese/kanji/chap19/so_daytime.pdf>
Package luatex.def Info: /home/henri/stuff/japanese/kanji/chap19/so_daytime.pdf 
 used on input line 540.
(luatex.def)             Requested size: 56.8991pt x 56.8991pt.

Overfull \hbox (0.81456pt too wide) in alignment at lines 540--540
[][][]
 []

[232</home/henri/stuff/japanese/kanji/chap19/confer.pdf></home/henri/stuff/japan
ese/kanji/chap19/so_confer.pdf></home/henri/stuff/japanese/kanji/chap19/daytime.
pdf></home/henri/stuff/japanese/kanji/chap19/so_daytime.pdf>]
File: /home/henri/stuff/japanese/kanji/chap19/produce.pdf Graphic file (type pdf
)
<use /home/henri/stuff/japanese/kanji/chap19/produce.pdf>
Package luatex.def Info: /home/henri/stuff/japanese/kanji/chap19/produce.pdf  us
ed on input line 576.
(luatex.def)             Requested size: 56.90388pt x 56.90388pt.
File: /home/henri/stuff/japanese/kanji/chap19/so_produce.pdf Graphic file (type 
pdf)
<use /home/henri/stuff/japanese/kanji/chap19/so_produce.pdf>
Package luatex.def Info: /home/henri/stuff/japanese/kanji/chap19/so_produce.pdf 
 used on input line 576.
(luatex.def)             Requested size: 56.8991pt x 56.8991pt.

Overfull \hbox (0.81456pt too wide) in alignment at lines 576--576
[][][]
 []


Overfull \hbox (0.81456pt too wide) in alignment at lines 591--591
[][][]
 []


Overfull \hbox (0.81456pt too wide) in alignment at lines 600--600
[][][]
 []

File: /home/henri/stuff/japanese/kanji/chap19/construct.pdf Graphic file (type p
df)
<use /home/henri/stuff/japanese/kanji/chap19/construct.pdf>
Package luatex.def Info: /home/henri/stuff/japanese/kanji/chap19/construct.pdf  
used on input line 616.
(luatex.def)             Requested size: 56.90388pt x 56.90388pt.
File: /home/henri/stuff/japanese/kanji/chap19/so_construct.pdf Graphic file (typ
e pdf)
<use /home/henri/stuff/japanese/kanji/chap19/so_construct.pdf>
Package luatex.def Info: /home/henri/stuff/japanese/kanji/chap19/so_construct.pd
f  used on input line 616.
(luatex.def)             Requested size: 56.8991pt x 56.8991pt.

Overfull \hbox (0.81456pt too wide) in alignment at lines 616--616
[][][]
 []


Overfull \hbox (0.81456pt too wide) in alignment at lines 643--643
[][][]
 []

[233</home/henri/stuff/japanese/kanji/chap19/produce.pdf></home/henri/stuff/japa
nese/kanji/chap19/so_produce.pdf></home/henri/stuff/japanese/kanji/chap19/constr
uct.pdf></home/henri/stuff/japanese/kanji/chap19/so_construct.pdf>]
File: /home/henri/stuff/japanese/kanji/chap19/younger_sister.pdf Graphic file (t
ype pdf)
<use /home/henri/stuff/japanese/kanji/chap19/younger_sister.pdf>
Package luatex.def Info: /home/henri/stuff/japanese/kanji/chap19/younger_sister.
pdf  used on input line 653.
(luatex.def)             Requested size: 56.90388pt x 56.90388pt.
File: /home/henri/stuff/japanese/kanji/chap19/so_younger_sister.pdf Graphic file
 (type pdf)
<use /home/henri/stuff/japanese/kanji/chap19/so_younger_sister.pdf>
Package luatex.def Info: /home/henri/stuff/japanese/kanji/chap19/so_younger_sist
er.pdf  used on input line 653.
(luatex.def)             Requested size: 56.8991pt x 56.8991pt.

Overfull \hbox (0.81456pt too wide) in alignment at lines 653--653
[][][]
 []

File: /home/henri/stuff/japanese/kanji/chap19/pond.pdf Graphic file (type pdf)
<use /home/henri/stuff/japanese/kanji/chap19/pond.pdf>
Package luatex.def Info: /home/henri/stuff/japanese/kanji/chap19/pond.pdf  used 
on input line 686.
(luatex.def)             Requested size: 56.90388pt x 56.90388pt.
File: /home/henri/stuff/japanese/kanji/chap19/so_pond.pdf Graphic file (type pdf
)
<use /home/henri/stuff/japanese/kanji/chap19/so_pond.pdf>
Package luatex.def Info: /home/henri/stuff/japanese/kanji/chap19/so_pond.pdf  us
ed on input line 686.
(luatex.def)             Requested size: 56.8991pt x 56.8991pt.

Overfull \hbox (0.81456pt too wide) in alignment at lines 686--686
[][][]
 []

[234</home/henri/stuff/japanese/kanji/chap19/younger_sister.pdf></home/henri/stu
ff/japanese/kanji/chap19/so_younger_sister.pdf></home/henri/stuff/japanese/kanji
/chap19/pond.pdf></home/henri/stuff/japanese/kanji/chap19/so_pond.pdf>]
File: /home/henri/stuff/japanese/kanji/chap19/regulation.pdf Graphic file (type 
pdf)
<use /home/henri/stuff/japanese/kanji/chap19/regulation.pdf>
Package luatex.def Info: /home/henri/stuff/japanese/kanji/chap19/regulation.pdf 
 used on input line 721.
(luatex.def)             Requested size: 56.90388pt x 56.90388pt.
File: /home/henri/stuff/japanese/kanji/chap19/so_regulation.pdf Graphic file (ty
pe pdf)
<use /home/henri/stuff/japanese/kanji/chap19/so_regulation.pdf>
Package luatex.def Info: /home/henri/stuff/japanese/kanji/chap19/so_regulation.p
df  used on input line 721.
(luatex.def)             Requested size: 56.8991pt x 56.8991pt.

Overfull \hbox (0.81456pt too wide) in alignment at lines 721--721
[][][]
 []

File: /home/henri/stuff/japanese/kanji/chap19/transport.pdf Graphic file (type p
df)
<use /home/henri/stuff/japanese/kanji/chap19/transport.pdf>
Package luatex.def Info: /home/henri/stuff/japanese/kanji/chap19/transport.pdf  
used on input line 756.
(luatex.def)             Requested size: 56.90388pt x 56.90388pt.
File: /home/henri/stuff/japanese/kanji/chap19/so_transport.pdf Graphic file (typ
e pdf)
<use /home/henri/stuff/japanese/kanji/chap19/so_transport.pdf>
Package luatex.def Info: /home/henri/stuff/japanese/kanji/chap19/so_transport.pd
f  used on input line 756.
(luatex.def)             Requested size: 56.8991pt x 56.8991pt.

Overfull \hbox (0.81456pt too wide) in alignment at lines 756--756
[][][]
 []

[235</home/henri/stuff/japanese/kanji/chap19/regulation.pdf></home/henri/stuff/j
apanese/kanji/chap19/so_regulation.pdf></home/henri/stuff/japanese/kanji/chap19/
transport.pdf></home/henri/stuff/japanese/kanji/chap19/so_transport.pdf>]
File: /home/henri/stuff/japanese/kanji/chap19/mechanism.pdf Graphic file (type p
df)
<use /home/henri/stuff/japanese/kanji/chap19/mechanism.pdf>
Package luatex.def Info: /home/henri/stuff/japanese/kanji/chap19/mechanism.pdf  
used on input line 794.
(luatex.def)             Requested size: 56.90388pt x 56.90388pt.
File: /home/henri/stuff/japanese/kanji/chap19/so_mechanism.pdf Graphic file (typ
e pdf)
<use /home/henri/stuff/japanese/kanji/chap19/so_mechanism.pdf>
Package luatex.def Info: /home/henri/stuff/japanese/kanji/chap19/so_mechanism.pd
f  used on input line 794.
(luatex.def)             Requested size: 56.8991pt x 56.8991pt.

Overfull \hbox (0.81456pt too wide) in alignment at lines 794--794
[][][]
 []

File: /home/henri/stuff/japanese/kanji/chap19/strong.pdf Graphic file (type pdf)

<use /home/henri/stuff/japanese/kanji/chap19/strong.pdf>
Package luatex.def Info: /home/henri/stuff/japanese/kanji/chap19/strong.pdf  use
d on input line 828.
(luatex.def)             Requested size: 56.90388pt x 56.90388pt.
File: /home/henri/stuff/japanese/kanji/chap19/so_strong.pdf Graphic file (type p
df)
<use /home/henri/stuff/japanese/kanji/chap19/so_strong.pdf>
Package luatex.def Info: /home/henri/stuff/japanese/kanji/chap19/so_strong.pdf  
used on input line 828.
(luatex.def)             Requested size: 56.8991pt x 56.8991pt.

Overfull \hbox (0.81456pt too wide) in alignment at lines 828--828
[][][]
 []

[236</home/henri/stuff/japanese/kanji/chap19/mechanism.pdf></home/henri/stuff/ja
panese/kanji/chap19/so_mechanism.pdf></home/henri/stuff/japanese/kanji/chap19/st
rong.pdf></home/henri/stuff/japanese/kanji/chap19/so_strong.pdf>]
File: /home/henri/stuff/japanese/kanji/chap19/shine.pdf Graphic file (type pdf)
<use /home/henri/stuff/japanese/kanji/chap19/shine.pdf>
Package luatex.def Info: /home/henri/stuff/japanese/kanji/chap19/shine.pdf  used
 on input line 866.
(luatex.def)             Requested size: 56.90388pt x 56.90388pt.
File: /home/henri/stuff/japanese/kanji/chap19/so_shine.pdf Graphic file (type pd
f)
<use /home/henri/stuff/japanese/kanji/chap19/so_shine.pdf>
Package luatex.def Info: /home/henri/stuff/japanese/kanji/chap19/so_shine.pdf  u
sed on input line 866.
(luatex.def)             Requested size: 56.8991pt x 56.8991pt.

Overfull \hbox (0.81456pt too wide) in alignment at lines 866--866
[][][]
 []

File: /home/henri/stuff/japanese/kanji/chap19/difficult.pdf Graphic file (type p
df)
<use /home/henri/stuff/japanese/kanji/chap19/difficult.pdf>
Package luatex.def Info: /home/henri/stuff/japanese/kanji/chap19/difficult.pdf  
used on input line 900.
(luatex.def)             Requested size: 56.90388pt x 56.90388pt.
File: /home/henri/stuff/japanese/kanji/chap19/so_difficult.pdf Graphic file (typ
e pdf)
<use /home/henri/stuff/japanese/kanji/chap19/so_difficult.pdf>
Package luatex.def Info: /home/henri/stuff/japanese/kanji/chap19/so_difficult.pd
f  used on input line 900.
(luatex.def)             Requested size: 56.8991pt x 56.8991pt.

Overfull \hbox (0.81456pt too wide) in alignment at lines 900--900
[][][]
 []


Overfull \hbox (0.81456pt too wide) in alignment at lines 916--916
[][][]
 []

[237</home/henri/stuff/japanese/kanji/chap19/shine.pdf></home/henri/stuff/japane
se/kanji/chap19/so_shine.pdf></home/henri/stuff/japanese/kanji/chap19/difficult.
pdf></home/henri/stuff/japanese/kanji/chap19/so_difficult.pdf>]
File: /home/henri/stuff/japanese/kanji/chap19/company.pdf Graphic file (type pdf
)
<use /home/henri/stuff/japanese/kanji/chap19/company.pdf>
Package luatex.def Info: /home/henri/stuff/japanese/kanji/chap19/company.pdf  us
ed on input line 943.
(luatex.def)             Requested size: 56.90388pt x 56.90388pt.
File: /home/henri/stuff/japanese/kanji/chap19/so_company.pdf Graphic file (type 
pdf)
<use /home/henri/stuff/japanese/kanji/chap19/so_company.pdf>
Package luatex.def Info: /home/henri/stuff/japanese/kanji/chap19/so_company.pdf 
 used on input line 943.
(luatex.def)             Requested size: 56.8991pt x 56.8991pt.

Overfull \hbox (0.81456pt too wide) in alignment at lines 943--943
[][][]
 []


Overfull \hbox (0.81456pt too wide) in alignment at lines 970--970
[][][]
 []

File: /home/henri/stuff/japanese/kanji/chap19/laugh.pdf Graphic file (type pdf)
<use /home/henri/stuff/japanese/kanji/chap19/laugh.pdf>
Package luatex.def Info: /home/henri/stuff/japanese/kanji/chap19/laugh.pdf  used
 on input line 978.
(luatex.def)             Requested size: 56.90388pt x 56.90388pt.
File: /home/henri/stuff/japanese/kanji/chap19/so_laugh.pdf Graphic file (type pd
f)
<use /home/henri/stuff/japanese/kanji/chap19/so_laugh.pdf>
Package luatex.def Info: /home/henri/stuff/japanese/kanji/chap19/so_laugh.pdf  u
sed on input line 978.
(luatex.def)             Requested size: 56.8991pt x 56.8991pt.

Overfull \hbox (0.81456pt too wide) in alignment at lines 978--978
[][][]
 []

[238</home/henri/stuff/japanese/kanji/chap19/company.pdf></home/henri/stuff/japa
nese/kanji/chap19/so_company.pdf></home/henri/stuff/japanese/kanji/chap19/laugh.
pdf></home/henri/stuff/japanese/kanji/chap19/so_laugh.pdf>]
File: /home/henri/stuff/japanese/kanji/chap19/test.pdf Graphic file (type pdf)
<use /home/henri/stuff/japanese/kanji/chap19/test.pdf>
Package luatex.def Info: /home/henri/stuff/japanese/kanji/chap19/test.pdf  used 
on input line 1014.
(luatex.def)             Requested size: 56.90388pt x 56.90388pt.
File: /home/henri/stuff/japanese/kanji/chap19/so_test.pdf Graphic file (type pdf
)
<use /home/henri/stuff/japanese/kanji/chap19/so_test.pdf>
Package luatex.def Info: /home/henri/stuff/japanese/kanji/chap19/so_test.pdf  us
ed on input line 1014.
(luatex.def)             Requested size: 56.8991pt x 56.8991pt.

Overfull \hbox (0.81456pt too wide) in alignment at lines 1014--1014
[][][]
 []

File: /home/henri/stuff/japanese/kanji/chap19/history.pdf Graphic file (type pdf
)
<use /home/henri/stuff/japanese/kanji/chap19/history.pdf>
Package luatex.def Info: /home/henri/stuff/japanese/kanji/chap19/history.pdf  us
ed on input line 1049.
(luatex.def)             Requested size: 56.90388pt x 56.90388pt.
File: /home/henri/stuff/japanese/kanji/chap19/so_history.pdf Graphic file (type 
pdf)
<use /home/henri/stuff/japanese/kanji/chap19/so_history.pdf>
Package luatex.def Info: /home/henri/stuff/japanese/kanji/chap19/so_history.pdf 
 used on input line 1049.
(luatex.def)             Requested size: 56.8991pt x 56.8991pt.

Overfull \hbox (0.81456pt too wide) in alignment at lines 1049--1049
[][][]
 []


Overfull \hbox (0.81456pt too wide) in alignment at lines 1076--1076
[][][]
 []

) [239</home/henri/stuff/japanese/kanji/chap19/test.pdf></home/henri/stuff/japan
ese/kanji/chap19/so_test.pdf></home/henri/stuff/japanese/kanji/chap19/history.pd
f></home/henri/stuff/japanese/kanji/chap19/so_history.pdf>] [240

]
第 20 章
(./chap20.tex
File: /home/henri/stuff/japanese/kanji/chap20/floor.pdf Graphic file (type pdf)
<use /home/henri/stuff/japanese/kanji/chap20/floor.pdf>
Package luatex.def Info: /home/henri/stuff/japanese/kanji/chap20/floor.pdf  used
 on input line 7.
(luatex.def)             Requested size: 56.90388pt x 56.90388pt.
File: /home/henri/stuff/japanese/kanji/chap20/so_floor.pdf Graphic file (type pd
f)
<use /home/henri/stuff/japanese/kanji/chap20/so_floor.pdf>
Package luatex.def Info: /home/henri/stuff/japanese/kanji/chap20/so_floor.pdf  u
sed on input line 7.
(luatex.def)             Requested size: 56.8991pt x 56.8991pt.

Overfull \hbox (0.81456pt too wide) in alignment at lines 7--7
[][][]
 []

File: /home/henri/stuff/japanese/kanji/chap20/point.pdf Graphic file (type pdf)
<use /home/henri/stuff/japanese/kanji/chap20/point.pdf>
Package luatex.def Info: /home/henri/stuff/japanese/kanji/chap20/point.pdf  used
 on input line 41.
(luatex.def)             Requested size: 56.90388pt x 56.90388pt.
File: /home/henri/stuff/japanese/kanji/chap20/so_point.pdf Graphic file (type pd
f)
<use /home/henri/stuff/japanese/kanji/chap20/so_point.pdf>
Package luatex.def Info: /home/henri/stuff/japanese/kanji/chap20/so_point.pdf  u
sed on input line 41.
(luatex.def)             Requested size: 56.8991pt x 56.8991pt.

Overfull \hbox (0.81456pt too wide) in alignment at lines 41--41
[][][]
 []

[241</home/henri/stuff/japanese/kanji/chap20/floor.pdf></home/henri/stuff/japane
se/kanji/chap20/so_floor.pdf></home/henri/stuff/japanese/kanji/chap20/point.pdf>
</home/henri/stuff/japanese/kanji/chap20/so_point.pdf>]
File: /home/henri/stuff/japanese/kanji/chap20/official.pdf Graphic file (type pd
f)
<use /home/henri/stuff/japanese/kanji/chap20/official.pdf>
Package luatex.def Info: /home/henri/stuff/japanese/kanji/chap20/official.pdf  u
sed on input line 77.
(luatex.def)             Requested size: 56.90388pt x 56.90388pt.
File: /home/henri/stuff/japanese/kanji/chap20/so_official.pdf Graphic file (type
 pdf)
<use /home/henri/stuff/japanese/kanji/chap20/so_official.pdf>
Package luatex.def Info: /home/henri/stuff/japanese/kanji/chap20/so_official.pdf
  used on input line 77.
(luatex.def)             Requested size: 56.8991pt x 56.8991pt.

Overfull \hbox (0.81456pt too wide) in alignment at lines 77--77
[][][]
 []


Overfull \hbox (0.81456pt too wide) in alignment at lines 104--104
[][][]
 []

File: /home/henri/stuff/japanese/kanji/chap20/feather.pdf Graphic file (type pdf
)
<use /home/henri/stuff/japanese/kanji/chap20/feather.pdf>
Package luatex.def Info: /home/henri/stuff/japanese/kanji/chap20/feather.pdf  us
ed on input line 113.
(luatex.def)             Requested size: 56.90388pt x 56.90388pt.
File: /home/henri/stuff/japanese/kanji/chap20/so_feather.pdf Graphic file (type 
pdf)
<use /home/henri/stuff/japanese/kanji/chap20/so_feather.pdf>
Package luatex.def Info: /home/henri/stuff/japanese/kanji/chap20/so_feather.pdf 
 used on input line 113.
(luatex.def)             Requested size: 56.8991pt x 56.8991pt.

Overfull \hbox (0.81456pt too wide) in alignment at lines 113--113
[][][]
 []


Overfull \hbox (0.81456pt too wide) in alignment at lines 128--128
[][][]
 []


Overfull \hbox (0.81456pt too wide) in alignment at lines 140--140
[][][]
 []

[242</home/henri/stuff/japanese/kanji/chap20/official.pdf></home/henri/stuff/jap
anese/kanji/chap20/so_official.pdf></home/henri/stuff/japanese/kanji/chap20/feat
her.pdf></home/henri/stuff/japanese/kanji/chap20/so_feather.pdf>]
File: /home/henri/stuff/japanese/kanji/chap20/warm.pdf Graphic file (type pdf)
<use /home/henri/stuff/japanese/kanji/chap20/warm.pdf>
Package luatex.def Info: /home/henri/stuff/japanese/kanji/chap20/warm.pdf  used 
on input line 150.
(luatex.def)             Requested size: 56.90388pt x 56.90388pt.
File: /home/henri/stuff/japanese/kanji/chap20/so_warm.pdf Graphic file (type pdf
)
<use /home/henri/stuff/japanese/kanji/chap20/so_warm.pdf>
Package luatex.def Info: /home/henri/stuff/japanese/kanji/chap20/so_warm.pdf  us
ed on input line 150.
(luatex.def)             Requested size: 56.8991pt x 56.8991pt.

Overfull \hbox (0.81456pt too wide) in alignment at lines 150--150
[][][]
 []

File: /home/henri/stuff/japanese/kanji/chap20/cold.pdf Graphic file (type pdf)
<use /home/henri/stuff/japanese/kanji/chap20/cold.pdf>
Package luatex.def Info: /home/henri/stuff/japanese/kanji/chap20/cold.pdf  used 
on input line 184.
(luatex.def)             Requested size: 56.90388pt x 56.90388pt.
File: /home/henri/stuff/japanese/kanji/chap20/so_cold.pdf Graphic file (type pdf
)
<use /home/henri/stuff/japanese/kanji/chap20/so_cold.pdf>
Package luatex.def Info: /home/henri/stuff/japanese/kanji/chap20/so_cold.pdf  us
ed on input line 184.
(luatex.def)             Requested size: 56.8991pt x 56.8991pt.

Overfull \hbox (0.81456pt too wide) in alignment at lines 184--184
[][][]
 []


Overfull \hbox (1.37975pt too wide) in paragraph at lines 211--211
 []| 
 []


Overfull \hbox (0.81456pt too wide) in alignment at lines 211--211
[][][]
 []

[243</home/henri/stuff/japanese/kanji/chap20/warm.pdf></home/henri/stuff/japanes
e/kanji/chap20/so_warm.pdf></home/henri/stuff/japanese/kanji/chap20/cold.pdf></h
ome/henri/stuff/japanese/kanji/chap20/so_cold.pdf>]
File: /home/henri/stuff/japanese/kanji/chap20/diligence.pdf Graphic file (type p
df)
<use /home/henri/stuff/japanese/kanji/chap20/diligence.pdf>
Package luatex.def Info: /home/henri/stuff/japanese/kanji/chap20/diligence.pdf  
used on input line 222.
(luatex.def)             Requested size: 56.90388pt x 56.90388pt.
File: /home/henri/stuff/japanese/kanji/chap20/so_diligence.pdf Graphic file (typ
e pdf)
<use /home/henri/stuff/japanese/kanji/chap20/so_diligence.pdf>
Package luatex.def Info: /home/henri/stuff/japanese/kanji/chap20/so_diligence.pd
f  used on input line 222.
(luatex.def)             Requested size: 56.8991pt x 56.8991pt.

Overfull \hbox (0.81456pt too wide) in alignment at lines 222--222
[][][]
 []

File: /home/henri/stuff/japanese/kanji/chap20/technique.pdf Graphic file (type p
df)
<use /home/henri/stuff/japanese/kanji/chap20/technique.pdf>
Package luatex.def Info: /home/henri/stuff/japanese/kanji/chap20/technique.pdf  
used on input line 256.
(luatex.def)             Requested size: 56.90388pt x 56.90388pt.
File: /home/henri/stuff/japanese/kanji/chap20/so_technique.pdf Graphic file (typ
e pdf)
<use /home/henri/stuff/japanese/kanji/chap20/so_technique.pdf>
Package luatex.def Info: /home/henri/stuff/japanese/kanji/chap20/so_technique.pd
f  used on input line 256.
(luatex.def)             Requested size: 56.8991pt x 56.8991pt.

Overfull \hbox (0.81456pt too wide) in alignment at lines 256--256
[][][]
 []

[244</home/henri/stuff/japanese/kanji/chap20/diligence.pdf></home/henri/stuff/ja
panese/kanji/chap20/so_diligence.pdf></home/henri/stuff/japanese/kanji/chap20/te
chnique.pdf></home/henri/stuff/japanese/kanji/chap20/so_technique.pdf>]
File: /home/henri/stuff/japanese/kanji/chap20/personal.pdf Graphic file (type pd
f)
<use /home/henri/stuff/japanese/kanji/chap20/personal.pdf>
Package luatex.def Info: /home/henri/stuff/japanese/kanji/chap20/personal.pdf  u
sed on input line 293.
(luatex.def)             Requested size: 56.90388pt x 56.90388pt.
File: /home/henri/stuff/japanese/kanji/chap20/so_personal.pdf Graphic file (type
 pdf)
<use /home/henri/stuff/japanese/kanji/chap20/so_personal.pdf>
Package luatex.def Info: /home/henri/stuff/japanese/kanji/chap20/so_personal.pdf
  used on input line 293.
(luatex.def)             Requested size: 56.8991pt x 56.8991pt.

Overfull \hbox (0.81456pt too wide) in alignment at lines 293--293
[][][]
 []


Overfull \hbox (0.81456pt too wide) in alignment at lines 308--308
[][][]
 []

File: /home/henri/stuff/japanese/kanji/chap20/beginning.pdf Graphic file (type p
df)
<use /home/henri/stuff/japanese/kanji/chap20/beginning.pdf>
Package luatex.def Info: /home/henri/stuff/japanese/kanji/chap20/beginning.pdf  
used on input line 328.
(luatex.def)             Requested size: 56.90388pt x 56.90388pt.
File: /home/henri/stuff/japanese/kanji/chap20/so_beginning.pdf Graphic file (typ
e pdf)
<use /home/henri/stuff/japanese/kanji/chap20/so_beginning.pdf>
Package luatex.def Info: /home/henri/stuff/japanese/kanji/chap20/so_beginning.pd
f  used on input line 328.
(luatex.def)             Requested size: 56.8991pt x 56.8991pt.

Overfull \hbox (0.81456pt too wide) in alignment at lines 328--328
[][][]
 []


Overfull \hbox (0.81456pt too wide) in alignment at lines 343--343
[][][]
 []

[245</home/henri/stuff/japanese/kanji/chap20/personal.pdf></home/henri/stuff/jap
anese/kanji/chap20/so_personal.pdf></home/henri/stuff/japanese/kanji/chap20/begi
nning.pdf></home/henri/stuff/japanese/kanji/chap20/so_beginning.pdf>]
File: /home/henri/stuff/japanese/kanji/chap20/distress.pdf Graphic file (type pd
f)
<use /home/henri/stuff/japanese/kanji/chap20/distress.pdf>
Package luatex.def Info: /home/henri/stuff/japanese/kanji/chap20/distress.pdf  u
sed on input line 365.
(luatex.def)             Requested size: 56.90388pt x 56.90388pt.
File: /home/henri/stuff/japanese/kanji/chap20/so_distress.pdf Graphic file (type
 pdf)
<use /home/henri/stuff/japanese/kanji/chap20/so_distress.pdf>
Package luatex.def Info: /home/henri/stuff/japanese/kanji/chap20/so_distress.pdf
  used on input line 365.
(luatex.def)             Requested size: 56.8991pt x 56.8991pt.

Overfull \hbox (0.81456pt too wide) in alignment at lines 365--365
[][][]
 []

File: /home/henri/stuff/japanese/kanji/chap20/put.pdf Graphic file (type pdf)
<use /home/henri/stuff/japanese/kanji/chap20/put.pdf>
Package luatex.def Info: /home/henri/stuff/japanese/kanji/chap20/put.pdf  used o
n input line 399.
(luatex.def)             Requested size: 56.90388pt x 56.90388pt.
File: /home/henri/stuff/japanese/kanji/chap20/so_put.pdf Graphic file (type pdf)

<use /home/henri/stuff/japanese/kanji/chap20/so_put.pdf>
Package luatex.def Info: /home/henri/stuff/japanese/kanji/chap20/so_put.pdf  use
d on input line 399.
(luatex.def)             Requested size: 56.8991pt x 56.8991pt.

Overfull \hbox (0.81456pt too wide) in alignment at lines 399--399
[][][]
 []


Overfull \hbox (0.81456pt too wide) in alignment at lines 414--414
[][][]
 []


Overfull \hbox (0.81456pt too wide) in alignment at lines 427--427
[][][]
 []

[246</home/henri/stuff/japanese/kanji/chap20/distress.pdf></home/henri/stuff/jap
anese/kanji/chap20/so_distress.pdf></home/henri/stuff/japanese/kanji/chap20/put.
pdf></home/henri/stuff/japanese/kanji/chap20/so_put.pdf>]
File: /home/henri/stuff/japanese/kanji/chap20/solo.pdf Graphic file (type pdf)
<use /home/henri/stuff/japanese/kanji/chap20/solo.pdf>
Package luatex.def Info: /home/henri/stuff/japanese/kanji/chap20/solo.pdf  used 
on input line 437.
(luatex.def)             Requested size: 56.90388pt x 56.90388pt.
File: /home/henri/stuff/japanese/kanji/chap20/so_solo.pdf Graphic file (type pdf
)
<use /home/henri/stuff/japanese/kanji/chap20/so_solo.pdf>
Package luatex.def Info: /home/henri/stuff/japanese/kanji/chap20/so_solo.pdf  us
ed on input line 437.
(luatex.def)             Requested size: 56.8991pt x 56.8991pt.

Overfull \hbox (0.81456pt too wide) in alignment at lines 437--437
[][][]
 []

File: /home/henri/stuff/japanese/kanji/chap20/become.pdf Graphic file (type pdf)

<use /home/henri/stuff/japanese/kanji/chap20/become.pdf>
Package luatex.def Info: /home/henri/stuff/japanese/kanji/chap20/become.pdf  use
d on input line 472.
(luatex.def)             Requested size: 56.90388pt x 56.90388pt.
File: /home/henri/stuff/japanese/kanji/chap20/so_become.pdf Graphic file (type p
df)
<use /home/henri/stuff/japanese/kanji/chap20/so_become.pdf>
Package luatex.def Info: /home/henri/stuff/japanese/kanji/chap20/so_become.pdf  
used on input line 472.
(luatex.def)             Requested size: 56.8991pt x 56.8991pt.

Overfull \hbox (0.81456pt too wide) in alignment at lines 472--472
[][][]
 []


Overfull \hbox (0.81456pt too wide) in alignment at lines 487--487
[][][]
 []

[247</home/henri/stuff/japanese/kanji/chap20/solo.pdf></home/henri/stuff/japanes
e/kanji/chap20/so_solo.pdf></home/henri/stuff/japanese/kanji/chap20/become.pdf><
/home/henri/stuff/japanese/kanji/chap20/so_become.pdf>]
File: /home/henri/stuff/japanese/kanji/chap20/work.pdf Graphic file (type pdf)
<use /home/henri/stuff/japanese/kanji/chap20/work.pdf>
Package luatex.def Info: /home/henri/stuff/japanese/kanji/chap20/work.pdf  used 
on input line 509.
(luatex.def)             Requested size: 56.90388pt x 56.90388pt.
File: /home/henri/stuff/japanese/kanji/chap20/so_work.pdf Graphic file (type pdf
)
<use /home/henri/stuff/japanese/kanji/chap20/so_work.pdf>
Package luatex.def Info: /home/henri/stuff/japanese/kanji/chap20/so_work.pdf  us
ed on input line 509.
(luatex.def)             Requested size: 56.8991pt x 56.8991pt.

Overfull \hbox (0.81456pt too wide) in alignment at lines 509--509
[][][]
 []

File: /home/henri/stuff/japanese/kanji/chap20/hall.pdf Graphic file (type pdf)
<use /home/henri/stuff/japanese/kanji/chap20/hall.pdf>
Package luatex.def Info: /home/henri/stuff/japanese/kanji/chap20/hall.pdf  used 
on input line 542.
(luatex.def)             Requested size: 56.90388pt x 56.90388pt.
File: /home/henri/stuff/japanese/kanji/chap20/so_hall.pdf Graphic file (type pdf
)
<use /home/henri/stuff/japanese/kanji/chap20/so_hall.pdf>
Package luatex.def Info: /home/henri/stuff/japanese/kanji/chap20/so_hall.pdf  us
ed on input line 542.
(luatex.def)             Requested size: 56.8991pt x 56.8991pt.

Overfull \hbox (0.81456pt too wide) in alignment at lines 542--542
[][][]
 []

[248</home/henri/stuff/japanese/kanji/chap20/work.pdf></home/henri/stuff/japanes
e/kanji/chap20/so_work.pdf></home/henri/stuff/japanese/kanji/chap20/hall.pdf></h
ome/henri/stuff/japanese/kanji/chap20/so_hall.pdf>]
File: /home/henri/stuff/japanese/kanji/chap20/association.pdf Graphic file (type
 pdf)
<use /home/henri/stuff/japanese/kanji/chap20/association.pdf>
Package luatex.def Info: /home/henri/stuff/japanese/kanji/chap20/association.pdf
  used on input line 577.
(luatex.def)             Requested size: 56.90388pt x 56.90388pt.
File: /home/henri/stuff/japanese/kanji/chap20/so_association.pdf Graphic file (t
ype pdf)
<use /home/henri/stuff/japanese/kanji/chap20/so_association.pdf>
Package luatex.def Info: /home/henri/stuff/japanese/kanji/chap20/so_association.
pdf  used on input line 577.
(luatex.def)             Requested size: 56.8991pt x 56.8991pt.

Overfull \hbox (0.81456pt too wide) in alignment at lines 577--577
[][][]
 []


Overfull \hbox (0.81456pt too wide) in alignment at lines 592--592
[][][]
 []


Overfull \hbox (0.81456pt too wide) in alignment at lines 605--605
[][][]
 []

File: /home/henri/stuff/japanese/kanji/chap20/arise.pdf Graphic file (type pdf)
<use /home/henri/stuff/japanese/kanji/chap20/arise.pdf>
Package luatex.def Info: /home/henri/stuff/japanese/kanji/chap20/arise.pdf  used
 on input line 614.
(luatex.def)             Requested size: 56.90388pt x 56.90388pt.
File: /home/henri/stuff/japanese/kanji/chap20/so_arise.pdf Graphic file (type pd
f)
<use /home/henri/stuff/japanese/kanji/chap20/so_arise.pdf>
Package luatex.def Info: /home/henri/stuff/japanese/kanji/chap20/so_arise.pdf  u
sed on input line 614.
(luatex.def)             Requested size: 56.8991pt x 56.8991pt.

Overfull \hbox (0.81456pt too wide) in alignment at lines 614--614
[][][]
 []


Overfull \hbox (0.81456pt too wide) in alignment at lines 642--642
[][][]
 []

[249</home/henri/stuff/japanese/kanji/chap20/association.pdf></home/henri/stuff/
japanese/kanji/chap20/so_association.pdf></home/henri/stuff/japanese/kanji/chap2
0/arise.pdf></home/henri/stuff/japanese/kanji/chap20/so_arise.pdf>]
File: /home/henri/stuff/japanese/kanji/chap20/dispute.pdf Graphic file (type pdf
)
<use /home/henri/stuff/japanese/kanji/chap20/dispute.pdf>
Package luatex.def Info: /home/henri/stuff/japanese/kanji/chap20/dispute.pdf  us
ed on input line 652.
(luatex.def)             Requested size: 56.90388pt x 56.90388pt.
File: /home/henri/stuff/japanese/kanji/chap20/so_dispute.pdf Graphic file (type 
pdf)
<use /home/henri/stuff/japanese/kanji/chap20/so_dispute.pdf>
Package luatex.def Info: /home/henri/stuff/japanese/kanji/chap20/so_dispute.pdf 
 used on input line 652.
(luatex.def)             Requested size: 56.8991pt x 56.8991pt.

Overfull \hbox (0.81456pt too wide) in alignment at lines 652--652
[][][]
 []

File: /home/henri/stuff/japanese/kanji/chap20/wind.pdf Graphic file (type pdf)
<use /home/henri/stuff/japanese/kanji/chap20/wind.pdf>
Package luatex.def Info: /home/henri/stuff/japanese/kanji/chap20/wind.pdf  used 
on input line 687.
(luatex.def)             Requested size: 56.90388pt x 56.90388pt.
File: /home/henri/stuff/japanese/kanji/chap20/so_wind.pdf Graphic file (type pdf
)
<use /home/henri/stuff/japanese/kanji/chap20/so_wind.pdf>
Package luatex.def Info: /home/henri/stuff/japanese/kanji/chap20/so_wind.pdf  us
ed on input line 687.
(luatex.def)             Requested size: 56.8991pt x 56.8991pt.

Overfull \hbox (0.81456pt too wide) in alignment at lines 687--687
[][][]
 []


Overfull \hbox (0.81456pt too wide) in alignment at lines 704--704
[][][]
 []

[250</home/henri/stuff/japanese/kanji/chap20/dispute.pdf></home/henri/stuff/japa
nese/kanji/chap20/so_dispute.pdf></home/henri/stuff/japanese/kanji/chap20/wind.p
df></home/henri/stuff/japanese/kanji/chap20/so_wind.pdf>]
File: /home/henri/stuff/japanese/kanji/chap20/pain.pdf Graphic file (type pdf)
<use /home/henri/stuff/japanese/kanji/chap20/pain.pdf>
Package luatex.def Info: /home/henri/stuff/japanese/kanji/chap20/pain.pdf  used 
on input line 727.
(luatex.def)             Requested size: 56.90388pt x 56.90388pt.
File: /home/henri/stuff/japanese/kanji/chap20/so_pain.pdf Graphic file (type pdf
)
<use /home/henri/stuff/japanese/kanji/chap20/so_pain.pdf>
Package luatex.def Info: /home/henri/stuff/japanese/kanji/chap20/so_pain.pdf  us
ed on input line 727.
(luatex.def)             Requested size: 56.8991pt x 56.8991pt.

Overfull \hbox (0.81456pt too wide) in alignment at lines 727--727
[][][]
 []


Overfull \hbox (0.81456pt too wide) in alignment at lines 754--754
[][][]
 []

File: /home/henri/stuff/japanese/kanji/chap20/officer.pdf Graphic file (type pdf
)
<use /home/henri/stuff/japanese/kanji/chap20/officer.pdf>
Package luatex.def Info: /home/henri/stuff/japanese/kanji/chap20/officer.pdf  us
ed on input line 763.
(luatex.def)             Requested size: 56.90388pt x 56.90388pt.
File: /home/henri/stuff/japanese/kanji/chap20/so_officer.pdf Graphic file (type 
pdf)
<use /home/henri/stuff/japanese/kanji/chap20/so_officer.pdf>
Package luatex.def Info: /home/henri/stuff/japanese/kanji/chap20/so_officer.pdf 
 used on input line 763.
(luatex.def)             Requested size: 56.8991pt x 56.8991pt.

Overfull \hbox (0.81456pt too wide) in alignment at lines 763--763
[][][]
 []

[251</home/henri/stuff/japanese/kanji/chap20/pain.pdf></home/henri/stuff/japanes
e/kanji/chap20/so_pain.pdf></home/henri/stuff/japanese/kanji/chap20/officer.pdf>
</home/henri/stuff/japanese/kanji/chap20/so_officer.pdf>]
File: /home/henri/stuff/japanese/kanji/chap20/sleep.pdf Graphic file (type pdf)
<use /home/henri/stuff/japanese/kanji/chap20/sleep.pdf>
Package luatex.def Info: /home/henri/stuff/japanese/kanji/chap20/sleep.pdf  used
 on input line 797.
(luatex.def)             Requested size: 56.90388pt x 56.90388pt.
File: /home/henri/stuff/japanese/kanji/chap20/so_sleep.pdf Graphic file (type pd
f)
<use /home/henri/stuff/japanese/kanji/chap20/so_sleep.pdf>
Package luatex.def Info: /home/henri/stuff/japanese/kanji/chap20/so_sleep.pdf  u
sed on input line 797.
(luatex.def)             Requested size: 56.8991pt x 56.8991pt.

Overfull \hbox (0.81456pt too wide) in alignment at lines 797--797
[][][]
 []


Overfull \hbox (0.81456pt too wide) in alignment at lines 812--812
[][][]
 []

File: /home/henri/stuff/japanese/kanji/chap20/checkpoint.pdf Graphic file (type 
pdf)
<use /home/henri/stuff/japanese/kanji/chap20/checkpoint.pdf>
Package luatex.def Info: /home/henri/stuff/japanese/kanji/chap20/checkpoint.pdf 
 used on input line 832.
(luatex.def)             Requested size: 56.90388pt x 56.90388pt.
File: /home/henri/stuff/japanese/kanji/chap20/so_checkpoint.pdf Graphic file (ty
pe pdf)
<use /home/henri/stuff/japanese/kanji/chap20/so_checkpoint.pdf>
Package luatex.def Info: /home/henri/stuff/japanese/kanji/chap20/so_checkpoint.p
df  used on input line 832.
(luatex.def)             Requested size: 56.8991pt x 56.8991pt.

Overfull \hbox (0.81456pt too wide) in alignment at lines 832--832
[][][]
 []

[252</home/henri/stuff/japanese/kanji/chap20/sleep.pdf></home/henri/stuff/japane
se/kanji/chap20/so_sleep.pdf></home/henri/stuff/japanese/kanji/chap20/checkpoint
.pdf></home/henri/stuff/japanese/kanji/chap20/so_checkpoint.pdf>]
File: /home/henri/stuff/japanese/kanji/chap20/side.pdf Graphic file (type pdf)
<use /home/henri/stuff/japanese/kanji/chap20/side.pdf>
Package luatex.def Info: /home/henri/stuff/japanese/kanji/chap20/side.pdf  used 
on input line 868.
(luatex.def)             Requested size: 56.90388pt x 56.90388pt.
File: /home/henri/stuff/japanese/kanji/chap20/so_side.pdf Graphic file (type pdf
)
<use /home/henri/stuff/japanese/kanji/chap20/so_side.pdf>
Package luatex.def Info: /home/henri/stuff/japanese/kanji/chap20/so_side.pdf  us
ed on input line 868.
(luatex.def)             Requested size: 56.8991pt x 56.8991pt.

Overfull \hbox (0.81456pt too wide) in alignment at lines 868--868
[][][]
 []

! Undefined control sequence.
\BODY ... find \comkun {guavas} stuffed in \conom 
                                                  {socks}.\\\hline 
l.886 \end{remprons}
                  
The control sequence at the end of the top line
of your error message was never \def'ed. If you have
misspelled it (e.g., `\hobx'), type `I' and the correct
spelling (e.g., `I\hbox'). Otherwise just continue,
and I'll forget about whatever was undefined.

! Undefined control sequence.
\BODY ... find \comkun {guavas} stuffed in \conom 
                                                  {socks}.\\\hline 
l.886 \end{remprons}
                  
The control sequence at the end of the top line
of your error message was never \def'ed. If you have
misspelled it (e.g., `\hobx'), type `I' and the correct
spelling (e.g., `I\hbox'). Otherwise just continue,
and I'll forget about whatever was undefined.

! Undefined control sequence.
\BODY ... find \comkun {guavas} stuffed in \conom 
                                                  {socks}.\\\hline 
l.886 \end{remprons}
                  
The control sequence at the end of the top line
of your error message was never \def'ed. If you have
misspelled it (e.g., `\hobx'), type `I' and the correct
spelling (e.g., `I\hbox'). Otherwise just continue,
and I'll forget about whatever was undefined.

) [253</home/henri/stuff/japanese/kanji/chap20/side.pdf></home/henri/stuff/japan
ese/kanji/chap20/so_side.pdf>] [254

]
第 21 章
(./chap21.tex
File: /home/henri/stuff/japanese/kanji/chap21/cargo.pdf Graphic file (type pdf)
<use /home/henri/stuff/japanese/kanji/chap21/cargo.pdf>
Package luatex.def Info: /home/henri/stuff/japanese/kanji/chap21/cargo.pdf  used
 on input line 7.
(luatex.def)             Requested size: 56.90388pt x 56.90388pt.
File: /home/henri/stuff/japanese/kanji/chap21/so_cargo.pdf Graphic file (type pd
f)
<use /home/henri/stuff/japanese/kanji/chap21/so_cargo.pdf>
Package luatex.def Info: /home/henri/stuff/japanese/kanji/chap21/so_cargo.pdf  u
sed on input line 7.
(luatex.def)             Requested size: 56.8991pt x 56.8991pt.

Overfull \hbox (0.81456pt too wide) in alignment at lines 7--7
[][][]
 []


Overfull \hbox (0.81456pt too wide) in alignment at lines 22--22
[][][]
 []


Overfull \hbox (0.81456pt too wide) in alignment at lines 35--35
[][][]
 []

File: /home/henri/stuff/japanese/kanji/chap21/port.pdf Graphic file (type pdf)
<use /home/henri/stuff/japanese/kanji/chap21/port.pdf>
Package luatex.def Info: /home/henri/stuff/japanese/kanji/chap21/port.pdf  used 
on input line 43.
(luatex.def)             Requested size: 56.90388pt x 56.90388pt.
File: /home/henri/stuff/japanese/kanji/chap21/so_port.pdf Graphic file (type pdf
)
<use /home/henri/stuff/japanese/kanji/chap21/so_port.pdf>
Package luatex.def Info: /home/henri/stuff/japanese/kanji/chap21/so_port.pdf  us
ed on input line 43.
(luatex.def)             Requested size: 56.8991pt x 56.8991pt.

Overfull \hbox (0.81456pt too wide) in alignment at lines 43--43
[][][]
 []

[255</home/henri/stuff/japanese/kanji/chap21/cargo.pdf></home/henri/stuff/japane
se/kanji/chap21/so_cargo.pdf></home/henri/stuff/japanese/kanji/chap21/port.pdf><
/home/henri/stuff/japanese/kanji/chap21/so_port.pdf>]
File: /home/henri/stuff/japanese/kanji/chap21/hit.pdf Graphic file (type pdf)
<use /home/henri/stuff/japanese/kanji/chap21/hit.pdf>
Package luatex.def Info: /home/henri/stuff/japanese/kanji/chap21/hit.pdf  used o
n input line 79.
(luatex.def)             Requested size: 56.90388pt x 56.90388pt.
File: /home/henri/stuff/japanese/kanji/chap21/so_hit.pdf Graphic file (type pdf)

<use /home/henri/stuff/japanese/kanji/chap21/so_hit.pdf>
Package luatex.def Info: /home/henri/stuff/japanese/kanji/chap21/so_hit.pdf  use
d on input line 79.
(luatex.def)             Requested size: 56.8991pt x 56.8991pt.

Overfull \hbox (0.81456pt too wide) in alignment at lines 79--79
[][][]
 []


Overfull \hbox (0.81456pt too wide) in alignment at lines 94--94
[][][]
 []

File: /home/henri/stuff/japanese/kanji/chap21/row.pdf Graphic file (type pdf)
<use /home/henri/stuff/japanese/kanji/chap21/row.pdf>
Package luatex.def Info: /home/henri/stuff/japanese/kanji/chap21/row.pdf  used o
n input line 114.
(luatex.def)             Requested size: 56.90388pt x 56.90388pt.
File: /home/henri/stuff/japanese/kanji/chap21/so_row.pdf Graphic file (type pdf)

<use /home/henri/stuff/japanese/kanji/chap21/so_row.pdf>
Package luatex.def Info: /home/henri/stuff/japanese/kanji/chap21/so_row.pdf  use
d on input line 114.
(luatex.def)             Requested size: 56.8991pt x 56.8991pt.

Overfull \hbox (0.81456pt too wide) in alignment at lines 114--114
[][][]
 []

[256</home/henri/stuff/japanese/kanji/chap21/hit.pdf></home/henri/stuff/japanese
/kanji/chap21/so_hit.pdf></home/henri/stuff/japanese/kanji/chap21/row.pdf></home
/henri/stuff/japanese/kanji/chap21/so_row.pdf>]
File: /home/henri/stuff/japanese/kanji/chap21/round.pdf Graphic file (type pdf)
<use /home/henri/stuff/japanese/kanji/chap21/round.pdf>
Package luatex.def Info: /home/henri/stuff/japanese/kanji/chap21/round.pdf  used
 on input line 151.
(luatex.def)             Requested size: 56.90388pt x 56.90388pt.
File: /home/henri/stuff/japanese/kanji/chap21/so_round.pdf Graphic file (type pd
f)
<use /home/henri/stuff/japanese/kanji/chap21/so_round.pdf>
Package luatex.def Info: /home/henri/stuff/japanese/kanji/chap21/so_round.pdf  u
sed on input line 151.
(luatex.def)             Requested size: 56.8991pt x 56.8991pt.

Overfull \hbox (0.81456pt too wide) in alignment at lines 151--151
[][][]
 []

File: /home/henri/stuff/japanese/kanji/chap21/manor.pdf Graphic file (type pdf)
<use /home/henri/stuff/japanese/kanji/chap21/manor.pdf>
Package luatex.def Info: /home/henri/stuff/japanese/kanji/chap21/manor.pdf  used
 on input line 185.
(luatex.def)             Requested size: 56.90388pt x 56.90388pt.
File: /home/henri/stuff/japanese/kanji/chap21/so_manor.pdf Graphic file (type pd
f)
<use /home/henri/stuff/japanese/kanji/chap21/so_manor.pdf>
Package luatex.def Info: /home/henri/stuff/japanese/kanji/chap21/so_manor.pdf  u
sed on input line 185.
(luatex.def)             Requested size: 56.8991pt x 56.8991pt.

Overfull \hbox (0.81456pt too wide) in alignment at lines 185--185
[][][]
 []


Overfull \hbox (0.81456pt too wide) in alignment at lines 212--212
[][][]
 []

[257</home/henri/stuff/japanese/kanji/chap21/round.pdf></home/henri/stuff/japane
se/kanji/chap21/so_round.pdf></home/henri/stuff/japanese/kanji/chap21/manor.pdf>
</home/henri/stuff/japanese/kanji/chap21/so_manor.pdf>]
File: /home/henri/stuff/japanese/kanji/chap21/fly.pdf Graphic file (type pdf)
<use /home/henri/stuff/japanese/kanji/chap21/fly.pdf>
Package luatex.def Info: /home/henri/stuff/japanese/kanji/chap21/fly.pdf  used o
n input line 223.
(luatex.def)             Requested size: 56.90388pt x 56.90388pt.
File: /home/henri/stuff/japanese/kanji/chap21/so_fly.pdf Graphic file (type pdf)

<use /home/henri/stuff/japanese/kanji/chap21/so_fly.pdf>
Package luatex.def Info: /home/henri/stuff/japanese/kanji/chap21/so_fly.pdf  use
d on input line 223.
(luatex.def)             Requested size: 56.8991pt x 56.8991pt.

Overfull \hbox (0.81456pt too wide) in alignment at lines 223--223
[][][]
 []


Overfull \hbox (0.81456pt too wide) in alignment at lines 238--238
[][][]
 []


Overfull \hbox (0.81456pt too wide) in alignment at lines 251--251
[][][]
 []

File: /home/henri/stuff/japanese/kanji/chap21/number2.pdf Graphic file (type pdf
)
<use /home/henri/stuff/japanese/kanji/chap21/number2.pdf>
Package luatex.def Info: /home/henri/stuff/japanese/kanji/chap21/number2.pdf  us
ed on input line 260.
(luatex.def)             Requested size: 56.90388pt x 56.90388pt.
File: /home/henri/stuff/japanese/kanji/chap21/so_number2.pdf Graphic file (type 
pdf)
<use /home/henri/stuff/japanese/kanji/chap21/so_number2.pdf>
Package luatex.def Info: /home/henri/stuff/japanese/kanji/chap21/so_number2.pdf 
 used on input line 260.
(luatex.def)             Requested size: 56.8991pt x 56.8991pt.

Overfull \hbox (0.81456pt too wide) in alignment at lines 260--260
[][][]
 []


Overfull \hbox (0.81456pt too wide) in alignment at lines 277--277
[][][]
 []

[258</home/henri/stuff/japanese/kanji/chap21/fly.pdf></home/henri/stuff/japanese
/kanji/chap21/so_fly.pdf></home/henri/stuff/japanese/kanji/chap21/number2.pdf></
home/henri/stuff/japanese/kanji/chap21/so_number2.pdf>]
File: /home/henri/stuff/japanese/kanji/chap21/learn.pdf Graphic file (type pdf)
<use /home/henri/stuff/japanese/kanji/chap21/learn.pdf>
Package luatex.def Info: /home/henri/stuff/japanese/kanji/chap21/learn.pdf  used
 on input line 301.
(luatex.def)             Requested size: 56.90388pt x 56.90388pt.
File: /home/henri/stuff/japanese/kanji/chap21/so_learn.pdf Graphic file (type pd
f)
<use /home/henri/stuff/japanese/kanji/chap21/so_learn.pdf>
Package luatex.def Info: /home/henri/stuff/japanese/kanji/chap21/so_learn.pdf  u
sed on input line 301.
(luatex.def)             Requested size: 56.8991pt x 56.8991pt.

Overfull \hbox (0.81456pt too wide) in alignment at lines 301--301
[][][]
 []

File: /home/henri/stuff/japanese/kanji/chap21/display.pdf Graphic file (type pdf
)
<use /home/henri/stuff/japanese/kanji/chap21/display.pdf>
Package luatex.def Info: /home/henri/stuff/japanese/kanji/chap21/display.pdf  us
ed on input line 335.
(luatex.def)             Requested size: 56.90388pt x 56.90388pt.
File: /home/henri/stuff/japanese/kanji/chap21/so_display.pdf Graphic file (type 
pdf)
<use /home/henri/stuff/japanese/kanji/chap21/so_display.pdf>
Package luatex.def Info: /home/henri/stuff/japanese/kanji/chap21/so_display.pdf 
 used on input line 335.
(luatex.def)             Requested size: 56.8991pt x 56.8991pt.

Overfull \hbox (0.81456pt too wide) in alignment at lines 335--335
[][][]
 []

[259</home/henri/stuff/japanese/kanji/chap21/learn.pdf></home/henri/stuff/japane
se/kanji/chap21/so_learn.pdf></home/henri/stuff/japanese/kanji/chap21/display.pd
f></home/henri/stuff/japanese/kanji/chap21/so_display.pdf>]
File: /home/henri/stuff/japanese/kanji/chap21/mask.pdf Graphic file (type pdf)
<use /home/henri/stuff/japanese/kanji/chap21/mask.pdf>
Package luatex.def Info: /home/henri/stuff/japanese/kanji/chap21/mask.pdf  used 
on input line 372.
(luatex.def)             Requested size: 56.90388pt x 56.90388pt.
File: /home/henri/stuff/japanese/kanji/chap21/so_mask.pdf Graphic file (type pdf
)
<use /home/henri/stuff/japanese/kanji/chap21/so_mask.pdf>
Package luatex.def Info: /home/henri/stuff/japanese/kanji/chap21/so_mask.pdf  us
ed on input line 372.
(luatex.def)             Requested size: 56.8991pt x 56.8991pt.

Overfull \hbox (0.81456pt too wide) in alignment at lines 372--372
[][][]
 []

File: /home/henri/stuff/japanese/kanji/chap21/select.pdf Graphic file (type pdf)

<use /home/henri/stuff/japanese/kanji/chap21/select.pdf>
Package luatex.def Info: /home/henri/stuff/japanese/kanji/chap21/select.pdf  use
d on input line 410.
(luatex.def)             Requested size: 56.90388pt x 56.90388pt.
File: /home/henri/stuff/japanese/kanji/chap21/so_select.pdf Graphic file (type p
df)
<use /home/henri/stuff/japanese/kanji/chap21/so_select.pdf>
Package luatex.def Info: /home/henri/stuff/japanese/kanji/chap21/so_select.pdf  
used on input line 410.
(luatex.def)             Requested size: 56.8991pt x 56.8991pt.

Overfull \hbox (0.81456pt too wide) in alignment at lines 410--410
[][][]
 []

[260</home/henri/stuff/japanese/kanji/chap21/mask.pdf></home/henri/stuff/japanes
e/kanji/chap21/so_mask.pdf></home/henri/stuff/japanese/kanji/chap21/select.pdf><
/home/henri/stuff/japanese/kanji/chap21/so_select.pdf>]
File: /home/henri/stuff/japanese/kanji/chap21/homeward.pdf Graphic file (type pd
f)
<use /home/henri/stuff/japanese/kanji/chap21/homeward.pdf>
Package luatex.def Info: /home/henri/stuff/japanese/kanji/chap21/homeward.pdf  u
sed on input line 446.
(luatex.def)             Requested size: 56.90388pt x 56.90388pt.
File: /home/henri/stuff/japanese/kanji/chap21/so_homeward.pdf Graphic file (type
 pdf)
<use /home/henri/stuff/japanese/kanji/chap21/so_homeward.pdf>
Package luatex.def Info: /home/henri/stuff/japanese/kanji/chap21/so_homeward.pdf
  used on input line 446.
(luatex.def)             Requested size: 56.8991pt x 56.8991pt.

Overfull \hbox (0.81456pt too wide) in alignment at lines 446--446
[][][]
 []


Overfull \hbox (0.81456pt too wide) in alignment at lines 461--461
[][][]
 []

File: /home/henri/stuff/japanese/kanji/chap21/section.pdf Graphic file (type pdf
)
<use /home/henri/stuff/japanese/kanji/chap21/section.pdf>
Package luatex.def Info: /home/henri/stuff/japanese/kanji/chap21/section.pdf  us
ed on input line 481.
(luatex.def)             Requested size: 56.90388pt x 56.90388pt.
File: /home/henri/stuff/japanese/kanji/chap21/so_section.pdf Graphic file (type 
pdf)
<use /home/henri/stuff/japanese/kanji/chap21/so_section.pdf>
Package luatex.def Info: /home/henri/stuff/japanese/kanji/chap21/so_section.pdf 
 used on input line 481.
(luatex.def)             Requested size: 56.8991pt x 56.8991pt.

Overfull \hbox (0.81456pt too wide) in alignment at lines 481--481
[][][]
 []

[261</home/henri/stuff/japanese/kanji/chap21/homeward.pdf></home/henri/stuff/jap
anese/kanji/chap21/so_homeward.pdf></home/henri/stuff/japanese/kanji/chap21/sect
ion.pdf></home/henri/stuff/japanese/kanji/chap21/so_section.pdf>]
File: /home/henri/stuff/japanese/kanji/chap21/topic.pdf Graphic file (type pdf)
<use /home/henri/stuff/japanese/kanji/chap21/topic.pdf>
Package luatex.def Info: /home/henri/stuff/japanese/kanji/chap21/topic.pdf  used
 on input line 522.
(luatex.def)             Requested size: 56.90388pt x 56.90388pt.
File: /home/henri/stuff/japanese/kanji/chap21/so_topic.pdf Graphic file (type pd
f)
<use /home/henri/stuff/japanese/kanji/chap21/so_topic.pdf>
Package luatex.def Info: /home/henri/stuff/japanese/kanji/chap21/so_topic.pdf  u
sed on input line 522.
(luatex.def)             Requested size: 56.8991pt x 56.8991pt.

Overfull \hbox (0.81456pt too wide) in alignment at lines 522--522
[][][]
 []

File: /home/henri/stuff/japanese/kanji/chap21/period.pdf Graphic file (type pdf)

<use /home/henri/stuff/japanese/kanji/chap21/period.pdf>
Package luatex.def Info: /home/henri/stuff/japanese/kanji/chap21/period.pdf  use
d on input line 556.
(luatex.def)             Requested size: 56.90388pt x 56.90388pt.
File: /home/henri/stuff/japanese/kanji/chap21/so_period.pdf Graphic file (type p
df)
<use /home/henri/stuff/japanese/kanji/chap21/so_period.pdf>
Package luatex.def Info: /home/henri/stuff/japanese/kanji/chap21/so_period.pdf  
used on input line 556.
(luatex.def)             Requested size: 56.8991pt x 56.8991pt.

Overfull \hbox (0.81456pt too wide) in alignment at lines 556--556
[][][]
 []

[262</home/henri/stuff/japanese/kanji/chap21/topic.pdf></home/henri/stuff/japane
se/kanji/chap21/so_topic.pdf></home/henri/stuff/japanese/kanji/chap21/period.pdf
></home/henri/stuff/japanese/kanji/chap21/so_period.pdf>]
File: /home/henri/stuff/japanese/kanji/chap21/grant.pdf Graphic file (type pdf)
<use /home/henri/stuff/japanese/kanji/chap21/grant.pdf>
Package luatex.def Info: /home/henri/stuff/japanese/kanji/chap21/grant.pdf  used
 on input line 592.
(luatex.def)             Requested size: 56.90388pt x 56.90388pt.
File: /home/henri/stuff/japanese/kanji/chap21/so_grant.pdf Graphic file (type pd
f)
<use /home/henri/stuff/japanese/kanji/chap21/so_grant.pdf>
Package luatex.def Info: /home/henri/stuff/japanese/kanji/chap21/so_grant.pdf  u
sed on input line 592.
(luatex.def)             Requested size: 56.8991pt x 56.8991pt.

Overfull \hbox (0.81456pt too wide) in alignment at lines 592--592
[][][]
 []

File: /home/henri/stuff/japanese/kanji/chap21/delivery.pdf Graphic file (type pd
f)
<use /home/henri/stuff/japanese/kanji/chap21/delivery.pdf>
Package luatex.def Info: /home/henri/stuff/japanese/kanji/chap21/delivery.pdf  u
sed on input line 626.
(luatex.def)             Requested size: 56.90388pt x 56.90388pt.
File: /home/henri/stuff/japanese/kanji/chap21/so_delivery.pdf Graphic file (type
 pdf)
<use /home/henri/stuff/japanese/kanji/chap21/so_delivery.pdf>
Package luatex.def Info: /home/henri/stuff/japanese/kanji/chap21/so_delivery.pdf
  used on input line 626.
(luatex.def)             Requested size: 56.8991pt x 56.8991pt.

Overfull \hbox (0.81456pt too wide) in alignment at lines 626--626
[][][]
 []


Overfull \hbox (0.81456pt too wide) in alignment at lines 642--642
[][][]
 []


Overfull \hbox (0.81456pt too wide) in alignment at lines 655--655
[][][]
 []

[263</home/henri/stuff/japanese/kanji/chap21/grant.pdf></home/henri/stuff/japane
se/kanji/chap21/so_grant.pdf></home/henri/stuff/japanese/kanji/chap21/delivery.p
df></home/henri/stuff/japanese/kanji/chap21/so_delivery.pdf>]
File: /home/henri/stuff/japanese/kanji/chap21/annual.pdf Graphic file (type pdf)

<use /home/henri/stuff/japanese/kanji/chap21/annual.pdf>
Package luatex.def Info: /home/henri/stuff/japanese/kanji/chap21/annual.pdf  use
d on input line 666.
(luatex.def)             Requested size: 56.90388pt x 56.90388pt.
File: /home/henri/stuff/japanese/kanji/chap21/so_annual.pdf Graphic file (type p
df)
<use /home/henri/stuff/japanese/kanji/chap21/so_annual.pdf>
Package luatex.def Info: /home/henri/stuff/japanese/kanji/chap21/so_annual.pdf  
used on input line 666.
(luatex.def)             Requested size: 56.8991pt x 56.8991pt.

Overfull \hbox (0.81456pt too wide) in alignment at lines 666--666
[][][]
 []


Overfull \hbox (0.81456pt too wide) in alignment at lines 698--698
[][][]
 []

File: /home/henri/stuff/japanese/kanji/chap21/exclusive.pdf Graphic file (type p
df)
<use /home/henri/stuff/japanese/kanji/chap21/exclusive.pdf>
Package luatex.def Info: /home/henri/stuff/japanese/kanji/chap21/exclusive.pdf  
used on input line 706.
(luatex.def)             Requested size: 56.90388pt x 56.90388pt.
File: /home/henri/stuff/japanese/kanji/chap21/so_exclusive.pdf Graphic file (typ
e pdf)
<use /home/henri/stuff/japanese/kanji/chap21/so_exclusive.pdf>
Package luatex.def Info: /home/henri/stuff/japanese/kanji/chap21/so_exclusive.pd
f  used on input line 706.
(luatex.def)             Requested size: 56.8991pt x 56.8991pt.

Overfull \hbox (0.81456pt too wide) in alignment at lines 706--706
[][][]
 []

[264</home/henri/stuff/japanese/kanji/chap21/annual.pdf></home/henri/stuff/japan
ese/kanji/chap21/so_annual.pdf></home/henri/stuff/japanese/kanji/chap21/exclusiv
e.pdf></home/henri/stuff/japanese/kanji/chap21/so_exclusive.pdf>]
File: /home/henri/stuff/japanese/kanji/chap21/orient.pdf Graphic file (type pdf)

<use /home/henri/stuff/japanese/kanji/chap21/orient.pdf>
Package luatex.def Info: /home/henri/stuff/japanese/kanji/chap21/orient.pdf  use
d on input line 743.
(luatex.def)             Requested size: 56.90388pt x 56.90388pt.
File: /home/henri/stuff/japanese/kanji/chap21/so_orient.pdf Graphic file (type p
df)
<use /home/henri/stuff/japanese/kanji/chap21/so_orient.pdf>
Package luatex.def Info: /home/henri/stuff/japanese/kanji/chap21/so_orient.pdf  
used on input line 743.
(luatex.def)             Requested size: 56.8991pt x 56.8991pt.

Overfull \hbox (0.81456pt too wide) in alignment at lines 743--743
[][][]
 []


Overfull \hbox (0.81456pt too wide) in alignment at lines 758--758
[][][]
 []

File: /home/henri/stuff/japanese/kanji/chap21/train.pdf Graphic file (type pdf)
<use /home/henri/stuff/japanese/kanji/chap21/train.pdf>
Package luatex.def Info: /home/henri/stuff/japanese/kanji/chap21/train.pdf  used
 on input line 778.
(luatex.def)             Requested size: 56.90388pt x 56.90388pt.
File: /home/henri/stuff/japanese/kanji/chap21/so_train.pdf Graphic file (type pd
f)
<use /home/henri/stuff/japanese/kanji/chap21/so_train.pdf>
Package luatex.def Info: /home/henri/stuff/japanese/kanji/chap21/so_train.pdf  u
sed on input line 778.
(luatex.def)             Requested size: 56.8991pt x 56.8991pt.

Overfull \hbox (0.81456pt too wide) in alignment at lines 778--778
[][][]
 []

[265</home/henri/stuff/japanese/kanji/chap21/orient.pdf></home/henri/stuff/japan
ese/kanji/chap21/so_orient.pdf></home/henri/stuff/japanese/kanji/chap21/train.pd
f></home/henri/stuff/japanese/kanji/chap21/so_train.pdf>]
File: /home/henri/stuff/japanese/kanji/chap21/raise.pdf Graphic file (type pdf)
<use /home/henri/stuff/japanese/kanji/chap21/raise.pdf>
Package luatex.def Info: /home/henri/stuff/japanese/kanji/chap21/raise.pdf  used
 on input line 814.
(luatex.def)             Requested size: 56.90388pt x 56.90388pt.
File: /home/henri/stuff/japanese/kanji/chap21/so_raise.pdf Graphic file (type pd
f)
<use /home/henri/stuff/japanese/kanji/chap21/so_raise.pdf>
Package luatex.def Info: /home/henri/stuff/japanese/kanji/chap21/so_raise.pdf  u
sed on input line 814.
(luatex.def)             Requested size: 56.8991pt x 56.8991pt.

Overfull \hbox (0.81456pt too wide) in alignment at lines 814--814
[][][]
 []

File: /home/henri/stuff/japanese/kanji/chap21/consider.pdf Graphic file (type pd
f)
<use /home/henri/stuff/japanese/kanji/chap21/consider.pdf>
Package luatex.def Info: /home/henri/stuff/japanese/kanji/chap21/consider.pdf  u
sed on input line 848.
(luatex.def)             Requested size: 56.90388pt x 56.90388pt.
File: /home/henri/stuff/japanese/kanji/chap21/so_consider.pdf Graphic file (type
 pdf)
<use /home/henri/stuff/japanese/kanji/chap21/so_consider.pdf>
Package luatex.def Info: /home/henri/stuff/japanese/kanji/chap21/so_consider.pdf
  used on input line 848.
(luatex.def)             Requested size: 56.8991pt x 56.8991pt.

Overfull \hbox (0.81456pt too wide) in alignment at lines 848--848
[][][]
 []

[266</home/henri/stuff/japanese/kanji/chap21/raise.pdf></home/henri/stuff/japane
se/kanji/chap21/so_raise.pdf></home/henri/stuff/japanese/kanji/chap21/consider.p
df></home/henri/stuff/japanese/kanji/chap21/so_consider.pdf>]
File: /home/henri/stuff/japanese/kanji/chap21/member.pdf Graphic file (type pdf)

<use /home/henri/stuff/japanese/kanji/chap21/member.pdf>
Package luatex.def Info: /home/henri/stuff/japanese/kanji/chap21/member.pdf  use
d on input line 884.
(luatex.def)             Requested size: 56.90388pt x 56.90388pt.
File: /home/henri/stuff/japanese/kanji/chap21/so_member.pdf Graphic file (type p
df)
<use /home/henri/stuff/japanese/kanji/chap21/so_member.pdf>
Package luatex.def Info: /home/henri/stuff/japanese/kanji/chap21/so_member.pdf  
used on input line 884.
(luatex.def)             Requested size: 56.8991pt x 56.8991pt.

Overfull \hbox (0.81456pt too wide) in alignment at lines 884--884
[][][]
 []

) [267</home/henri/stuff/japanese/kanji/chap21/member.pdf></home/henri/stuff/jap
anese/kanji/chap21/so_member.pdf>] [268

]
第 22 章
(./chap22.tex
File: /home/henri/stuff/japanese/kanji/chap22/copy.pdf Graphic file (type pdf)
<use /home/henri/stuff/japanese/kanji/chap22/copy.pdf>
Package luatex.def Info: /home/henri/stuff/japanese/kanji/chap22/copy.pdf  used 
on input line 6.
(luatex.def)             Requested size: 56.90388pt x 56.90388pt.
File: /home/henri/stuff/japanese/kanji/chap22/so_copy.pdf Graphic file (type pdf
)
<use /home/henri/stuff/japanese/kanji/chap22/so_copy.pdf>
Package luatex.def Info: /home/henri/stuff/japanese/kanji/chap22/so_copy.pdf  us
ed on input line 6.
(luatex.def)             Requested size: 56.8991pt x 56.8991pt.

Overfull \hbox (0.81456pt too wide) in alignment at lines 6--6
[][][]
 []

File: /home/henri/stuff/japanese/kanji/chap22/court.pdf Graphic file (type pdf)
<use /home/henri/stuff/japanese/kanji/chap22/court.pdf>
Package luatex.def Info: /home/henri/stuff/japanese/kanji/chap22/court.pdf  used
 on input line 41.
(luatex.def)             Requested size: 56.90388pt x 56.90388pt.
File: /home/henri/stuff/japanese/kanji/chap22/so_court.pdf Graphic file (type pd
f)
<use /home/henri/stuff/japanese/kanji/chap22/so_court.pdf>
Package luatex.def Info: /home/henri/stuff/japanese/kanji/chap22/so_court.pdf  u
sed on input line 41.
(luatex.def)             Requested size: 56.8991pt x 56.8991pt.

Overfull \hbox (0.81456pt too wide) in alignment at lines 41--41
[][][]
 []

[269</home/henri/stuff/japanese/kanji/chap22/copy.pdf></home/henri/stuff/japanes
e/kanji/chap22/so_copy.pdf></home/henri/stuff/japanese/kanji/chap22/court.pdf></
home/henri/stuff/japanese/kanji/chap22/so_court.pdf>]
File: /home/henri/stuff/japanese/kanji/chap22/sideways.pdf Graphic file (type pd
f)
<use /home/henri/stuff/japanese/kanji/chap22/sideways.pdf>
Package luatex.def Info: /home/henri/stuff/japanese/kanji/chap22/sideways.pdf  u
sed on input line 77.
(luatex.def)             Requested size: 56.90388pt x 56.90388pt.
File: /home/henri/stuff/japanese/kanji/chap22/so_sideways.pdf Graphic file (type
 pdf)
<use /home/henri/stuff/japanese/kanji/chap22/so_sideways.pdf>
Package luatex.def Info: /home/henri/stuff/japanese/kanji/chap22/so_sideways.pdf
  used on input line 77.
(luatex.def)             Requested size: 56.8991pt x 56.8991pt.

Overfull \hbox (0.81456pt too wide) in alignment at lines 77--77
[][][]
 []


Overfull \hbox (0.81456pt too wide) in alignment at lines 92--92
[][][]
 []

File: /home/henri/stuff/japanese/kanji/chap22/certain.pdf Graphic file (type pdf
)
<use /home/henri/stuff/japanese/kanji/chap22/certain.pdf>
Package luatex.def Info: /home/henri/stuff/japanese/kanji/chap22/certain.pdf  us
ed on input line 112.
(luatex.def)             Requested size: 56.90388pt x 56.90388pt.
File: /home/henri/stuff/japanese/kanji/chap22/so_certain.pdf Graphic file (type 
pdf)
<use /home/henri/stuff/japanese/kanji/chap22/so_certain.pdf>
Package luatex.def Info: /home/henri/stuff/japanese/kanji/chap22/so_certain.pdf 
 used on input line 112.
(luatex.def)             Requested size: 56.8991pt x 56.8991pt.

Overfull \hbox (0.81456pt too wide) in alignment at lines 112--112
[][][]
 []

[270</home/henri/stuff/japanese/kanji/chap22/sideways.pdf></home/henri/stuff/jap
anese/kanji/chap22/so_sideways.pdf></home/henri/stuff/japanese/kanji/chap22/cert
ain.pdf></home/henri/stuff/japanese/kanji/chap22/so_certain.pdf>]
File: /home/henri/stuff/japanese/kanji/chap22/with.pdf Graphic file (type pdf)
<use /home/henri/stuff/japanese/kanji/chap22/with.pdf>
Package luatex.def Info: /home/henri/stuff/japanese/kanji/chap22/with.pdf  used 
on input line 148.
(luatex.def)             Requested size: 56.90388pt x 56.90388pt.
File: /home/henri/stuff/japanese/kanji/chap22/so_with.pdf Graphic file (type pdf
)
<use /home/henri/stuff/japanese/kanji/chap22/so_with.pdf>
Package luatex.def Info: /home/henri/stuff/japanese/kanji/chap22/so_with.pdf  us
ed on input line 148.
(luatex.def)             Requested size: 56.8991pt x 56.8991pt.

Overfull \hbox (0.81456pt too wide) in alignment at lines 148--148
[][][]
 []

File: /home/henri/stuff/japanese/kanji/chap22/single.pdf Graphic file (type pdf)

<use /home/henri/stuff/japanese/kanji/chap22/single.pdf>
Package luatex.def Info: /home/henri/stuff/japanese/kanji/chap22/single.pdf  use
d on input line 182.
(luatex.def)             Requested size: 56.90388pt x 56.90388pt.
File: /home/henri/stuff/japanese/kanji/chap22/so_single.pdf Graphic file (type p
df)
<use /home/henri/stuff/japanese/kanji/chap22/so_single.pdf>
Package luatex.def Info: /home/henri/stuff/japanese/kanji/chap22/so_single.pdf  
used on input line 182.
(luatex.def)             Requested size: 56.8991pt x 56.8991pt.

Overfull \hbox (0.81456pt too wide) in alignment at lines 182--182
[][][]
 []


Overfull \hbox (1.9017pt too wide) in paragraph at lines 208--208
 []| 
 []

[271</home/henri/stuff/japanese/kanji/chap22/with.pdf></home/henri/stuff/japanes
e/kanji/chap22/so_with.pdf></home/henri/stuff/japanese/kanji/chap22/single.pdf><
/home/henri/stuff/japanese/kanji/chap22/so_single.pdf>]
File: /home/henri/stuff/japanese/kanji/chap22/versus.pdf Graphic file (type pdf)

<use /home/henri/stuff/japanese/kanji/chap22/versus.pdf>
Package luatex.def Info: /home/henri/stuff/japanese/kanji/chap22/versus.pdf  use
d on input line 218.
(luatex.def)             Requested size: 56.90388pt x 56.90388pt.
File: /home/henri/stuff/japanese/kanji/chap22/so_versus.pdf Graphic file (type p
df)
<use /home/henri/stuff/japanese/kanji/chap22/so_versus.pdf>
Package luatex.def Info: /home/henri/stuff/japanese/kanji/chap22/so_versus.pdf  
used on input line 218.
(luatex.def)             Requested size: 56.8991pt x 56.8991pt.

Overfull \hbox (0.81456pt too wide) in alignment at lines 218--218
[][][]
 []

File: /home/henri/stuff/japanese/kanji/chap22/meal.pdf Graphic file (type pdf)
<use /home/henri/stuff/japanese/kanji/chap22/meal.pdf>
Package luatex.def Info: /home/henri/stuff/japanese/kanji/chap22/meal.pdf  used 
on input line 253.
(luatex.def)             Requested size: 56.90388pt x 56.90388pt.
File: /home/henri/stuff/japanese/kanji/chap22/so_meal.pdf Graphic file (type pdf
)
<use /home/henri/stuff/japanese/kanji/chap22/so_meal.pdf>
Package luatex.def Info: /home/henri/stuff/japanese/kanji/chap22/so_meal.pdf  us
ed on input line 253.
(luatex.def)             Requested size: 56.8991pt x 56.8991pt.

Overfull \hbox (0.81456pt too wide) in alignment at lines 253--253
[][][]
 []


Overfull \hbox (0.81456pt too wide) in alignment at lines 280--280
[][][]
 []

[272</home/henri/stuff/japanese/kanji/chap22/versus.pdf></home/henri/stuff/japan
ese/kanji/chap22/so_versus.pdf></home/henri/stuff/japanese/kanji/chap22/meal.pdf
></home/henri/stuff/japanese/kanji/chap22/so_meal.pdf>]
File: /home/henri/stuff/japanese/kanji/chap22/title.pdf Graphic file (type pdf)
<use /home/henri/stuff/japanese/kanji/chap22/title.pdf>
Package luatex.def Info: /home/henri/stuff/japanese/kanji/chap22/title.pdf  used
 on input line 291.
(luatex.def)             Requested size: 56.90388pt x 56.90388pt.
File: /home/henri/stuff/japanese/kanji/chap22/so_title.pdf Graphic file (type pd
f)
<use /home/henri/stuff/japanese/kanji/chap22/so_title.pdf>
Package luatex.def Info: /home/henri/stuff/japanese/kanji/chap22/so_title.pdf  u
sed on input line 291.
(luatex.def)             Requested size: 56.8991pt x 56.8991pt.

Overfull \hbox (0.81456pt too wide) in alignment at lines 291--291
[][][]
 []

File: /home/henri/stuff/japanese/kanji/chap22/graduate.pdf Graphic file (type pd
f)
<use /home/henri/stuff/japanese/kanji/chap22/graduate.pdf>
Package luatex.def Info: /home/henri/stuff/japanese/kanji/chap22/graduate.pdf  u
sed on input line 326.
(luatex.def)             Requested size: 56.90388pt x 56.90388pt.
File: /home/henri/stuff/japanese/kanji/chap22/so_graduate.pdf Graphic file (type
 pdf)
<use /home/henri/stuff/japanese/kanji/chap22/so_graduate.pdf>
Package luatex.def Info: /home/henri/stuff/japanese/kanji/chap22/so_graduate.pdf
  used on input line 326.
(luatex.def)             Requested size: 56.8991pt x 56.8991pt.

Overfull \hbox (0.81456pt too wide) in alignment at lines 326--326
[][][]
 []


Overfull \hbox (0.81456pt too wide) in alignment at lines 352--352
[][][]
 []

[273</home/henri/stuff/japanese/kanji/chap22/title.pdf></home/henri/stuff/japane
se/kanji/chap22/so_title.pdf></home/henri/stuff/japanese/kanji/chap22/graduate.p
df></home/henri/stuff/japanese/kanji/chap22/so_graduate.pdf>]
File: /home/henri/stuff/japanese/kanji/chap22/sheet.pdf Graphic file (type pdf)
<use /home/henri/stuff/japanese/kanji/chap22/sheet.pdf>
Package luatex.def Info: /home/henri/stuff/japanese/kanji/chap22/sheet.pdf  used
 on input line 363.
(luatex.def)             Requested size: 56.90388pt x 56.90388pt.
File: /home/henri/stuff/japanese/kanji/chap22/so_sheet.pdf Graphic file (type pd
f)
<use /home/henri/stuff/japanese/kanji/chap22/so_sheet.pdf>
Package luatex.def Info: /home/henri/stuff/japanese/kanji/chap22/so_sheet.pdf  u
sed on input line 363.
(luatex.def)             Requested size: 56.8991pt x 56.8991pt.

Overfull \hbox (0.81456pt too wide) in alignment at lines 363--363
[][][]
 []

File: /home/henri/stuff/japanese/kanji/chap22/hot.pdf Graphic file (type pdf)
<use /home/henri/stuff/japanese/kanji/chap22/hot.pdf>
Package luatex.def Info: /home/henri/stuff/japanese/kanji/chap22/hot.pdf  used o
n input line 397.
(luatex.def)             Requested size: 56.90388pt x 56.90388pt.
File: /home/henri/stuff/japanese/kanji/chap22/so_hot.pdf Graphic file (type pdf)

<use /home/henri/stuff/japanese/kanji/chap22/so_hot.pdf>
Package luatex.def Info: /home/henri/stuff/japanese/kanji/chap22/so_hot.pdf  use
d on input line 397.
(luatex.def)             Requested size: 56.8991pt x 56.8991pt.

Overfull \hbox (0.81456pt too wide) in alignment at lines 397--397
[][][]
 []

[274</home/henri/stuff/japanese/kanji/chap22/sheet.pdf></home/henri/stuff/japane
se/kanji/chap22/so_sheet.pdf></home/henri/stuff/japanese/kanji/chap22/hot.pdf></
home/henri/stuff/japanese/kanji/chap22/so_hot.pdf>]
File: /home/henri/stuff/japanese/kanji/chap22/ride.pdf Graphic file (type pdf)
<use /home/henri/stuff/japanese/kanji/chap22/ride.pdf>
Package luatex.def Info: /home/henri/stuff/japanese/kanji/chap22/ride.pdf  used 
on input line 435.
(luatex.def)             Requested size: 56.90388pt x 56.90388pt.
File: /home/henri/stuff/japanese/kanji/chap22/so_ride.pdf Graphic file (type pdf
)
<use /home/henri/stuff/japanese/kanji/chap22/so_ride.pdf>
Package luatex.def Info: /home/henri/stuff/japanese/kanji/chap22/so_ride.pdf  us
ed on input line 435.
(luatex.def)             Requested size: 56.8991pt x 56.8991pt.

Overfull \hbox (0.81456pt too wide) in alignment at lines 435--435
[][][]
 []


Overfull \hbox (0.81456pt too wide) in alignment at lines 450--450
[][][]
 []

File: /home/henri/stuff/japanese/kanji/chap22/lady.pdf Graphic file (type pdf)
<use /home/henri/stuff/japanese/kanji/chap22/lady.pdf>
Package luatex.def Info: /home/henri/stuff/japanese/kanji/chap22/lady.pdf  used 
on input line 471.
(luatex.def)             Requested size: 56.90388pt x 56.90388pt.
File: /home/henri/stuff/japanese/kanji/chap22/so_lady.pdf Graphic file (type pdf
)
<use /home/henri/stuff/japanese/kanji/chap22/so_lady.pdf>
Package luatex.def Info: /home/henri/stuff/japanese/kanji/chap22/so_lady.pdf  us
ed on input line 471.
(luatex.def)             Requested size: 56.8991pt x 56.8991pt.

Overfull \hbox (0.81456pt too wide) in alignment at lines 471--471
[][][]
 []


Overfull \hbox (0.81456pt too wide) in alignment at lines 498--498
[][][]
 []

[275</home/henri/stuff/japanese/kanji/chap22/ride.pdf></home/henri/stuff/japanes
e/kanji/chap22/so_ride.pdf></home/henri/stuff/japanese/kanji/chap22/lady.pdf></h
ome/henri/stuff/japanese/kanji/chap22/so_lady.pdf>]
File: /home/henri/stuff/japanese/kanji/chap22/nature.pdf Graphic file (type pdf)

<use /home/henri/stuff/japanese/kanji/chap22/nature.pdf>
Package luatex.def Info: /home/henri/stuff/japanese/kanji/chap22/nature.pdf  use
d on input line 509.
(luatex.def)             Requested size: 56.90388pt x 56.90388pt.
File: /home/henri/stuff/japanese/kanji/chap22/so_nature.pdf Graphic file (type p
df)
<use /home/henri/stuff/japanese/kanji/chap22/so_nature.pdf>
Package luatex.def Info: /home/henri/stuff/japanese/kanji/chap22/so_nature.pdf  
used on input line 509.
(luatex.def)             Requested size: 56.8991pt x 56.8991pt.

Overfull \hbox (0.81456pt too wide) in alignment at lines 509--509
[][][]
 []


Overfull \hbox (0.81456pt too wide) in alignment at lines 524--524
[][][]
 []


Overfull \hbox (0.81456pt too wide) in alignment at lines 537--537
[][][]
 []

File: /home/henri/stuff/japanese/kanji/chap22/tone.pdf Graphic file (type pdf)
<use /home/henri/stuff/japanese/kanji/chap22/tone.pdf>
Package luatex.def Info: /home/henri/stuff/japanese/kanji/chap22/tone.pdf  used 
on input line 546.
(luatex.def)             Requested size: 56.90388pt x 56.90388pt.
File: /home/henri/stuff/japanese/kanji/chap22/so_tone.pdf Graphic file (type pdf
)
<use /home/henri/stuff/japanese/kanji/chap22/so_tone.pdf>
Package luatex.def Info: /home/henri/stuff/japanese/kanji/chap22/so_tone.pdf  us
ed on input line 546.
(luatex.def)             Requested size: 56.8991pt x 56.8991pt.

Overfull \hbox (0.81456pt too wide) in alignment at lines 546--546
[][][]
 []

[276</home/henri/stuff/japanese/kanji/chap22/nature.pdf></home/henri/stuff/japan
ese/kanji/chap22/so_nature.pdf></home/henri/stuff/japanese/kanji/chap22/tone.pdf
></home/henri/stuff/japanese/kanji/chap22/so_tone.pdf>]
File: /home/henri/stuff/japanese/kanji/chap22/keep.pdf Graphic file (type pdf)
<use /home/henri/stuff/japanese/kanji/chap22/keep.pdf>
Package luatex.def Info: /home/henri/stuff/japanese/kanji/chap22/keep.pdf  used 
on input line 583.
(luatex.def)             Requested size: 56.90388pt x 56.90388pt.
File: /home/henri/stuff/japanese/kanji/chap22/so_keep.pdf Graphic file (type pdf
)
<use /home/henri/stuff/japanese/kanji/chap22/so_keep.pdf>
Package luatex.def Info: /home/henri/stuff/japanese/kanji/chap22/so_keep.pdf  us
ed on input line 583.
(luatex.def)             Requested size: 56.8991pt x 56.8991pt.

Overfull \hbox (0.81456pt too wide) in alignment at lines 583--583
[][][]
 []


Overfull \hbox (0.81456pt too wide) in alignment at lines 610--610
[][][]
 []

File: /home/henri/stuff/japanese/kanji/chap22/heat.pdf Graphic file (type pdf)
<use /home/henri/stuff/japanese/kanji/chap22/heat.pdf>
Package luatex.def Info: /home/henri/stuff/japanese/kanji/chap22/heat.pdf  used 
on input line 618.
(luatex.def)             Requested size: 56.90388pt x 56.90388pt.
File: /home/henri/stuff/japanese/kanji/chap22/so_heat.pdf Graphic file (type pdf
)
<use /home/henri/stuff/japanese/kanji/chap22/so_heat.pdf>
Package luatex.def Info: /home/henri/stuff/japanese/kanji/chap22/so_heat.pdf  us
ed on input line 618.
(luatex.def)             Requested size: 56.8991pt x 56.8991pt.

Overfull \hbox (0.81456pt too wide) in alignment at lines 618--618
[][][]
 []

[277</home/henri/stuff/japanese/kanji/chap22/keep.pdf></home/henri/stuff/japanes
e/kanji/chap22/so_keep.pdf></home/henri/stuff/japanese/kanji/chap22/heat.pdf></h
ome/henri/stuff/japanese/kanji/chap22/so_heat.pdf>]
File: /home/henri/stuff/japanese/kanji/chap22/use.pdf Graphic file (type pdf)
<use /home/henri/stuff/japanese/kanji/chap22/use.pdf>
Package luatex.def Info: /home/henri/stuff/japanese/kanji/chap22/use.pdf  used o
n input line 655.
(luatex.def)             Requested size: 56.90388pt x 56.90388pt.
File: /home/henri/stuff/japanese/kanji/chap22/so_use.pdf Graphic file (type pdf)

<use /home/henri/stuff/japanese/kanji/chap22/so_use.pdf>
Package luatex.def Info: /home/henri/stuff/japanese/kanji/chap22/so_use.pdf  use
d on input line 655.
(luatex.def)             Requested size: 56.8991pt x 56.8991pt.


LaTeX Warning: Reference `glyph:delivery.' on page 278 undefined on input line 6
55.


Overfull \hbox (0.81456pt too wide) in alignment at lines 655--655
[][][]
 []


Overfull \hbox (0.81456pt too wide) in alignment at lines 670--670
[][][]
 []

File: /home/henri/stuff/japanese/kanji/chap22/remain.pdf Graphic file (type pdf)

<use /home/henri/stuff/japanese/kanji/chap22/remain.pdf>
Package luatex.def Info: /home/henri/stuff/japanese/kanji/chap22/remain.pdf  use
d on input line 692.
(luatex.def)             Requested size: 56.90388pt x 56.90388pt.
File: /home/henri/stuff/japanese/kanji/chap22/so_remain.pdf Graphic file (type p
df)
<use /home/henri/stuff/japanese/kanji/chap22/so_remain.pdf>
Package luatex.def Info: /home/henri/stuff/japanese/kanji/chap22/so_remain.pdf  
used on input line 692.
(luatex.def)             Requested size: 56.8991pt x 56.8991pt.

Overfull \hbox (0.81456pt too wide) in alignment at lines 692--692
[][][]
 []


Overfull \hbox (0.81456pt too wide) in alignment at lines 720--720
[][][]
 []

[278</home/henri/stuff/japanese/kanji/chap22/use.pdf></home/henri/stuff/japanese
/kanji/chap22/so_use.pdf></home/henri/stuff/japanese/kanji/chap22/remain.pdf></h
ome/henri/stuff/japanese/kanji/chap22/so_remain.pdf>]
File: /home/henri/stuff/japanese/kanji/chap22/quiet.pdf Graphic file (type pdf)
<use /home/henri/stuff/japanese/kanji/chap22/quiet.pdf>
Package luatex.def Info: /home/henri/stuff/japanese/kanji/chap22/quiet.pdf  used
 on input line 730.
(luatex.def)             Requested size: 56.90388pt x 56.90388pt.
File: /home/henri/stuff/japanese/kanji/chap22/so_quiet.pdf Graphic file (type pd
f)
<use /home/henri/stuff/japanese/kanji/chap22/so_quiet.pdf>
Package luatex.def Info: /home/henri/stuff/japanese/kanji/chap22/so_quiet.pdf  u
sed on input line 730.
(luatex.def)             Requested size: 56.8991pt x 56.8991pt.

Overfull \hbox (0.81456pt too wide) in alignment at lines 730--730
[][][]
 []

File: /home/henri/stuff/japanese/kanji/chap22/gift.pdf Graphic file (type pdf)
<use /home/henri/stuff/japanese/kanji/chap22/gift.pdf>
Package luatex.def Info: /home/henri/stuff/japanese/kanji/chap22/gift.pdf  used 
on input line 764.
(luatex.def)             Requested size: 56.90388pt x 56.90388pt.
File: /home/henri/stuff/japanese/kanji/chap22/so_gift.pdf Graphic file (type pdf
)
<use /home/henri/stuff/japanese/kanji/chap22/so_gift.pdf>
Package luatex.def Info: /home/henri/stuff/japanese/kanji/chap22/so_gift.pdf  us
ed on input line 764.
(luatex.def)             Requested size: 56.8991pt x 56.8991pt.

Overfull \hbox (0.81456pt too wide) in alignment at lines 764--764
[][][]
 []

[279</home/henri/stuff/japanese/kanji/chap22/quiet.pdf></home/henri/stuff/japane
se/kanji/chap22/so_quiet.pdf></home/henri/stuff/japanese/kanji/chap22/gift.pdf><
/home/henri/stuff/japanese/kanji/chap22/so_gift.pdf>]
File: /home/henri/stuff/japanese/kanji/chap22/vegetable.pdf Graphic file (type p
df)
<use /home/henri/stuff/japanese/kanji/chap22/vegetable.pdf>
Package luatex.def Info: /home/henri/stuff/japanese/kanji/chap22/vegetable.pdf  
used on input line 799.
(luatex.def)             Requested size: 56.90388pt x 56.90388pt.
File: /home/henri/stuff/japanese/kanji/chap22/so_vegetable.pdf Graphic file (typ
e pdf)
<use /home/henri/stuff/japanese/kanji/chap22/so_vegetable.pdf>
Package luatex.def Info: /home/henri/stuff/japanese/kanji/chap22/so_vegetable.pd
f  used on input line 799.
(luatex.def)             Requested size: 56.8991pt x 56.8991pt.

Overfull \hbox (0.81456pt too wide) in alignment at lines 799--799
[][][]
 []

File: /home/henri/stuff/japanese/kanji/chap22/miscellaneous.pdf Graphic file (ty
pe pdf)
<use /home/henri/stuff/japanese/kanji/chap22/miscellaneous.pdf>
Package luatex.def Info: /home/henri/stuff/japanese/kanji/chap22/miscellaneous.p
df  used on input line 833.
(luatex.def)             Requested size: 56.90388pt x 56.90388pt.
File: /home/henri/stuff/japanese/kanji/chap22/so_miscellaneous.pdf Graphic file 
(type pdf)
<use /home/henri/stuff/japanese/kanji/chap22/so_miscellaneous.pdf>
Package luatex.def Info: /home/henri/stuff/japanese/kanji/chap22/so_miscellaneou
s.pdf  used on input line 833.
(luatex.def)             Requested size: 56.8991pt x 56.8991pt.

Overfull \hbox (0.81456pt too wide) in alignment at lines 833--833
[][][]
 []

[280</home/henri/stuff/japanese/kanji/chap22/vegetable.pdf></home/henri/stuff/ja
panese/kanji/chap22/so_vegetable.pdf></home/henri/stuff/japanese/kanji/chap22/mi
scellaneous.pdf></home/henri/stuff/japanese/kanji/chap22/so_miscellaneous.pdf>]
File: /home/henri/stuff/japanese/kanji/chap22/without.pdf Graphic file (type pdf
)
<use /home/henri/stuff/japanese/kanji/chap22/without.pdf>
Package luatex.def Info: /home/henri/stuff/japanese/kanji/chap22/without.pdf  us
ed on input line 870.
(luatex.def)             Requested size: 56.90388pt x 56.90388pt.
File: /home/henri/stuff/japanese/kanji/chap22/so_without.pdf Graphic file (type 
pdf)
<use /home/henri/stuff/japanese/kanji/chap22/so_without.pdf>
Package luatex.def Info: /home/henri/stuff/japanese/kanji/chap22/so_without.pdf 
 used on input line 870.
(luatex.def)             Requested size: 56.8991pt x 56.8991pt.

Overfull \hbox (0.81456pt too wide) in alignment at lines 870--870
[][][]
 []


Overfull \hbox (0.81456pt too wide) in alignment at lines 886--886
[][][]
 []

File: /home/henri/stuff/japanese/kanji/chap22/yard.pdf Graphic file (type pdf)
<use /home/henri/stuff/japanese/kanji/chap22/yard.pdf>
Package luatex.def Info: /home/henri/stuff/japanese/kanji/chap22/yard.pdf  used 
on input line 906.
(luatex.def)             Requested size: 56.90388pt x 56.90388pt.
File: /home/henri/stuff/japanese/kanji/chap22/so_yard.pdf Graphic file (type pdf
)
<use /home/henri/stuff/japanese/kanji/chap22/so_yard.pdf>
Package luatex.def Info: /home/henri/stuff/japanese/kanji/chap22/so_yard.pdf  us
ed on input line 906.
(luatex.def)             Requested size: 56.8991pt x 56.8991pt.

Overfull \hbox (0.81456pt too wide) in alignment at lines 906--906
[][][]
 []

[281</home/henri/stuff/japanese/kanji/chap22/without.pdf></home/henri/stuff/japa
nese/kanji/chap22/so_without.pdf></home/henri/stuff/japanese/kanji/chap22/yard.p
df></home/henri/stuff/japanese/kanji/chap22/so_yard.pdf>]
File: /home/henri/stuff/japanese/kanji/chap22/reciprocal.pdf Graphic file (type 
pdf)
<use /home/henri/stuff/japanese/kanji/chap22/reciprocal.pdf>
Package luatex.def Info: /home/henri/stuff/japanese/kanji/chap22/reciprocal.pdf 
 used on input line 943.
(luatex.def)             Requested size: 56.90388pt x 56.90388pt.
File: /home/henri/stuff/japanese/kanji/chap22/so_reciprocal.pdf Graphic file (ty
pe pdf)
<use /home/henri/stuff/japanese/kanji/chap22/so_reciprocal.pdf>
Package luatex.def Info: /home/henri/stuff/japanese/kanji/chap22/so_reciprocal.p
df  used on input line 943.
(luatex.def)             Requested size: 56.8991pt x 56.8991pt.

Overfull \hbox (0.81456pt too wide) in alignment at lines 943--943
[][][]
 []


Overfull \hbox (0.81456pt too wide) in alignment at lines 958--958
[][][]
 []

File: /home/henri/stuff/japanese/kanji/chap22/long.pdf Graphic file (type pdf)
<use /home/henri/stuff/japanese/kanji/chap22/long.pdf>
Package luatex.def Info: /home/henri/stuff/japanese/kanji/chap22/long.pdf  used 
on input line 979.
(luatex.def)             Requested size: 56.90388pt x 56.90388pt.
File: /home/henri/stuff/japanese/kanji/chap22/so_long.pdf Graphic file (type pdf
)
<use /home/henri/stuff/japanese/kanji/chap22/so_long.pdf>
Package luatex.def Info: /home/henri/stuff/japanese/kanji/chap22/so_long.pdf  us
ed on input line 979.
(luatex.def)             Requested size: 56.8991pt x 56.8991pt.

Overfull \hbox (0.81456pt too wide) in alignment at lines 979--979
[][][]
 []


Overfull \hbox (0.81456pt too wide) in alignment at lines 1006--1006
[][][]
 []

[282</home/henri/stuff/japanese/kanji/chap22/reciprocal.pdf></home/henri/stuff/j
apanese/kanji/chap22/so_reciprocal.pdf></home/henri/stuff/japanese/kanji/chap22/
long.pdf></home/henri/stuff/japanese/kanji/chap22/so_long.pdf>]
File: /home/henri/stuff/japanese/kanji/chap22/courtesy.pdf Graphic file (type pd
f)
<use /home/henri/stuff/japanese/kanji/chap22/courtesy.pdf>
Package luatex.def Info: /home/henri/stuff/japanese/kanji/chap22/courtesy.pdf  u
sed on input line 1016.
(luatex.def)             Requested size: 56.90388pt x 56.90388pt.
File: /home/henri/stuff/japanese/kanji/chap22/so_courtesy.pdf Graphic file (type
 pdf)
<use /home/henri/stuff/japanese/kanji/chap22/so_courtesy.pdf>
Package luatex.def Info: /home/henri/stuff/japanese/kanji/chap22/so_courtesy.pdf
  used on input line 1016.
(luatex.def)             Requested size: 56.8991pt x 56.8991pt.

Overfull \hbox (0.81456pt too wide) in alignment at lines 1016--1016
[][][]
 []

File: /home/henri/stuff/japanese/kanji/chap22/finish.pdf Graphic file (type pdf)

<use /home/henri/stuff/japanese/kanji/chap22/finish.pdf>
Package luatex.def Info: /home/henri/stuff/japanese/kanji/chap22/finish.pdf  use
d on input line 1050.
(luatex.def)             Requested size: 56.90388pt x 56.90388pt.
File: /home/henri/stuff/japanese/kanji/chap22/so_finish.pdf Graphic file (type p
df)
<use /home/henri/stuff/japanese/kanji/chap22/so_finish.pdf>
Package luatex.def Info: /home/henri/stuff/japanese/kanji/chap22/so_finish.pdf  
used on input line 1050.
(luatex.def)             Requested size: 56.8991pt x 56.8991pt.

Overfull \hbox (0.81456pt too wide) in alignment at lines 1050--1050
[][][]
 []

) [283</home/henri/stuff/japanese/kanji/chap22/courtesy.pdf></home/henri/stuff/j
apanese/kanji/chap22/so_courtesy.pdf></home/henri/stuff/japanese/kanji/chap22/fi
nish.pdf></home/henri/stuff/japanese/kanji/chap22/so_finish.pdf>]
Package atveryend Info: Empty hook `BeforeClearDocument' on input line 271.
Package atveryend Info: Empty hook `AfterLastShipout' on input line 271.

(./tuttle.aux)
Package atveryend Info: Executing hook `AtVeryEndDocument' on input line 271.
Package atveryend Info: Executing hook `AtEndAfterFileList' on input line 271.
Package rerunfilecheck Info: File `tuttle.out' has not changed.
(rerunfilecheck)             Checksum: 151A8EBC03CDDE3525664E73F37E9DCF;2286.


LaTeX Font Warning: Some font shapes were not available, defaults substituted.


LaTeX Warning: There were undefined references.


LaTeX Warning: There were multiply-defined labels.

)

Here is how much of LuaTeX's memory you used:
 264206 strings out of 481351
 3557863,1648299 words of node,token memory allocated
 2605816 words of node memory still in use:
   11 hlist, 3 vlist, 7 rule, 3 glue, 15355 kern, 1 glyph, 802519 attribute, 167
348 glue_spec, 42415 attribute_list, 2 write, 536 user_defined nodes
   avail lists: 1:44,2:84733,3:1471,4:1430,5:311,6:326,7:9986,8:209,9:3877,10:26
,11:405
 60982 multiletter control sequences out of 65536+600000
 83 fonts using 38944451 bytes
 79i,23n,136p,983b,666s stack positions out of 5000i,500n,10000p,200000b,100000s
</usr/local/texlive/2019/texmf-dist/fonts/opentype/public/lm/lmroman5-regular.ot
f></usr/local/texlive/2019/texmf-dist/fonts/opentype/public/lm/lmroman9-italic.o
tf></usr/local/texlive/2019/texmf-dist/fonts/opentype/public/lm/lmroman10-bold.o
tf></usr/local/texlive/2019/texmf-dist/fonts/opentype/public/lm/lmroman9-regular
.otf></usr/local/texlive/2019/texmf-dist/fonts/opentype/public/lm/lmroman9-bold.
otf></usr/local/texlive/2019/texmf-dist/fonts/truetype/public/ipaex/ipaexg.ttf><
/usr/local/texlive/2019/texmf-dist/fonts/opentype/public/lm/lmroman7-regular.otf
></usr/local/texlive/2019/texmf-dist/fonts/truetype/public/ipaex/ipaexm.ttf></us
r/local/texlive/2019/texmf-dist/fonts/opentype/public/lm/lmroman10-regular.otf><
/usr/local/texlive/2019/texmf-dist/fonts/opentype/public/lm/lmroman12-bold.otf><
/usr/local/texlive/2019/texmf-dist/fonts/type1/public/amsfonts/cm/cmmi6.pfb></us
r/local/texlive/2019/texmf-dist/fonts/type1/public/amsfonts/cm/cmmi7.pfb></usr/l
ocal/texlive/2019/texmf-dist/fonts/type1/public/amsfonts/cm/cmsy10.pfb></usr/loc
al/texlive/2019/texmf-dist/fonts/type1/public/amsfonts/cm/cmsy9.pfb></usr/local/
texlive/2019/texmf-dist/fonts/type1/public/wasy-type1/wasy10.pfb></usr/local/tex
live/2019/texmf-dist/fonts/type1/public/wasy-type1/wasyb10.pfb>
Output written on tuttle.pdf (283 pages, 15530193 bytes).

PDF statistics: 12576 PDF objects out of 12825 (max. 8388607)
 7980 compressed objects within 80 object streams
 827 named destinations out of 1000 (max. 131072)
 192 words of extra memory for PDF output out of 10000 (max. 100000000)

