This is LuaTeX, Version 1.10.0 (TeX Live 2019)  (format=lualatex 2020.3.2)  11 APR 2020 20:52
 restricted system commands enabled.
**henri__table_of_radicals.tex
(./henri__table_of_radicals.tex
LaTeX2e <2020-02-02> patch level 5
Lua module: luaotfload-main 2020-02-02 3.12 luaotfload entry point
Lua module: luaotfload-init 2020-02-02 3.12 luaotfload submodule / initializatio
n
Lua module: lualibs 2020-02-02 2.70 ConTeXt Lua standard libraries.
Lua module: lualibs-extended 2020-02-02 2.70 ConTeXt Lua libraries -- extended c
ollection.
Lua module: luaotfload-log 2020-02-02 3.12 luaotfload submodule / logging
Lua module: luaotfload-parsers 2020-02-02 3.12 luaotfload submodule / filelist
Lua module: luaotfload-configuration 2020-02-02 3.12 luaotfload submodule / conf
ig file reader
luaotfload | conf : Root cache directory is /home/henri/.texlive2019/texmf-var/l
uatex-cache/generic-dev/names.
luaotfload | init : Loading fontloader “fontloader-2020-01-26.lua” from kpse
-resolved path “/usr/local/texlive/2019/texmf-dist/tex/luatex/luaotfload/fontl
oader-2020-01-26.lua”.
Lua-only attribute luaotfload@state = 2
Lua-only attribute luaotfload@noligature = 3
Lua-only attribute luaotfload@syllabe = 4
luaotfload | init : Context OpenType loader version “3.11”
Inserting `luaotfload.node_processor' at position 1 in `pre_linebreak_filter'.
Inserting `luaotfload.node_processor' at position 1 in `hpack_filter'.
Lua module: luaotfload-loaders 2020-02-02 3.12 luaotfload submodule / callback h
andling
Inserting `luaotfload.define_font' at position 1 in `define_font'.
Lua module: luaotfload-database 2020-02-02 3.12 luaotfload submodule / database
Lua module: luaotfload-unicode 2020-02-02 3.12 luaotfload submodule / Unicode he
lpers
Lua module: luaotfload-colors 2020-02-02 3.12 luaotfload submodule / color
Lua-only attribute luaotfload_color_attribute = 5
Lua module: luaotfload-resolvers 2020-02-02 3.12 luaotfload submodule / resolver
s
luaotfload | conf : Root cache directory is /home/henri/.texlive2019/texmf-var/l
uatex-cache/generic-dev/names.
Lua module: luaotfload-features 2020-02-02 3.12 luaotfload submodule / features
Lua module: luaotfload-letterspace 2020-02-02 3.12 luaotfload submodule / color
Lua module: luaotfload-embolden 2020-02-02 3.12 luaotfload submodule / color
Lua module: luaotfload-notdef 2020-02-02 3.12 luaotfload submodule / color
Lua module: luaotfload-auxiliary 2020-02-02 3.12 luaotfload submodule / auxiliar
y functions
Inserting `luaotfload.aux.set_sscale_dimens' at position 1 in `luaotfload.patch_
font'.
Inserting `luaotfload.aux.set_font_index' at position 2 in `luaotfload.patch_fon
t'.
Inserting `luaotfload.aux.patch_cambria_domh' at position 3 in `luaotfload.patch
_font'.
Inserting `luaotfload.aux.fixup_fontdata' at position 1 in `luaotfload.patch_fon
t_unsafe'.
Inserting `luaotfload.aux.set_capheight' at position 4 in `luaotfload.patch_font
'.
Inserting `luaotfload.aux.set_xheight' at position 5 in `luaotfload.patch_font'.
Lua module: luaotfload-fallback 2020-02-02 3.12 luaotfload submodule / fallback
Lua module: luaotfload-multiscript 2020-02-02 3.12 luaotfload submodule / multis
cript
Lua module: luaotfload-script 2020-02-02 3.12 luaotfload submodule / Script help
ers
Lua module: luaotfload-tounicode 2020-02-02 3.12 luaotfload submodule / tounicod
e
Inserting `luaotfload.rewrite_fontname' at position 6 in `luaotfload.patch_font'
. L3 programming layer <2020-02-25>
(/usr/local/texlive/2019/texmf-dist/tex/latex/base/article.cls
Document Class: article 2019/12/20 v1.4l Standard LaTeX document class
(/usr/local/texlive/2019/texmf-dist/tex/latex/base/size10.clo
File: size10.clo 2019/12/20 v1.4l Standard LaTeX file (size option)
luaotfload | db : Font names database loaded from /home/henri/.texlive2019/texmf
-var/luatex-cache/generic-dev/names/luaotfload-names.luc)
\c@part=\count163
\c@section=\count164
\c@subsection=\count165
\c@subsubsection=\count166
\c@paragraph=\count167
\c@subparagraph=\count168
\c@figure=\count169
\c@table=\count170
\abovecaptionskip=\skip47
\belowcaptionskip=\skip48
\bibindent=\dimen134
)
(/usr/local/texlive/2019/texmf-dist/tex/latex/geometry/geometry.sty
Package: geometry 2020/01/02 v5.9 Page Geometry

(/usr/local/texlive/2019/texmf-dist/tex/latex/graphics/keyval.sty
Package: keyval 2014/10/28 v1.15 key=value parser (DPC)
\KV@toks@=\toks15
)
(/usr/local/texlive/2019/texmf-dist/tex/generic/iftex/ifvtex.sty
Package: ifvtex 2019/10/25 v1.7 ifvtex legacy package. Use iftex instead.

(/usr/local/texlive/2019/texmf-dist/tex/generic/iftex/iftex.sty
Package: iftex 2019/11/07 v1.0c TeX engine tests
))
\Gm@cnth=\count171
\Gm@cntv=\count172
\c@Gm@tempcnt=\count173
\Gm@bindingoffset=\dimen135
\Gm@wd@mp=\dimen136
\Gm@odd@mp=\dimen137
\Gm@even@mp=\dimen138
\Gm@layoutwidth=\dimen139
\Gm@layoutheight=\dimen140
\Gm@layouthoffset=\dimen141
\Gm@layoutvoffset=\dimen142
\Gm@dimlist=\toks16
)
(/usr/local/texlive/2019/texmf-dist/tex/latex/xcolor/xcolor.sty
Package: xcolor 2016/05/11 v2.12 LaTeX color extensions (UK)

(/usr/local/texlive/2019/texmf-dist/tex/latex/graphics-cfg/color.cfg
File: color.cfg 2016/01/02 v1.6 sample color configuration
)
Package xcolor Info: Driver file: luatex.def on input line 225.

(/usr/local/texlive/2019/texmf-dist/tex/latex/graphics-def/luatex.def
File: luatex.def 2018/01/08 v1.0l Graphics/color driver for luatex
)
(/usr/local/texlive/2019/texmf-dist/tex/latex/colortbl/colortbl.sty
Package: colortbl 2020/01/04 v1.0e Color table columns (DPC)

(/usr/local/texlive/2019/texmf-dist/tex/latex/tools/array.sty
Package: array 2019/08/31 v2.4l Tabular extension package (FMi)
\col@sep=\dimen143
\ar@mcellbox=\box45
\extrarowheight=\dimen144
\NC@list=\toks17
\extratabsurround=\skip49
\backup@length=\skip50
\ar@cellbox=\box46
)
\everycr=\toks18
\minrowclearance=\skip51
)
\rownum=\count174
Package xcolor Info: Model `cmy' substituted by `cmy0' on input line 1348.
Package xcolor Info: Model `hsb' substituted by `rgb' on input line 1352.
Package xcolor Info: Model `RGB' extended on input line 1364.
Package xcolor Info: Model `HTML' substituted by `rgb' on input line 1366.
Package xcolor Info: Model `Hsb' substituted by `hsb' on input line 1367.
Package xcolor Info: Model `tHsb' substituted by `hsb' on input line 1368.
Package xcolor Info: Model `HSB' substituted by `hsb' on input line 1369.
Package xcolor Info: Model `Gray' substituted by `gray' on input line 1370.
Package xcolor Info: Model `wave' substituted by `hsb' on input line 1371.
)
(/usr/local/texlive/2019/texmf-dist/tex/latex/amsmath/amsmath.sty
Package: amsmath 2020/01/20 v2.17e AMS math features
\@mathmargin=\skip52

For additional information on amsmath, use the `?' option.
(/usr/local/texlive/2019/texmf-dist/tex/latex/amsmath/amstext.sty
Package: amstext 2000/06/29 v2.01 AMS text

(/usr/local/texlive/2019/texmf-dist/tex/latex/amsmath/amsgen.sty
File: amsgen.sty 1999/11/30 v2.0 generic functions
\@emptytoks=\toks19
\ex@=\dimen145
))
(/usr/local/texlive/2019/texmf-dist/tex/latex/amsmath/amsbsy.sty
Package: amsbsy 1999/11/29 v1.2d Bold Symbols
\pmbraise@=\dimen146
)
(/usr/local/texlive/2019/texmf-dist/tex/latex/amsmath/amsopn.sty
Package: amsopn 2016/03/08 v2.02 operator names
)
\inf@bad=\count175
LaTeX Info: Redefining \frac on input line 227.
\uproot@=\count176
\leftroot@=\count177
LaTeX Info: Redefining \overline on input line 389.
\classnum@=\count178
\DOTSCASE@=\count179
LaTeX Info: Redefining \ldots on input line 486.
LaTeX Info: Redefining \dots on input line 489.
LaTeX Info: Redefining \cdots on input line 610.
\Mathstrutbox@=\box47
\strutbox@=\box48
\big@size=\dimen147
LaTeX Font Info:    Redeclaring font encoding OML on input line 733.
LaTeX Font Info:    Redeclaring font encoding OMS on input line 734.
\macc@depth=\count180
\c@MaxMatrixCols=\count181
\dotsspace@=\muskip16
\c@parentequation=\count182
\dspbrk@lvl=\count183
\tag@help=\toks20
\row@=\count184
\column@=\count185
\maxfields@=\count186
\andhelp@=\toks21
\eqnshift@=\dimen148
\alignsep@=\dimen149
\tagshift@=\dimen150
\tagwidth@=\dimen151
\totwidth@=\dimen152
\lineht@=\dimen153
\@envbody=\toks22
\multlinegap=\skip53
\multlinetaggap=\skip54
\mathdisplay@stack=\toks23
LaTeX Info: Redefining \[ on input line 2859.
LaTeX Info: Redefining \] on input line 2860.
)
(/usr/local/texlive/2019/texmf-dist/tex/latex/l3packages/xfrac/xfrac.sty
(/usr/local/texlive/2019/texmf-dist/tex/latex/l3kernel/expl3.sty
Package: expl3 2020-02-25 L3 programming layer (loader) 

(/usr/local/texlive/2019/texmf-dist/tex/latex/l3backend/l3backend-pdfmode.def
File: l3backend-pdfmode.def 2020-02-23 L3 backend support: PDF mode
\l__kernel_color_stack_int=\count187
\l__pdf_internal_box=\box49
)) (/usr/local/texlive/2019/texmf-dist/tex/latex/graphics/graphicx.sty
Package: graphicx 2019/11/30 v1.2a Enhanced LaTeX Graphics (DPC,SPQR)

(/usr/local/texlive/2019/texmf-dist/tex/latex/graphics/graphics.sty
Package: graphics 2019/11/30 v1.4a Standard LaTeX Graphics (DPC,SPQR)

(/usr/local/texlive/2019/texmf-dist/tex/latex/graphics/trig.sty
Package: trig 2016/01/03 v1.10 sin cos tan (DPC)
)
(/usr/local/texlive/2019/texmf-dist/tex/latex/graphics-cfg/graphics.cfg
File: graphics.cfg 2016/06/04 v1.11 sample graphics configuration
)
Package graphics Info: Driver file: luatex.def on input line 105.
)
\Gin@req@height=\dimen154
\Gin@req@width=\dimen155
)
(/usr/local/texlive/2019/texmf-dist/tex/latex/l3packages/l3keys2e/l3keys2e.sty
Package: l3keys2e 2020-02-25 LaTeX2e option processing using LaTeX3 keys
) (/usr/local/texlive/2019/texmf-dist/tex/latex/base/textcomp.sty
Package: textcomp 2020/02/02 v2.0n Standard LaTeX package
)
(/usr/local/texlive/2019/texmf-dist/tex/latex/l3packages/xparse/xparse.sty
Package: xparse 2020-02-25 L3 Experimental document command parser
\l__xparse_current_arg_int=\count188
\g__xparse_grabber_int=\count189
\l__xparse_m_args_int=\count190
\l__xparse_v_nesting_int=\count191
)
(/usr/local/texlive/2019/texmf-dist/tex/latex/l3packages/xtemplate/xtemplate.st
y
Package: xtemplate 2020-02-25 L3 Experimental prototype document functions
\l__xtemplate_tmp_dim=\dimen156
\l__xtemplate_tmp_int=\count192
\l__xtemplate_tmp_muskip=\muskip17
\l__xtemplate_tmp_skip=\skip55
)
Package: xfrac 2020-02-25 L3 Experimental split-level fractions
\l__xfrac_slash_box=\box50
\l__xfrac_tmp_box=\box51
\l__xfrac_denominator_bot_sep_dim=\dimen157
\l__xfrac_numerator_bot_sep_dim=\dimen158
\l__xfrac_numerator_top_sep_dim=\dimen159
\l__xfrac_slash_left_sep_dim=\dimen160
\l__xfrac_slash_right_sep_dim=\dimen161
\l__xfrac_slash_left_muskip=\muskip18
\l__xfrac_slash_right_muskip=\muskip19

Package xtemplate Info: Declaring object type 'xfrac' taking 3 argument(s) on
(xtemplate)             line 80.

) (/usr/local/texlive/2019/texmf-dist/tex/latex/makecell/makecell.sty
Package: makecell 2009/08/03 V0.1e Managing of Tab Column Heads and Cells
\rotheadsize=\dimen162
\c@nlinenum=\count193
\TeXr@lab=\toks24
)
(/usr/local/texlive/2019/texmf-dist/tex/latex/booktabs/booktabs.sty
Package: booktabs 2020/01/12 v1.61803398 Publication quality tables
\heavyrulewidth=\dimen163
\lightrulewidth=\dimen164
\cmidrulewidth=\dimen165
\belowrulesep=\dimen166
\belowbottomsep=\dimen167
\aboverulesep=\dimen168
\abovetopsep=\dimen169
\cmidrulesep=\dimen170
\cmidrulekern=\dimen171
\defaultaddspace=\dimen172
\@cmidla=\count194
\@cmidlb=\count195
\@aboverulesep=\dimen173
\@belowrulesep=\dimen174
\@thisruleclass=\count196
\@lastruleclass=\count197
\@thisrulewidth=\dimen175
)
(/usr/local/texlive/2019/texmf-dist/tex/latex/tools/multicol.sty
Package: multicol 2019/12/09 v1.8y multicolumn formatting (FMi)
\c@tracingmulticols=\count198
\mult@box=\box52
\multicol@leftmargin=\dimen176
\c@unbalance=\count199
\c@collectmore=\count266
\doublecol@number=\count267
\multicoltolerance=\count268
\multicolpretolerance=\count269
\full@width=\dimen177
\page@free=\dimen178
\premulticols=\dimen179
\postmulticols=\dimen180
\multicolsep=\skip56
\multicolbaselineskip=\skip57
\partial@page=\box53
\last@line=\box54
\maxbalancingoverflow=\dimen181
\mult@rightbox=\box55
\mult@grightbox=\box56
\mult@gfirstbox=\box57
\mult@firstbox=\box58
\@tempa=\box59
\@tempa=\box60
\@tempa=\box61
\@tempa=\box62
\@tempa=\box63
\@tempa=\box64
\@tempa=\box65
\@tempa=\box66
\@tempa=\box67
\@tempa=\box68
\@tempa=\box69
\@tempa=\box70
\@tempa=\box71
\@tempa=\box72
\@tempa=\box73
\@tempa=\box74
\@tempa=\box75
\@tempa=\box76
\@tempa=\box77
\@tempa=\box78
\@tempa=\box79
\@tempa=\box80
\@tempa=\box81
\@tempa=\box82
\@tempa=\box83
\@tempa=\box84
\@tempa=\box85
\@tempa=\box86
\@tempa=\box87
\@tempa=\box88
\@tempa=\box89
\@tempa=\box90
\@tempa=\box91
\@tempa=\box92
\@tempa=\box93
\@tempa=\box94
\@tempa=\box95
\c@minrows=\count270
\c@columnbadness=\count271
\c@finalcolumnbadness=\count272
\last@try=\dimen182
\multicolovershoot=\dimen183
\multicolundershoot=\dimen184
\mult@nat@firstbox=\box96
\colbreak@box=\box97
\mc@col@check@num=\count273
)
(/usr/local/texlive/2019/texmf-dist/tex/latex/multirow/multirow.sty
Package: multirow 2019/05/31 v2.5 Span multiple rows of a table
\multirow@colwidth=\skip58
\multirow@cntb=\count274
\multirow@dima=\skip59
\bigstrutjot=\dimen185
)
(/usr/local/texlive/2019/texmf-dist/tex/latex/tools/calc.sty
Package: calc 2017/05/25 v4.3 Infix arithmetic (KKT,FJ)
\calc@Acount=\count275
\calc@Bcount=\count276
\calc@Adimen=\dimen186
\calc@Bdimen=\dimen187
\calc@Askip=\skip60
\calc@Bskip=\skip61
LaTeX Info: Redefining \setlength on input line 80.
LaTeX Info: Redefining \addtolength on input line 81.
\calc@Ccount=\count277
\calc@Cskip=\skip62
)
(/usr/local/texlive/2019/texmf-dist/tex/latex/tools/tabularx.sty
Package: tabularx 2020/01/15 v2.11c `tabularx' package (DPC)
\TX@col@width=\dimen188
\TX@old@table=\dimen189
\TX@old@col=\dimen190
\TX@target=\dimen191
\TX@delta=\dimen192
\TX@cols=\count278
\TX@ftn=\toks25
)
(/usr/local/texlive/2019/texmf-dist/tex/latex/tools/hhline.sty
Package: hhline 2020/01/04 v2.04 Table rule package (DPC)
)
(/usr/local/texlive/2019/texmf-dist/tex/latex/hyphenat/hyphenat.sty
Package: hyphenat 2009/09/02 v2.3c hyphenation utilities
\langwohyphens=\language2
LaTeX Info: Redefining \_ on input line 43.
)
(/usr/local/texlive/2019/texmf-dist/tex/latex/tools/longtable.sty
Package: longtable 2020/01/07 v4.13 Multi-page Table package (DPC)
\LTleft=\skip63
\LTright=\skip64
\LTpre=\skip65
\LTpost=\skip66
\LTchunksize=\count279
\LTcapwidth=\dimen193
\LT@head=\box98
\LT@firsthead=\box99
\LT@foot=\box100
\LT@lastfoot=\box101
\LT@cols=\count280
\LT@rows=\count281
\c@LT@tables=\count282
\c@LT@chunks=\count283
\LT@p@ftn=\toks26
)
(./henri__table_of_radicals.aux)
\openout1 = henri__table_of_radicals.aux

LaTeX Font Info:    Checking defaults for OML/cmm/m/it on input line 20.
LaTeX Font Info:    ... okay on input line 20.
LaTeX Font Info:    Checking defaults for OMS/cmsy/m/n on input line 20.
LaTeX Font Info:    ... okay on input line 20.
LaTeX Font Info:    Checking defaults for OT1/cmr/m/n on input line 20.
LaTeX Font Info:    ... okay on input line 20.
LaTeX Font Info:    Checking defaults for T1/cmr/m/n on input line 20.
LaTeX Font Info:    ... okay on input line 20.
LaTeX Font Info:    Checking defaults for TS1/cmr/m/n on input line 20.
LaTeX Font Info:    Trying to load font information for TS1+cmr on input line 20
.

(/usr/local/texlive/2019/texmf-dist/tex/latex/base/ts1cmr.fd
File: ts1cmr.fd 2019/12/16 v2.5j Standard LaTeX font definitions
)
LaTeX Font Info:    ... okay on input line 20.
LaTeX Font Info:    Checking defaults for TU/lmr/m/n on input line 20.
LaTeX Font Info:    ... okay on input line 20.
LaTeX Font Info:    Checking defaults for OMX/cmex/m/n on input line 20.
LaTeX Font Info:    ... okay on input line 20.
LaTeX Font Info:    Checking defaults for U/cmr/m/n on input line 20.
LaTeX Font Info:    ... okay on input line 20.

*geometry* driver: auto-detecting
*geometry* detected driver: luatex
*geometry* verbose mode - [ preamble ] result:
* driver: luatex
* paper: <default>
* layout: <same size as paper>
* layoutoffset:(h,v)=(0.0pt,0.0pt)
* modes: 
* h-part:(L,W,R)=(54.06006pt, 506.17488pt, 54.06006pt)
* v-part:(T,H,B)=(42.67912pt, 709.61174pt, 42.67912pt)
* \paperwidth=614.295pt
* \paperheight=794.96999pt
* \textwidth=506.17488pt
* \textheight=709.61174pt
* \oddsidemargin=-18.20993pt
* \evensidemargin=-18.20993pt
* \topmargin=-66.59087pt
* \headheight=12.0pt
* \headsep=25.0pt
* \topskip=10.0pt
* \footskip=30.0pt
* \marginparwidth=65.0pt
* \marginparsep=11.0pt
* \columnsep=10.0pt
* \skip\footins=9.0pt plus 4.0pt minus 2.0pt
* \hoffset=0.0pt
* \voffset=0.0pt
* \mag=1000
* \@twocolumnfalse
* \@twosidefalse
* \@mparswitchfalse
* \@reversemarginfalse
* (1in=72.27pt=25.4mm, 1cm=28.453pt)

(/usr/local/texlive/2019/texmf-dist/tex/context/base/mkii/supp-pdf.mkii
[Loading MPS to PDF converter (version 2006.09.02).]
\scratchcounter=\count284
\scratchdimen=\dimen194
\scratchbox=\box102
\nofMPsegments=\count285
\nofMParguments=\count286
\everyMPshowfont=\toks27
\MPscratchCnt=\count287
\MPscratchDim=\dimen195
\MPnumerator=\count288
\makeMPintoPDFobject=\count289
\everyMPtoPDFconversion=\toks28
) (/usr/local/texlive/2019/texmf-dist/tex/latex/epstopdf-pkg/epstopdf-base.sty
Package: epstopdf-base 2020-01-24 v2.11 Base part for package epstopdf
Package epstopdf-base Info: Redefining graphics rule for `.eps' on input line 48
5.

(/usr/local/texlive/2019/texmf-dist/tex/latex/latexconfig/epstopdf-sys.cfg
File: epstopdf-sys.cfg 2010/07/13 v1.3 Configuration of (r)epstopdf for TeX Live

))
Overfull \hbox (10.79745pt too wide) in alignment at lines 25--28
 [][][][][][] 
 []

</home/henri/stuff/japanese/tuttle_kanji/radicals/AozoraMincho_jpgs/001.jpg, id=
1, 302.12875pt x 303.1325pt>
File: /home/henri/stuff/japanese/tuttle_kanji/radicals/AozoraMincho_jpgs/001.jpg
 Graphic file (type jpg)
<use /home/henri/stuff/japanese/tuttle_kanji/radicals/AozoraMincho_jpgs/001.jpg>

Package luatex.def Info: /home/henri/stuff/japanese/tuttle_kanji/radicals/Aozora
Mincho_jpgs/001.jpg  used on input line 30.
(luatex.def)             Requested size: 48.36958pt x 48.52994pt.
</home/henri/stuff/japanese/tuttle_kanji/radicals/StrokeOrders_jpgs/001.jpg, id=
2, 331.2375pt x 331.2375pt>
File: /home/henri/stuff/japanese/tuttle_kanji/radicals/StrokeOrders_jpgs/001.jpg
 Graphic file (type jpg)
<use /home/henri/stuff/japanese/tuttle_kanji/radicals/StrokeOrders_jpgs/001.jpg>

Package luatex.def Info: /home/henri/stuff/japanese/tuttle_kanji/radicals/Stroke
Orders_jpgs/001.jpg  used on input line 30.
(luatex.def)             Requested size: 48.36958pt x 48.36937pt.
</home/henri/stuff/japanese/tuttle_kanji/radicals/AozoraMincho_jpgs/002.jpg, id=
3, 302.12875pt x 303.1325pt>
File: /home/henri/stuff/japanese/tuttle_kanji/radicals/AozoraMincho_jpgs/002.jpg
 Graphic file (type jpg)
<use /home/henri/stuff/japanese/tuttle_kanji/radicals/AozoraMincho_jpgs/002.jpg>

Package luatex.def Info: /home/henri/stuff/japanese/tuttle_kanji/radicals/Aozora
Mincho_jpgs/002.jpg  used on input line 31.
(luatex.def)             Requested size: 48.36958pt x 48.52994pt.
</home/henri/stuff/japanese/tuttle_kanji/radicals/StrokeOrders_jpgs/002.jpg, id=
4, 331.2375pt x 331.2375pt>
File: /home/henri/stuff/japanese/tuttle_kanji/radicals/StrokeOrders_jpgs/002.jpg
 Graphic file (type jpg)
<use /home/henri/stuff/japanese/tuttle_kanji/radicals/StrokeOrders_jpgs/002.jpg>

Package luatex.def Info: /home/henri/stuff/japanese/tuttle_kanji/radicals/Stroke
Orders_jpgs/002.jpg  used on input line 31.
(luatex.def)             Requested size: 48.36958pt x 48.36937pt.
</home/henri/stuff/japanese/tuttle_kanji/radicals/AozoraMincho_jpgs/003.jpg, id=
5, 302.12875pt x 303.1325pt>
File: /home/henri/stuff/japanese/tuttle_kanji/radicals/AozoraMincho_jpgs/003.jpg
 Graphic file (type jpg)
<use /home/henri/stuff/japanese/tuttle_kanji/radicals/AozoraMincho_jpgs/003.jpg>

Package luatex.def Info: /home/henri/stuff/japanese/tuttle_kanji/radicals/Aozora
Mincho_jpgs/003.jpg  used on input line 32.
(luatex.def)             Requested size: 48.36958pt x 48.52994pt.
</home/henri/stuff/japanese/tuttle_kanji/radicals/StrokeOrders_jpgs/003.jpg, id=
6, 331.2375pt x 331.2375pt>
File: /home/henri/stuff/japanese/tuttle_kanji/radicals/StrokeOrders_jpgs/003.jpg
 Graphic file (type jpg)
<use /home/henri/stuff/japanese/tuttle_kanji/radicals/StrokeOrders_jpgs/003.jpg>

Package luatex.def Info: /home/henri/stuff/japanese/tuttle_kanji/radicals/Stroke
Orders_jpgs/003.jpg  used on input line 32.
(luatex.def)             Requested size: 48.36958pt x 48.36937pt.
</home/henri/stuff/japanese/tuttle_kanji/radicals/AozoraMincho_jpgs/004.jpg, id=
7, 302.12875pt x 303.1325pt>
File: /home/henri/stuff/japanese/tuttle_kanji/radicals/AozoraMincho_jpgs/004.jpg
 Graphic file (type jpg)
<use /home/henri/stuff/japanese/tuttle_kanji/radicals/AozoraMincho_jpgs/004.jpg>

Package luatex.def Info: /home/henri/stuff/japanese/tuttle_kanji/radicals/Aozora
Mincho_jpgs/004.jpg  used on input line 33.
(luatex.def)             Requested size: 48.36958pt x 48.52994pt.
</home/henri/stuff/japanese/tuttle_kanji/radicals/StrokeOrders_jpgs/004.jpg, id=
8, 331.2375pt x 331.2375pt>
File: /home/henri/stuff/japanese/tuttle_kanji/radicals/StrokeOrders_jpgs/004.jpg
 Graphic file (type jpg)
<use /home/henri/stuff/japanese/tuttle_kanji/radicals/StrokeOrders_jpgs/004.jpg>

Package luatex.def Info: /home/henri/stuff/japanese/tuttle_kanji/radicals/Stroke
Orders_jpgs/004.jpg  used on input line 33.
(luatex.def)             Requested size: 48.36958pt x 48.36937pt.
</home/henri/stuff/japanese/tuttle_kanji/radicals/AozoraMincho_jpgs/005.jpg, id=
9, 302.12875pt x 303.1325pt>
File: /home/henri/stuff/japanese/tuttle_kanji/radicals/AozoraMincho_jpgs/005.jpg
 Graphic file (type jpg)
<use /home/henri/stuff/japanese/tuttle_kanji/radicals/AozoraMincho_jpgs/005.jpg>

Package luatex.def Info: /home/henri/stuff/japanese/tuttle_kanji/radicals/Aozora
Mincho_jpgs/005.jpg  used on input line 34.
(luatex.def)             Requested size: 48.36958pt x 48.52994pt.
</home/henri/stuff/japanese/tuttle_kanji/radicals/StrokeOrders_jpgs/005.jpg, id=
10, 331.2375pt x 331.2375pt>
File: /home/henri/stuff/japanese/tuttle_kanji/radicals/StrokeOrders_jpgs/005.jpg
 Graphic file (type jpg)
<use /home/henri/stuff/japanese/tuttle_kanji/radicals/StrokeOrders_jpgs/005.jpg>

Package luatex.def Info: /home/henri/stuff/japanese/tuttle_kanji/radicals/Stroke
Orders_jpgs/005.jpg  used on input line 34.
(luatex.def)             Requested size: 48.36958pt x 48.36937pt.
</home/henri/stuff/japanese/tuttle_kanji/radicals/variations/005a.jpg, id=11, 33
1.2375pt x 331.2375pt>
File: /home/henri/stuff/japanese/tuttle_kanji/radicals/variations/005a.jpg Graph
ic file (type jpg)
<use /home/henri/stuff/japanese/tuttle_kanji/radicals/variations/005a.jpg>
Package luatex.def Info: /home/henri/stuff/japanese/tuttle_kanji/radicals/variat
ions/005a.jpg  used on input line 34.
(luatex.def)             Requested size: 48.36958pt x 48.36937pt.
</home/henri/stuff/japanese/tuttle_kanji/radicals/variations/005b.jpg, id=12, 33
1.2375pt x 331.2375pt>
File: /home/henri/stuff/japanese/tuttle_kanji/radicals/variations/005b.jpg Graph
ic file (type jpg)
<use /home/henri/stuff/japanese/tuttle_kanji/radicals/variations/005b.jpg>
Package luatex.def Info: /home/henri/stuff/japanese/tuttle_kanji/radicals/variat
ions/005b.jpg  used on input line 34.
(luatex.def)             Requested size: 48.36958pt x 48.36937pt.
</home/henri/stuff/japanese/tuttle_kanji/radicals/AozoraMincho_jpgs/006.jpg, id=
13, 302.12875pt x 303.1325pt>
File: /home/henri/stuff/japanese/tuttle_kanji/radicals/AozoraMincho_jpgs/006.jpg
 Graphic file (type jpg)
<use /home/henri/stuff/japanese/tuttle_kanji/radicals/AozoraMincho_jpgs/006.jpg>

Package luatex.def Info: /home/henri/stuff/japanese/tuttle_kanji/radicals/Aozora
Mincho_jpgs/006.jpg  used on input line 35.
(luatex.def)             Requested size: 48.36958pt x 48.52994pt.
</home/henri/stuff/japanese/tuttle_kanji/radicals/StrokeOrders_jpgs/006.jpg, id=
14, 331.2375pt x 331.2375pt>
File: /home/henri/stuff/japanese/tuttle_kanji/radicals/StrokeOrders_jpgs/006.jpg
 Graphic file (type jpg)
<use /home/henri/stuff/japanese/tuttle_kanji/radicals/StrokeOrders_jpgs/006.jpg>

Package luatex.def Info: /home/henri/stuff/japanese/tuttle_kanji/radicals/Stroke
Orders_jpgs/006.jpg  used on input line 35.
(luatex.def)             Requested size: 48.36958pt x 48.36937pt.
</home/henri/stuff/japanese/tuttle_kanji/radicals/AozoraMincho_jpgs/007.jpg, id=
15, 302.12875pt x 303.1325pt>
File: /home/henri/stuff/japanese/tuttle_kanji/radicals/AozoraMincho_jpgs/007.jpg
 Graphic file (type jpg)
<use /home/henri/stuff/japanese/tuttle_kanji/radicals/AozoraMincho_jpgs/007.jpg>

Package luatex.def Info: /home/henri/stuff/japanese/tuttle_kanji/radicals/Aozora
Mincho_jpgs/007.jpg  used on input line 37.
(luatex.def)             Requested size: 48.36958pt x 48.52994pt.
</home/henri/stuff/japanese/tuttle_kanji/radicals/StrokeOrders_jpgs/007.jpg, id=
16, 331.2375pt x 331.2375pt>
File: /home/henri/stuff/japanese/tuttle_kanji/radicals/StrokeOrders_jpgs/007.jpg
 Graphic file (type jpg)
<use /home/henri/stuff/japanese/tuttle_kanji/radicals/StrokeOrders_jpgs/007.jpg>

Package luatex.def Info: /home/henri/stuff/japanese/tuttle_kanji/radicals/Stroke
Orders_jpgs/007.jpg  used on input line 37.
(luatex.def)             Requested size: 48.36958pt x 48.36937pt.
</home/henri/stuff/japanese/tuttle_kanji/radicals/AozoraMincho_jpgs/008.jpg, id=
17, 302.12875pt x 303.1325pt>
File: /home/henri/stuff/japanese/tuttle_kanji/radicals/AozoraMincho_jpgs/008.jpg
 Graphic file (type jpg)
<use /home/henri/stuff/japanese/tuttle_kanji/radicals/AozoraMincho_jpgs/008.jpg>

Package luatex.def Info: /home/henri/stuff/japanese/tuttle_kanji/radicals/Aozora
Mincho_jpgs/008.jpg  used on input line 38.
(luatex.def)             Requested size: 48.36958pt x 48.52994pt.
</home/henri/stuff/japanese/tuttle_kanji/radicals/StrokeOrders_jpgs/008.jpg, id=
18, 331.2375pt x 331.2375pt>
File: /home/henri/stuff/japanese/tuttle_kanji/radicals/StrokeOrders_jpgs/008.jpg
 Graphic file (type jpg)
<use /home/henri/stuff/japanese/tuttle_kanji/radicals/StrokeOrders_jpgs/008.jpg>

Package luatex.def Info: /home/henri/stuff/japanese/tuttle_kanji/radicals/Stroke
Orders_jpgs/008.jpg  used on input line 38.
(luatex.def)             Requested size: 48.36958pt x 48.36937pt.
</home/henri/stuff/japanese/tuttle_kanji/radicals/AozoraMincho_jpgs/009.jpg, id=
19, 302.12875pt x 303.1325pt>
File: /home/henri/stuff/japanese/tuttle_kanji/radicals/AozoraMincho_jpgs/009.jpg
 Graphic file (type jpg)
<use /home/henri/stuff/japanese/tuttle_kanji/radicals/AozoraMincho_jpgs/009.jpg>

Package luatex.def Info: /home/henri/stuff/japanese/tuttle_kanji/radicals/Aozora
Mincho_jpgs/009.jpg  used on input line 39.
(luatex.def)             Requested size: 48.36958pt x 48.52994pt.
</home/henri/stuff/japanese/tuttle_kanji/radicals/StrokeOrders_jpgs/009.jpg, id=
20, 331.2375pt x 331.2375pt>
File: /home/henri/stuff/japanese/tuttle_kanji/radicals/StrokeOrders_jpgs/009.jpg
 Graphic file (type jpg)
<use /home/henri/stuff/japanese/tuttle_kanji/radicals/StrokeOrders_jpgs/009.jpg>

Package luatex.def Info: /home/henri/stuff/japanese/tuttle_kanji/radicals/Stroke
Orders_jpgs/009.jpg  used on input line 39.
(luatex.def)             Requested size: 48.36958pt x 48.36937pt.
</home/henri/stuff/japanese/tuttle_kanji/radicals/variations/009a.jpg, id=21, 33
1.2375pt x 331.2375pt>
File: /home/henri/stuff/japanese/tuttle_kanji/radicals/variations/009a.jpg Graph
ic file (type jpg)
<use /home/henri/stuff/japanese/tuttle_kanji/radicals/variations/009a.jpg>
Package luatex.def Info: /home/henri/stuff/japanese/tuttle_kanji/radicals/variat
ions/009a.jpg  used on input line 39.
(luatex.def)             Requested size: 48.36958pt x 48.36937pt.
</home/henri/stuff/japanese/tuttle_kanji/radicals/variations/009b.jpg, id=22, 30
2.12875pt x 303.1325pt>
File: /home/henri/stuff/japanese/tuttle_kanji/radicals/variations/009b.jpg Graph
ic file (type jpg)
<use /home/henri/stuff/japanese/tuttle_kanji/radicals/variations/009b.jpg>
Package luatex.def Info: /home/henri/stuff/japanese/tuttle_kanji/radicals/variat
ions/009b.jpg  used on input line 39.
(luatex.def)             Requested size: 48.36958pt x 48.52994pt.
</home/henri/stuff/japanese/tuttle_kanji/radicals/variations/009c.jpg, id=23, 33
1.2375pt x 331.2375pt>
File: /home/henri/stuff/japanese/tuttle_kanji/radicals/variations/009c.jpg Graph
ic file (type jpg)
<use /home/henri/stuff/japanese/tuttle_kanji/radicals/variations/009c.jpg>
Package luatex.def Info: /home/henri/stuff/japanese/tuttle_kanji/radicals/variat
ions/009c.jpg  used on input line 39.
(luatex.def)             Requested size: 48.36958pt x 48.36937pt.
</home/henri/stuff/japanese/tuttle_kanji/radicals/AozoraMincho_jpgs/010.jpg, id=
24, 302.12875pt x 303.1325pt>
File: /home/henri/stuff/japanese/tuttle_kanji/radicals/AozoraMincho_jpgs/010.jpg
 Graphic file (type jpg)
<use /home/henri/stuff/japanese/tuttle_kanji/radicals/AozoraMincho_jpgs/010.jpg>

Package luatex.def Info: /home/henri/stuff/japanese/tuttle_kanji/radicals/Aozora
Mincho_jpgs/010.jpg  used on input line 40.
(luatex.def)             Requested size: 48.36958pt x 48.52994pt.
</home/henri/stuff/japanese/tuttle_kanji/radicals/StrokeOrders_jpgs/010.jpg, id=
25, 331.2375pt x 331.2375pt>
File: /home/henri/stuff/japanese/tuttle_kanji/radicals/StrokeOrders_jpgs/010.jpg
 Graphic file (type jpg)
<use /home/henri/stuff/japanese/tuttle_kanji/radicals/StrokeOrders_jpgs/010.jpg>

Package luatex.def Info: /home/henri/stuff/japanese/tuttle_kanji/radicals/Stroke
Orders_jpgs/010.jpg  used on input line 40.
(luatex.def)             Requested size: 48.36958pt x 48.36937pt.
</home/henri/stuff/japanese/tuttle_kanji/radicals/AozoraMincho_jpgs/011.jpg, id=
26, 302.12875pt x 303.1325pt>
File: /home/henri/stuff/japanese/tuttle_kanji/radicals/AozoraMincho_jpgs/011.jpg
 Graphic file (type jpg)
<use /home/henri/stuff/japanese/tuttle_kanji/radicals/AozoraMincho_jpgs/011.jpg>

Package luatex.def Info: /home/henri/stuff/japanese/tuttle_kanji/radicals/Aozora
Mincho_jpgs/011.jpg  used on input line 41.
(luatex.def)             Requested size: 48.36958pt x 48.52994pt.
</home/henri/stuff/japanese/tuttle_kanji/radicals/StrokeOrders_jpgs/011.jpg, id=
27, 331.2375pt x 331.2375pt>
File: /home/henri/stuff/japanese/tuttle_kanji/radicals/StrokeOrders_jpgs/011.jpg
 Graphic file (type jpg)
<use /home/henri/stuff/japanese/tuttle_kanji/radicals/StrokeOrders_jpgs/011.jpg>

Package luatex.def Info: /home/henri/stuff/japanese/tuttle_kanji/radicals/Stroke
Orders_jpgs/011.jpg  used on input line 41.
(luatex.def)             Requested size: 48.36958pt x 48.36937pt.
</home/henri/stuff/japanese/tuttle_kanji/radicals/AozoraMincho_jpgs/012.jpg, id=
28, 302.12875pt x 303.1325pt>
File: /home/henri/stuff/japanese/tuttle_kanji/radicals/AozoraMincho_jpgs/012.jpg
 Graphic file (type jpg)
<use /home/henri/stuff/japanese/tuttle_kanji/radicals/AozoraMincho_jpgs/012.jpg>

Package luatex.def Info: /home/henri/stuff/japanese/tuttle_kanji/radicals/Aozora
Mincho_jpgs/012.jpg  used on input line 42.
(luatex.def)             Requested size: 48.36958pt x 48.52994pt.
</home/henri/stuff/japanese/tuttle_kanji/radicals/StrokeOrders_jpgs/012.jpg, id=
29, 331.2375pt x 331.2375pt>
File: /home/henri/stuff/japanese/tuttle_kanji/radicals/StrokeOrders_jpgs/012.jpg
 Graphic file (type jpg)
<use /home/henri/stuff/japanese/tuttle_kanji/radicals/StrokeOrders_jpgs/012.jpg>

Package luatex.def Info: /home/henri/stuff/japanese/tuttle_kanji/radicals/Stroke
Orders_jpgs/012.jpg  used on input line 42.
(luatex.def)             Requested size: 48.36958pt x 48.36937pt.
</home/henri/stuff/japanese/tuttle_kanji/radicals/variations/012a.jpg, id=30, 33
1.2375pt x 331.2375pt>
File: /home/henri/stuff/japanese/tuttle_kanji/radicals/variations/012a.jpg Graph
ic file (type jpg)
<use /home/henri/stuff/japanese/tuttle_kanji/radicals/variations/012a.jpg>
Package luatex.def Info: /home/henri/stuff/japanese/tuttle_kanji/radicals/variat
ions/012a.jpg  used on input line 42.
(luatex.def)             Requested size: 48.36958pt x 48.36937pt.
</home/henri/stuff/japanese/tuttle_kanji/radicals/AozoraMincho_jpgs/013.jpg, id=
31, 302.12875pt x 303.1325pt>
File: /home/henri/stuff/japanese/tuttle_kanji/radicals/AozoraMincho_jpgs/013.jpg
 Graphic file (type jpg)
<use /home/henri/stuff/japanese/tuttle_kanji/radicals/AozoraMincho_jpgs/013.jpg>

Package luatex.def Info: /home/henri/stuff/japanese/tuttle_kanji/radicals/Aozora
Mincho_jpgs/013.jpg  used on input line 43.
(luatex.def)             Requested size: 48.36958pt x 48.52994pt.
</home/henri/stuff/japanese/tuttle_kanji/radicals/StrokeOrders_jpgs/013.jpg, id=
32, 331.2375pt x 331.2375pt>
File: /home/henri/stuff/japanese/tuttle_kanji/radicals/StrokeOrders_jpgs/013.jpg
 Graphic file (type jpg)
<use /home/henri/stuff/japanese/tuttle_kanji/radicals/StrokeOrders_jpgs/013.jpg>

Package luatex.def Info: /home/henri/stuff/japanese/tuttle_kanji/radicals/Stroke
Orders_jpgs/013.jpg  used on input line 43.
(luatex.def)             Requested size: 48.36958pt x 48.36937pt.
</home/henri/stuff/japanese/tuttle_kanji/radicals/AozoraMincho_jpgs/014.jpg, id=
33, 302.12875pt x 303.1325pt>
File: /home/henri/stuff/japanese/tuttle_kanji/radicals/AozoraMincho_jpgs/014.jpg
 Graphic file (type jpg)
<use /home/henri/stuff/japanese/tuttle_kanji/radicals/AozoraMincho_jpgs/014.jpg>

Package luatex.def Info: /home/henri/stuff/japanese/tuttle_kanji/radicals/Aozora
Mincho_jpgs/014.jpg  used on input line 44.
(luatex.def)             Requested size: 48.36958pt x 48.52994pt.
</home/henri/stuff/japanese/tuttle_kanji/radicals/StrokeOrders_jpgs/014.jpg, id=
34, 331.2375pt x 331.2375pt>
File: /home/henri/stuff/japanese/tuttle_kanji/radicals/StrokeOrders_jpgs/014.jpg
 Graphic file (type jpg)
<use /home/henri/stuff/japanese/tuttle_kanji/radicals/StrokeOrders_jpgs/014.jpg>

Package luatex.def Info: /home/henri/stuff/japanese/tuttle_kanji/radicals/Stroke
Orders_jpgs/014.jpg  used on input line 44.
(luatex.def)             Requested size: 48.36958pt x 48.36937pt.
</home/henri/stuff/japanese/tuttle_kanji/radicals/AozoraMincho_jpgs/015.jpg, id=
35, 302.12875pt x 303.1325pt>
File: /home/henri/stuff/japanese/tuttle_kanji/radicals/AozoraMincho_jpgs/015.jpg
 Graphic file (type jpg)
<use /home/henri/stuff/japanese/tuttle_kanji/radicals/AozoraMincho_jpgs/015.jpg>

Package luatex.def Info: /home/henri/stuff/japanese/tuttle_kanji/radicals/Aozora
Mincho_jpgs/015.jpg  used on input line 45.
(luatex.def)             Requested size: 48.36958pt x 48.52994pt.
</home/henri/stuff/japanese/tuttle_kanji/radicals/StrokeOrders_jpgs/015.jpg, id=
36, 331.2375pt x 331.2375pt>
File: /home/henri/stuff/japanese/tuttle_kanji/radicals/StrokeOrders_jpgs/015.jpg
 Graphic file (type jpg)
<use /home/henri/stuff/japanese/tuttle_kanji/radicals/StrokeOrders_jpgs/015.jpg>

Package luatex.def Info: /home/henri/stuff/japanese/tuttle_kanji/radicals/Stroke
Orders_jpgs/015.jpg  used on input line 45.
(luatex.def)             Requested size: 48.36958pt x 48.36937pt.
</home/henri/stuff/japanese/tuttle_kanji/radicals/AozoraMincho_jpgs/016.jpg, id=
37, 302.12875pt x 303.1325pt>
File: /home/henri/stuff/japanese/tuttle_kanji/radicals/AozoraMincho_jpgs/016.jpg
 Graphic file (type jpg)
<use /home/henri/stuff/japanese/tuttle_kanji/radicals/AozoraMincho_jpgs/016.jpg>

Package luatex.def Info: /home/henri/stuff/japanese/tuttle_kanji/radicals/Aozora
Mincho_jpgs/016.jpg  used on input line 46.
(luatex.def)             Requested size: 48.36958pt x 48.52994pt.
</home/henri/stuff/japanese/tuttle_kanji/radicals/StrokeOrders_jpgs/016.jpg, id=
38, 331.2375pt x 331.2375pt>
File: /home/henri/stuff/japanese/tuttle_kanji/radicals/StrokeOrders_jpgs/016.jpg
 Graphic file (type jpg)
<use /home/henri/stuff/japanese/tuttle_kanji/radicals/StrokeOrders_jpgs/016.jpg>

Package luatex.def Info: /home/henri/stuff/japanese/tuttle_kanji/radicals/Stroke
Orders_jpgs/016.jpg  used on input line 46.
(luatex.def)             Requested size: 48.36958pt x 48.36937pt.
</home/henri/stuff/japanese/tuttle_kanji/radicals/AozoraMincho_jpgs/017.jpg, id=
39, 302.12875pt x 303.1325pt>
File: /home/henri/stuff/japanese/tuttle_kanji/radicals/AozoraMincho_jpgs/017.jpg
 Graphic file (type jpg)
<use /home/henri/stuff/japanese/tuttle_kanji/radicals/AozoraMincho_jpgs/017.jpg>

Package luatex.def Info: /home/henri/stuff/japanese/tuttle_kanji/radicals/Aozora
Mincho_jpgs/017.jpg  used on input line 47.
(luatex.def)             Requested size: 48.36958pt x 48.52994pt.
</home/henri/stuff/japanese/tuttle_kanji/radicals/StrokeOrders_jpgs/017.jpg, id=
40, 331.2375pt x 331.2375pt>
File: /home/henri/stuff/japanese/tuttle_kanji/radicals/StrokeOrders_jpgs/017.jpg
 Graphic file (type jpg)
<use /home/henri/stuff/japanese/tuttle_kanji/radicals/StrokeOrders_jpgs/017.jpg>

Package luatex.def Info: /home/henri/stuff/japanese/tuttle_kanji/radicals/Stroke
Orders_jpgs/017.jpg  used on input line 47.
(luatex.def)             Requested size: 48.36958pt x 48.36937pt.
</home/henri/stuff/japanese/tuttle_kanji/radicals/AozoraMincho_jpgs/018.jpg, id=
41, 302.12875pt x 303.1325pt>
File: /home/henri/stuff/japanese/tuttle_kanji/radicals/AozoraMincho_jpgs/018.jpg
 Graphic file (type jpg)
<use /home/henri/stuff/japanese/tuttle_kanji/radicals/AozoraMincho_jpgs/018.jpg>

Package luatex.def Info: /home/henri/stuff/japanese/tuttle_kanji/radicals/Aozora
Mincho_jpgs/018.jpg  used on input line 48.
(luatex.def)             Requested size: 48.36958pt x 48.52994pt.
</home/henri/stuff/japanese/tuttle_kanji/radicals/StrokeOrders_jpgs/018.jpg, id=
42, 331.2375pt x 331.2375pt>
File: /home/henri/stuff/japanese/tuttle_kanji/radicals/StrokeOrders_jpgs/018.jpg
 Graphic file (type jpg)
<use /home/henri/stuff/japanese/tuttle_kanji/radicals/StrokeOrders_jpgs/018.jpg>

Package luatex.def Info: /home/henri/stuff/japanese/tuttle_kanji/radicals/Stroke
Orders_jpgs/018.jpg  used on input line 48.
(luatex.def)             Requested size: 48.36958pt x 48.36937pt.
</home/henri/stuff/japanese/tuttle_kanji/radicals/variations/018a.jpg, id=43, 33
1.2375pt x 331.2375pt>
File: /home/henri/stuff/japanese/tuttle_kanji/radicals/variations/018a.jpg Graph
ic file (type jpg)
<use /home/henri/stuff/japanese/tuttle_kanji/radicals/variations/018a.jpg>
Package luatex.def Info: /home/henri/stuff/japanese/tuttle_kanji/radicals/variat
ions/018a.jpg  used on input line 48.
(luatex.def)             Requested size: 48.36958pt x 48.36937pt.

Overfull \hbox (10.79745pt too wide) in alignment at lines 28--49
 [][][][][][] 
 []

</home/henri/stuff/japanese/tuttle_kanji/radicals/AozoraMincho_jpgs/019.jpg, id=
44, 302.12875pt x 303.1325pt>
File: /home/henri/stuff/japanese/tuttle_kanji/radicals/AozoraMincho_jpgs/019.jpg
 Graphic file (type jpg)
<use /home/henri/stuff/japanese/tuttle_kanji/radicals/AozoraMincho_jpgs/019.jpg>

Package luatex.def Info: /home/henri/stuff/japanese/tuttle_kanji/radicals/Aozora
Mincho_jpgs/019.jpg  used on input line 49.
(luatex.def)             Requested size: 48.36958pt x 48.52994pt.
</home/henri/stuff/japanese/tuttle_kanji/radicals/StrokeOrders_jpgs/019.jpg, id=
45, 331.2375pt x 331.2375pt>
File: /home/henri/stuff/japanese/tuttle_kanji/radicals/StrokeOrders_jpgs/019.jpg
 Graphic file (type jpg)
<use /home/henri/stuff/japanese/tuttle_kanji/radicals/StrokeOrders_jpgs/019.jpg>

Package luatex.def Info: /home/henri/stuff/japanese/tuttle_kanji/radicals/Stroke
Orders_jpgs/019.jpg  used on input line 49.
(luatex.def)             Requested size: 48.36958pt x 48.36937pt.
</home/henri/stuff/japanese/tuttle_kanji/radicals/AozoraMincho_jpgs/020.jpg, id=
46, 302.12875pt x 303.1325pt>
File: /home/henri/stuff/japanese/tuttle_kanji/radicals/AozoraMincho_jpgs/020.jpg
 Graphic file (type jpg)
<use /home/henri/stuff/japanese/tuttle_kanji/radicals/AozoraMincho_jpgs/020.jpg>

Package luatex.def Info: /home/henri/stuff/japanese/tuttle_kanji/radicals/Aozora
Mincho_jpgs/020.jpg  used on input line 50.
(luatex.def)             Requested size: 48.36958pt x 48.52994pt.
</home/henri/stuff/japanese/tuttle_kanji/radicals/StrokeOrders_jpgs/020.jpg, id=
47, 331.2375pt x 331.2375pt>
File: /home/henri/stuff/japanese/tuttle_kanji/radicals/StrokeOrders_jpgs/020.jpg
 Graphic file (type jpg)
<use /home/henri/stuff/japanese/tuttle_kanji/radicals/StrokeOrders_jpgs/020.jpg>

Package luatex.def Info: /home/henri/stuff/japanese/tuttle_kanji/radicals/Stroke
Orders_jpgs/020.jpg  used on input line 50.
(luatex.def)             Requested size: 48.36958pt x 48.36937pt.
</home/henri/stuff/japanese/tuttle_kanji/radicals/variations/020a.jpg, id=48, 33
1.2375pt x 331.2375pt>
File: /home/henri/stuff/japanese/tuttle_kanji/radicals/variations/020a.jpg Graph
ic file (type jpg)
<use /home/henri/stuff/japanese/tuttle_kanji/radicals/variations/020a.jpg>
Package luatex.def Info: /home/henri/stuff/japanese/tuttle_kanji/radicals/variat
ions/020a.jpg  used on input line 50.
(luatex.def)             Requested size: 48.36958pt x 48.36937pt.
</home/henri/stuff/japanese/tuttle_kanji/radicals/AozoraMincho_jpgs/021.jpg, id=
49, 302.12875pt x 303.1325pt>
File: /home/henri/stuff/japanese/tuttle_kanji/radicals/AozoraMincho_jpgs/021.jpg
 Graphic file (type jpg)
<use /home/henri/stuff/japanese/tuttle_kanji/radicals/AozoraMincho_jpgs/021.jpg>

Package luatex.def Info: /home/henri/stuff/japanese/tuttle_kanji/radicals/Aozora
Mincho_jpgs/021.jpg  used on input line 51.
(luatex.def)             Requested size: 48.36958pt x 48.52994pt.
</home/henri/stuff/japanese/tuttle_kanji/radicals/StrokeOrders_jpgs/021.jpg, id=
50, 331.2375pt x 331.2375pt>
File: /home/henri/stuff/japanese/tuttle_kanji/radicals/StrokeOrders_jpgs/021.jpg
 Graphic file (type jpg)
<use /home/henri/stuff/japanese/tuttle_kanji/radicals/StrokeOrders_jpgs/021.jpg>

Package luatex.def Info: /home/henri/stuff/japanese/tuttle_kanji/radicals/Stroke
Orders_jpgs/021.jpg  used on input line 51.
(luatex.def)             Requested size: 48.36958pt x 48.36937pt.
</home/henri/stuff/japanese/tuttle_kanji/radicals/AozoraMincho_jpgs/022.jpg, id=
51, 302.12875pt x 303.1325pt>
File: /home/henri/stuff/japanese/tuttle_kanji/radicals/AozoraMincho_jpgs/022.jpg
 Graphic file (type jpg)
<use /home/henri/stuff/japanese/tuttle_kanji/radicals/AozoraMincho_jpgs/022.jpg>

Package luatex.def Info: /home/henri/stuff/japanese/tuttle_kanji/radicals/Aozora
Mincho_jpgs/022.jpg  used on input line 52.
(luatex.def)             Requested size: 48.36958pt x 48.52994pt.
</home/henri/stuff/japanese/tuttle_kanji/radicals/StrokeOrders_jpgs/022.jpg, id=
52, 331.2375pt x 331.2375pt>
File: /home/henri/stuff/japanese/tuttle_kanji/radicals/StrokeOrders_jpgs/022.jpg
 Graphic file (type jpg)
<use /home/henri/stuff/japanese/tuttle_kanji/radicals/StrokeOrders_jpgs/022.jpg>

Package luatex.def Info: /home/henri/stuff/japanese/tuttle_kanji/radicals/Stroke
Orders_jpgs/022.jpg  used on input line 52.
(luatex.def)             Requested size: 48.36958pt x 48.36937pt.
</home/henri/stuff/japanese/tuttle_kanji/radicals/AozoraMincho_jpgs/023.jpg, id=
53, 302.12875pt x 303.1325pt>
File: /home/henri/stuff/japanese/tuttle_kanji/radicals/AozoraMincho_jpgs/023.jpg
 Graphic file (type jpg)
<use /home/henri/stuff/japanese/tuttle_kanji/radicals/AozoraMincho_jpgs/023.jpg>

Package luatex.def Info: /home/henri/stuff/japanese/tuttle_kanji/radicals/Aozora
Mincho_jpgs/023.jpg  used on input line 53.
(luatex.def)             Requested size: 48.36958pt x 48.52994pt.
</home/henri/stuff/japanese/tuttle_kanji/radicals/StrokeOrders_jpgs/023.jpg, id=
54, 331.2375pt x 331.2375pt>
File: /home/henri/stuff/japanese/tuttle_kanji/radicals/StrokeOrders_jpgs/023.jpg
 Graphic file (type jpg)
<use /home/henri/stuff/japanese/tuttle_kanji/radicals/StrokeOrders_jpgs/023.jpg>

Package luatex.def Info: /home/henri/stuff/japanese/tuttle_kanji/radicals/Stroke
Orders_jpgs/023.jpg  used on input line 53.
(luatex.def)             Requested size: 48.36958pt x 48.36937pt.
</home/henri/stuff/japanese/tuttle_kanji/radicals/variations/023a.jpg, id=55, 33
1.2375pt x 331.2375pt>
File: /home/henri/stuff/japanese/tuttle_kanji/radicals/variations/023a.jpg Graph
ic file (type jpg)
<use /home/henri/stuff/japanese/tuttle_kanji/radicals/variations/023a.jpg>
Package luatex.def Info: /home/henri/stuff/japanese/tuttle_kanji/radicals/variat
ions/023a.jpg  used on input line 53.
(luatex.def)             Requested size: 48.36958pt x 48.36937pt.
</home/henri/stuff/japanese/tuttle_kanji/radicals/AozoraMincho_jpgs/024.jpg, id=
56, 302.12875pt x 303.1325pt>
File: /home/henri/stuff/japanese/tuttle_kanji/radicals/AozoraMincho_jpgs/024.jpg
 Graphic file (type jpg)
<use /home/henri/stuff/japanese/tuttle_kanji/radicals/AozoraMincho_jpgs/024.jpg>

Package luatex.def Info: /home/henri/stuff/japanese/tuttle_kanji/radicals/Aozora
Mincho_jpgs/024.jpg  used on input line 54.
(luatex.def)             Requested size: 48.36958pt x 48.52994pt.
</home/henri/stuff/japanese/tuttle_kanji/radicals/StrokeOrders_jpgs/024.jpg, id=
57, 331.2375pt x 331.2375pt>
File: /home/henri/stuff/japanese/tuttle_kanji/radicals/StrokeOrders_jpgs/024.jpg
 Graphic file (type jpg)
<use /home/henri/stuff/japanese/tuttle_kanji/radicals/StrokeOrders_jpgs/024.jpg>

Package luatex.def Info: /home/henri/stuff/japanese/tuttle_kanji/radicals/Stroke
Orders_jpgs/024.jpg  used on input line 54.
(luatex.def)             Requested size: 48.36958pt x 48.36937pt.
</home/henri/stuff/japanese/tuttle_kanji/radicals/AozoraMincho_jpgs/025.jpg, id=
58, 302.12875pt x 303.1325pt>
File: /home/henri/stuff/japanese/tuttle_kanji/radicals/AozoraMincho_jpgs/025.jpg
 Graphic file (type jpg)
<use /home/henri/stuff/japanese/tuttle_kanji/radicals/AozoraMincho_jpgs/025.jpg>

Package luatex.def Info: /home/henri/stuff/japanese/tuttle_kanji/radicals/Aozora
Mincho_jpgs/025.jpg  used on input line 55.
(luatex.def)             Requested size: 48.36958pt x 48.52994pt.
</home/henri/stuff/japanese/tuttle_kanji/radicals/StrokeOrders_jpgs/025.jpg, id=
59, 331.2375pt x 331.2375pt>
File: /home/henri/stuff/japanese/tuttle_kanji/radicals/StrokeOrders_jpgs/025.jpg
 Graphic file (type jpg)
<use /home/henri/stuff/japanese/tuttle_kanji/radicals/StrokeOrders_jpgs/025.jpg>

Package luatex.def Info: /home/henri/stuff/japanese/tuttle_kanji/radicals/Stroke
Orders_jpgs/025.jpg  used on input line 55.
(luatex.def)             Requested size: 48.36958pt x 48.36937pt.
</home/henri/stuff/japanese/tuttle_kanji/radicals/AozoraMincho_jpgs/026.jpg, id=
60, 302.12875pt x 303.1325pt>
File: /home/henri/stuff/japanese/tuttle_kanji/radicals/AozoraMincho_jpgs/026.jpg
 Graphic file (type jpg)
<use /home/henri/stuff/japanese/tuttle_kanji/radicals/AozoraMincho_jpgs/026.jpg>

Package luatex.def Info: /home/henri/stuff/japanese/tuttle_kanji/radicals/Aozora
Mincho_jpgs/026.jpg  used on input line 56.
(luatex.def)             Requested size: 48.36958pt x 48.52994pt.
</home/henri/stuff/japanese/tuttle_kanji/radicals/StrokeOrders_jpgs/026.jpg, id=
61, 331.2375pt x 331.2375pt>
File: /home/henri/stuff/japanese/tuttle_kanji/radicals/StrokeOrders_jpgs/026.jpg
 Graphic file (type jpg)
<use /home/henri/stuff/japanese/tuttle_kanji/radicals/StrokeOrders_jpgs/026.jpg>

Package luatex.def Info: /home/henri/stuff/japanese/tuttle_kanji/radicals/Stroke
Orders_jpgs/026.jpg  used on input line 56.
(luatex.def)             Requested size: 48.36958pt x 48.36937pt.
</home/henri/stuff/japanese/tuttle_kanji/radicals/variations/026a.jpg, id=62, 33
1.2375pt x 331.2375pt>
File: /home/henri/stuff/japanese/tuttle_kanji/radicals/variations/026a.jpg Graph
ic file (type jpg)
<use /home/henri/stuff/japanese/tuttle_kanji/radicals/variations/026a.jpg>
Package luatex.def Info: /home/henri/stuff/japanese/tuttle_kanji/radicals/variat
ions/026a.jpg  used on input line 56.
(luatex.def)             Requested size: 48.36958pt x 48.36937pt.
</home/henri/stuff/japanese/tuttle_kanji/radicals/AozoraMincho_jpgs/027.jpg, id=
63, 302.12875pt x 303.1325pt>
File: /home/henri/stuff/japanese/tuttle_kanji/radicals/AozoraMincho_jpgs/027.jpg
 Graphic file (type jpg)
<use /home/henri/stuff/japanese/tuttle_kanji/radicals/AozoraMincho_jpgs/027.jpg>

Package luatex.def Info: /home/henri/stuff/japanese/tuttle_kanji/radicals/Aozora
Mincho_jpgs/027.jpg  used on input line 57.
(luatex.def)             Requested size: 48.36958pt x 48.52994pt.
</home/henri/stuff/japanese/tuttle_kanji/radicals/StrokeOrders_jpgs/027.jpg, id=
64, 331.2375pt x 331.2375pt>
File: /home/henri/stuff/japanese/tuttle_kanji/radicals/StrokeOrders_jpgs/027.jpg
 Graphic file (type jpg)
<use /home/henri/stuff/japanese/tuttle_kanji/radicals/StrokeOrders_jpgs/027.jpg>

Package luatex.def Info: /home/henri/stuff/japanese/tuttle_kanji/radicals/Stroke
Orders_jpgs/027.jpg  used on input line 57.
(luatex.def)             Requested size: 48.36958pt x 48.36937pt.
</home/henri/stuff/japanese/tuttle_kanji/radicals/AozoraMincho_jpgs/028.jpg, id=
65, 302.12875pt x 303.1325pt>
File: /home/henri/stuff/japanese/tuttle_kanji/radicals/AozoraMincho_jpgs/028.jpg
 Graphic file (type jpg)
<use /home/henri/stuff/japanese/tuttle_kanji/radicals/AozoraMincho_jpgs/028.jpg>

Package luatex.def Info: /home/henri/stuff/japanese/tuttle_kanji/radicals/Aozora
Mincho_jpgs/028.jpg  used on input line 58.
(luatex.def)             Requested size: 48.36958pt x 48.52994pt.
</home/henri/stuff/japanese/tuttle_kanji/radicals/StrokeOrders_jpgs/028.jpg, id=
66, 331.2375pt x 331.2375pt>
File: /home/henri/stuff/japanese/tuttle_kanji/radicals/StrokeOrders_jpgs/028.jpg
 Graphic file (type jpg)
<use /home/henri/stuff/japanese/tuttle_kanji/radicals/StrokeOrders_jpgs/028.jpg>

Package luatex.def Info: /home/henri/stuff/japanese/tuttle_kanji/radicals/Stroke
Orders_jpgs/028.jpg  used on input line 58.
(luatex.def)             Requested size: 48.36958pt x 48.36937pt.
</home/henri/stuff/japanese/tuttle_kanji/radicals/AozoraMincho_jpgs/029.jpg, id=
67, 302.12875pt x 303.1325pt>
File: /home/henri/stuff/japanese/tuttle_kanji/radicals/AozoraMincho_jpgs/029.jpg
 Graphic file (type jpg)
<use /home/henri/stuff/japanese/tuttle_kanji/radicals/AozoraMincho_jpgs/029.jpg>

Package luatex.def Info: /home/henri/stuff/japanese/tuttle_kanji/radicals/Aozora
Mincho_jpgs/029.jpg  used on input line 59.
(luatex.def)             Requested size: 48.36958pt x 48.52994pt.
</home/henri/stuff/japanese/tuttle_kanji/radicals/StrokeOrders_jpgs/029.jpg, id=
68, 331.2375pt x 331.2375pt>
File: /home/henri/stuff/japanese/tuttle_kanji/radicals/StrokeOrders_jpgs/029.jpg
 Graphic file (type jpg)
<use /home/henri/stuff/japanese/tuttle_kanji/radicals/StrokeOrders_jpgs/029.jpg>

Package luatex.def Info: /home/henri/stuff/japanese/tuttle_kanji/radicals/Stroke
Orders_jpgs/029.jpg  used on input line 59.
(luatex.def)             Requested size: 48.36958pt x 48.36937pt.
</home/henri/stuff/japanese/tuttle_kanji/radicals/AozoraMincho_jpgs/030.jpg, id=
69, 302.12875pt x 303.1325pt>
File: /home/henri/stuff/japanese/tuttle_kanji/radicals/AozoraMincho_jpgs/030.jpg
 Graphic file (type jpg)
<use /home/henri/stuff/japanese/tuttle_kanji/radicals/AozoraMincho_jpgs/030.jpg>

Package luatex.def Info: /home/henri/stuff/japanese/tuttle_kanji/radicals/Aozora
Mincho_jpgs/030.jpg  used on input line 61.
(luatex.def)             Requested size: 48.36958pt x 48.52994pt.
</home/henri/stuff/japanese/tuttle_kanji/radicals/StrokeOrders_jpgs/030.jpg, id=
70, 331.2375pt x 331.2375pt>
File: /home/henri/stuff/japanese/tuttle_kanji/radicals/StrokeOrders_jpgs/030.jpg
 Graphic file (type jpg)
<use /home/henri/stuff/japanese/tuttle_kanji/radicals/StrokeOrders_jpgs/030.jpg>

Package luatex.def Info: /home/henri/stuff/japanese/tuttle_kanji/radicals/Stroke
Orders_jpgs/030.jpg  used on input line 61.
(luatex.def)             Requested size: 48.36958pt x 48.36937pt.
</home/henri/stuff/japanese/tuttle_kanji/radicals/AozoraMincho_jpgs/031.jpg, id=
71, 302.12875pt x 303.1325pt>
File: /home/henri/stuff/japanese/tuttle_kanji/radicals/AozoraMincho_jpgs/031.jpg
 Graphic file (type jpg)
<use /home/henri/stuff/japanese/tuttle_kanji/radicals/AozoraMincho_jpgs/031.jpg>

Package luatex.def Info: /home/henri/stuff/japanese/tuttle_kanji/radicals/Aozora
Mincho_jpgs/031.jpg  used on input line 62.
(luatex.def)             Requested size: 48.36958pt x 48.52994pt.
</home/henri/stuff/japanese/tuttle_kanji/radicals/StrokeOrders_jpgs/031.jpg, id=
72, 331.2375pt x 331.2375pt>
File: /home/henri/stuff/japanese/tuttle_kanji/radicals/StrokeOrders_jpgs/031.jpg
 Graphic file (type jpg)
<use /home/henri/stuff/japanese/tuttle_kanji/radicals/StrokeOrders_jpgs/031.jpg>

Package luatex.def Info: /home/henri/stuff/japanese/tuttle_kanji/radicals/Stroke
Orders_jpgs/031.jpg  used on input line 62.
(luatex.def)             Requested size: 48.36958pt x 48.36937pt.
</home/henri/stuff/japanese/tuttle_kanji/radicals/AozoraMincho_jpgs/032.jpg, id=
73, 302.12875pt x 303.1325pt>
File: /home/henri/stuff/japanese/tuttle_kanji/radicals/AozoraMincho_jpgs/032.jpg
 Graphic file (type jpg)
<use /home/henri/stuff/japanese/tuttle_kanji/radicals/AozoraMincho_jpgs/032.jpg>

Package luatex.def Info: /home/henri/stuff/japanese/tuttle_kanji/radicals/Aozora
Mincho_jpgs/032.jpg  used on input line 63.
(luatex.def)             Requested size: 48.36958pt x 48.52994pt.
</home/henri/stuff/japanese/tuttle_kanji/radicals/StrokeOrders_jpgs/032.jpg, id=
74, 331.2375pt x 331.2375pt>
File: /home/henri/stuff/japanese/tuttle_kanji/radicals/StrokeOrders_jpgs/032.jpg
 Graphic file (type jpg)
<use /home/henri/stuff/japanese/tuttle_kanji/radicals/StrokeOrders_jpgs/032.jpg>

Package luatex.def Info: /home/henri/stuff/japanese/tuttle_kanji/radicals/Stroke
Orders_jpgs/032.jpg  used on input line 63.
(luatex.def)             Requested size: 48.36958pt x 48.36937pt.
</home/henri/stuff/japanese/tuttle_kanji/radicals/AozoraMincho_jpgs/033.jpg, id=
75, 302.12875pt x 303.1325pt>
File: /home/henri/stuff/japanese/tuttle_kanji/radicals/AozoraMincho_jpgs/033.jpg
 Graphic file (type jpg)
<use /home/henri/stuff/japanese/tuttle_kanji/radicals/AozoraMincho_jpgs/033.jpg>

Package luatex.def Info: /home/henri/stuff/japanese/tuttle_kanji/radicals/Aozora
Mincho_jpgs/033.jpg  used on input line 64.
(luatex.def)             Requested size: 48.36958pt x 48.52994pt.
</home/henri/stuff/japanese/tuttle_kanji/radicals/StrokeOrders_jpgs/033.jpg, id=
76, 331.2375pt x 331.2375pt>
File: /home/henri/stuff/japanese/tuttle_kanji/radicals/StrokeOrders_jpgs/033.jpg
 Graphic file (type jpg)
<use /home/henri/stuff/japanese/tuttle_kanji/radicals/StrokeOrders_jpgs/033.jpg>

Package luatex.def Info: /home/henri/stuff/japanese/tuttle_kanji/radicals/Stroke
Orders_jpgs/033.jpg  used on input line 64.
(luatex.def)             Requested size: 48.36958pt x 48.36937pt.
</home/henri/stuff/japanese/tuttle_kanji/radicals/AozoraMincho_jpgs/034.jpg, id=
77, 302.12875pt x 303.1325pt>
File: /home/henri/stuff/japanese/tuttle_kanji/radicals/AozoraMincho_jpgs/034.jpg
 Graphic file (type jpg)
<use /home/henri/stuff/japanese/tuttle_kanji/radicals/AozoraMincho_jpgs/034.jpg>

Package luatex.def Info: /home/henri/stuff/japanese/tuttle_kanji/radicals/Aozora
Mincho_jpgs/034.jpg  used on input line 65.
(luatex.def)             Requested size: 48.36958pt x 48.52994pt.
</home/henri/stuff/japanese/tuttle_kanji/radicals/StrokeOrders_jpgs/034.jpg, id=
78, 331.2375pt x 331.2375pt>
File: /home/henri/stuff/japanese/tuttle_kanji/radicals/StrokeOrders_jpgs/034.jpg
 Graphic file (type jpg)
<use /home/henri/stuff/japanese/tuttle_kanji/radicals/StrokeOrders_jpgs/034.jpg>

Package luatex.def Info: /home/henri/stuff/japanese/tuttle_kanji/radicals/Stroke
Orders_jpgs/034.jpg  used on input line 65.
(luatex.def)             Requested size: 48.36958pt x 48.36937pt.
</home/henri/stuff/japanese/tuttle_kanji/radicals/AozoraMincho_jpgs/035.jpg, id=
79, 302.12875pt x 303.1325pt>
File: /home/henri/stuff/japanese/tuttle_kanji/radicals/AozoraMincho_jpgs/035.jpg
 Graphic file (type jpg)
<use /home/henri/stuff/japanese/tuttle_kanji/radicals/AozoraMincho_jpgs/035.jpg>

Package luatex.def Info: /home/henri/stuff/japanese/tuttle_kanji/radicals/Aozora
Mincho_jpgs/035.jpg  used on input line 66.
(luatex.def)             Requested size: 48.36958pt x 48.52994pt.
</home/henri/stuff/japanese/tuttle_kanji/radicals/StrokeOrders_jpgs/035.jpg, id=
80, 331.2375pt x 331.2375pt>
File: /home/henri/stuff/japanese/tuttle_kanji/radicals/StrokeOrders_jpgs/035.jpg
 Graphic file (type jpg)
<use /home/henri/stuff/japanese/tuttle_kanji/radicals/StrokeOrders_jpgs/035.jpg>

Package luatex.def Info: /home/henri/stuff/japanese/tuttle_kanji/radicals/Stroke
Orders_jpgs/035.jpg  used on input line 66.
(luatex.def)             Requested size: 48.36958pt x 48.36937pt.
</home/henri/stuff/japanese/tuttle_kanji/radicals/AozoraMincho_jpgs/036.jpg, id=
81, 302.12875pt x 303.1325pt>
File: /home/henri/stuff/japanese/tuttle_kanji/radicals/AozoraMincho_jpgs/036.jpg
 Graphic file (type jpg)
<use /home/henri/stuff/japanese/tuttle_kanji/radicals/AozoraMincho_jpgs/036.jpg>

Package luatex.def Info: /home/henri/stuff/japanese/tuttle_kanji/radicals/Aozora
Mincho_jpgs/036.jpg  used on input line 67.
(luatex.def)             Requested size: 48.36958pt x 48.52994pt.
</home/henri/stuff/japanese/tuttle_kanji/radicals/StrokeOrders_jpgs/036.jpg, id=
82, 331.2375pt x 331.2375pt>
File: /home/henri/stuff/japanese/tuttle_kanji/radicals/StrokeOrders_jpgs/036.jpg
 Graphic file (type jpg)
<use /home/henri/stuff/japanese/tuttle_kanji/radicals/StrokeOrders_jpgs/036.jpg>

Package luatex.def Info: /home/henri/stuff/japanese/tuttle_kanji/radicals/Stroke
Orders_jpgs/036.jpg  used on input line 67.
(luatex.def)             Requested size: 48.36958pt x 48.36937pt.
</home/henri/stuff/japanese/tuttle_kanji/radicals/AozoraMincho_jpgs/037.jpg, id=
83, 302.12875pt x 303.1325pt>
File: /home/henri/stuff/japanese/tuttle_kanji/radicals/AozoraMincho_jpgs/037.jpg
 Graphic file (type jpg)
<use /home/henri/stuff/japanese/tuttle_kanji/radicals/AozoraMincho_jpgs/037.jpg>

Package luatex.def Info: /home/henri/stuff/japanese/tuttle_kanji/radicals/Aozora
Mincho_jpgs/037.jpg  used on input line 68.
(luatex.def)             Requested size: 48.36958pt x 48.52994pt.
</home/henri/stuff/japanese/tuttle_kanji/radicals/StrokeOrders_jpgs/037.jpg, id=
84, 331.2375pt x 331.2375pt>
File: /home/henri/stuff/japanese/tuttle_kanji/radicals/StrokeOrders_jpgs/037.jpg
 Graphic file (type jpg)
<use /home/henri/stuff/japanese/tuttle_kanji/radicals/StrokeOrders_jpgs/037.jpg>

Package luatex.def Info: /home/henri/stuff/japanese/tuttle_kanji/radicals/Stroke
Orders_jpgs/037.jpg  used on input line 68.
(luatex.def)             Requested size: 48.36958pt x 48.36937pt.

Overfull \hbox (10.79745pt too wide) in alignment at lines 49--69
 [][][][][][] 
 []

[1

{/usr/local/texlive/2019/texmf-var/fonts/map/pdftex/updmap/pdftex.map}</home/hen
ri/stuff/japanese/tuttle_kanji/radicals/AozoraMincho_jpgs/001.jpg></home/henri/s
tuff/japanese/tuttle_kanji/radicals/StrokeOrders_jpgs/001.jpg></home/henri/stuff
/japanese/tuttle_kanji/radicals/AozoraMincho_jpgs/002.jpg></home/henri/stuff/jap
anese/tuttle_kanji/radicals/StrokeOrders_jpgs/002.jpg></home/henri/stuff/japanes
e/tuttle_kanji/radicals/AozoraMincho_jpgs/003.jpg></home/henri/stuff/japanese/tu
ttle_kanji/radicals/StrokeOrders_jpgs/003.jpg></home/henri/stuff/japanese/tuttle
_kanji/radicals/AozoraMincho_jpgs/004.jpg></home/henri/stuff/japanese/tuttle_kan
ji/radicals/StrokeOrders_jpgs/004.jpg></home/henri/stuff/japanese/tuttle_kanji/r
adicals/AozoraMincho_jpgs/005.jpg></home/henri/stuff/japanese/tuttle_kanji/radic
als/StrokeOrders_jpgs/005.jpg></home/henri/stuff/japanese/tuttle_kanji/radicals/
variations/005a.jpg></home/henri/stuff/japanese/tuttle_kanji/radicals/variations
/005b.jpg></home/henri/stuff/japanese/tuttle_kanji/radicals/AozoraMincho_jpgs/00
6.jpg></home/henri/stuff/japanese/tuttle_kanji/radicals/StrokeOrders_jpgs/006.jp
g></home/henri/stuff/japanese/tuttle_kanji/radicals/AozoraMincho_jpgs/007.jpg></
home/henri/stuff/japanese/tuttle_kanji/radicals/StrokeOrders_jpgs/007.jpg></home
/henri/stuff/japanese/tuttle_kanji/radicals/AozoraMincho_jpgs/008.jpg></home/hen
ri/stuff/japanese/tuttle_kanji/radicals/StrokeOrders_jpgs/008.jpg></home/henri/s
tuff/japanese/tuttle_kanji/radicals/AozoraMincho_jpgs/009.jpg></home/henri/stuff
/japanese/tuttle_kanji/radicals/StrokeOrders_jpgs/009.jpg></home/henri/stuff/jap
anese/tuttle_kanji/radicals/variations/009a.jpg></home/henri/stuff/japanese/tutt
le_kanji/radicals/variations/009b.jpg></home/henri/stuff/japanese/tuttle_kanji/r
adicals/variations/009c.jpg></home/henri/stuff/japanese/tuttle_kanji/radicals/Ao
zoraMincho_jpgs/010.jpg></home/henri/stuff/japanese/tuttle_kanji/radicals/Stroke
Orders_jpgs/010.jpg></home/henri/stuff/japanese/tuttle_kanji/radicals/AozoraMinc
ho_jpgs/011.jpg></home/henri/stuff/japanese/tuttle_kanji/radicals/StrokeOrders_j
pgs/011.jpg></home/henri/stuff/japanese/tuttle_kanji/radicals/AozoraMincho_jpgs/
012.jpg></home/henri/stuff/japanese/tuttle_kanji/radicals/StrokeOrders_jpgs/012.
jpg></home/henri/stuff/japanese/tuttle_kanji/radicals/variations/012a.jpg>]
</home/henri/stuff/japanese/tuttle_kanji/radicals/AozoraMincho_jpgs/038.jpg, id=
93, 302.12875pt x 303.1325pt>
File: /home/henri/stuff/japanese/tuttle_kanji/radicals/AozoraMincho_jpgs/038.jpg
 Graphic file (type jpg)
<use /home/henri/stuff/japanese/tuttle_kanji/radicals/AozoraMincho_jpgs/038.jpg>

Package luatex.def Info: /home/henri/stuff/japanese/tuttle_kanji/radicals/Aozora
Mincho_jpgs/038.jpg  used on input line 69.
(luatex.def)             Requested size: 48.36958pt x 48.52994pt.
</home/henri/stuff/japanese/tuttle_kanji/radicals/StrokeOrders_jpgs/038.jpg, id=
94, 331.2375pt x 331.2375pt>
File: /home/henri/stuff/japanese/tuttle_kanji/radicals/StrokeOrders_jpgs/038.jpg
 Graphic file (type jpg)
<use /home/henri/stuff/japanese/tuttle_kanji/radicals/StrokeOrders_jpgs/038.jpg>

Package luatex.def Info: /home/henri/stuff/japanese/tuttle_kanji/radicals/Stroke
Orders_jpgs/038.jpg  used on input line 69.
(luatex.def)             Requested size: 48.36958pt x 48.36937pt.
</home/henri/stuff/japanese/tuttle_kanji/radicals/AozoraMincho_jpgs/039.jpg, id=
95, 302.12875pt x 303.1325pt>
File: /home/henri/stuff/japanese/tuttle_kanji/radicals/AozoraMincho_jpgs/039.jpg
 Graphic file (type jpg)
<use /home/henri/stuff/japanese/tuttle_kanji/radicals/AozoraMincho_jpgs/039.jpg>

Package luatex.def Info: /home/henri/stuff/japanese/tuttle_kanji/radicals/Aozora
Mincho_jpgs/039.jpg  used on input line 70.
(luatex.def)             Requested size: 48.36958pt x 48.52994pt.
</home/henri/stuff/japanese/tuttle_kanji/radicals/StrokeOrders_jpgs/039.jpg, id=
96, 331.2375pt x 331.2375pt>
File: /home/henri/stuff/japanese/tuttle_kanji/radicals/StrokeOrders_jpgs/039.jpg
 Graphic file (type jpg)
<use /home/henri/stuff/japanese/tuttle_kanji/radicals/StrokeOrders_jpgs/039.jpg>

Package luatex.def Info: /home/henri/stuff/japanese/tuttle_kanji/radicals/Stroke
Orders_jpgs/039.jpg  used on input line 70.
(luatex.def)             Requested size: 48.36958pt x 48.36937pt.
</home/henri/stuff/japanese/tuttle_kanji/radicals/AozoraMincho_jpgs/040.jpg, id=
97, 302.12875pt x 303.1325pt>
File: /home/henri/stuff/japanese/tuttle_kanji/radicals/AozoraMincho_jpgs/040.jpg
 Graphic file (type jpg)
<use /home/henri/stuff/japanese/tuttle_kanji/radicals/AozoraMincho_jpgs/040.jpg>

Package luatex.def Info: /home/henri/stuff/japanese/tuttle_kanji/radicals/Aozora
Mincho_jpgs/040.jpg  used on input line 71.
(luatex.def)             Requested size: 48.36958pt x 48.52994pt.
</home/henri/stuff/japanese/tuttle_kanji/radicals/StrokeOrders_jpgs/040.jpg, id=
98, 331.2375pt x 331.2375pt>
File: /home/henri/stuff/japanese/tuttle_kanji/radicals/StrokeOrders_jpgs/040.jpg
 Graphic file (type jpg)
<use /home/henri/stuff/japanese/tuttle_kanji/radicals/StrokeOrders_jpgs/040.jpg>

Package luatex.def Info: /home/henri/stuff/japanese/tuttle_kanji/radicals/Stroke
Orders_jpgs/040.jpg  used on input line 71.
(luatex.def)             Requested size: 48.36958pt x 48.36937pt.
</home/henri/stuff/japanese/tuttle_kanji/radicals/AozoraMincho_jpgs/041.jpg, id=
99, 302.12875pt x 303.1325pt>
File: /home/henri/stuff/japanese/tuttle_kanji/radicals/AozoraMincho_jpgs/041.jpg
 Graphic file (type jpg)
<use /home/henri/stuff/japanese/tuttle_kanji/radicals/AozoraMincho_jpgs/041.jpg>

Package luatex.def Info: /home/henri/stuff/japanese/tuttle_kanji/radicals/Aozora
Mincho_jpgs/041.jpg  used on input line 72.
(luatex.def)             Requested size: 48.36958pt x 48.52994pt.
</home/henri/stuff/japanese/tuttle_kanji/radicals/StrokeOrders_jpgs/041.jpg, id=
100, 331.2375pt x 331.2375pt>
File: /home/henri/stuff/japanese/tuttle_kanji/radicals/StrokeOrders_jpgs/041.jpg
 Graphic file (type jpg)
<use /home/henri/stuff/japanese/tuttle_kanji/radicals/StrokeOrders_jpgs/041.jpg>

Package luatex.def Info: /home/henri/stuff/japanese/tuttle_kanji/radicals/Stroke
Orders_jpgs/041.jpg  used on input line 72.
(luatex.def)             Requested size: 48.36958pt x 48.36937pt.
</home/henri/stuff/japanese/tuttle_kanji/radicals/AozoraMincho_jpgs/042.jpg, id=
101, 302.12875pt x 303.1325pt>
File: /home/henri/stuff/japanese/tuttle_kanji/radicals/AozoraMincho_jpgs/042.jpg
 Graphic file (type jpg)
<use /home/henri/stuff/japanese/tuttle_kanji/radicals/AozoraMincho_jpgs/042.jpg>

Package luatex.def Info: /home/henri/stuff/japanese/tuttle_kanji/radicals/Aozora
Mincho_jpgs/042.jpg  used on input line 73.
(luatex.def)             Requested size: 48.36958pt x 48.52994pt.
</home/henri/stuff/japanese/tuttle_kanji/radicals/StrokeOrders_jpgs/042.jpg, id=
102, 331.2375pt x 331.2375pt>
File: /home/henri/stuff/japanese/tuttle_kanji/radicals/StrokeOrders_jpgs/042.jpg
 Graphic file (type jpg)
<use /home/henri/stuff/japanese/tuttle_kanji/radicals/StrokeOrders_jpgs/042.jpg>

Package luatex.def Info: /home/henri/stuff/japanese/tuttle_kanji/radicals/Stroke
Orders_jpgs/042.jpg  used on input line 73.
(luatex.def)             Requested size: 48.36958pt x 48.36937pt.
</home/henri/stuff/japanese/tuttle_kanji/radicals/variations/042a.jpg, id=103, 3
31.2375pt x 331.2375pt>
File: /home/henri/stuff/japanese/tuttle_kanji/radicals/variations/042a.jpg Graph
ic file (type jpg)
<use /home/henri/stuff/japanese/tuttle_kanji/radicals/variations/042a.jpg>
Package luatex.def Info: /home/henri/stuff/japanese/tuttle_kanji/radicals/variat
ions/042a.jpg  used on input line 73.
(luatex.def)             Requested size: 48.36958pt x 48.36937pt.
</home/henri/stuff/japanese/tuttle_kanji/radicals/variations/042b.jpg, id=104, 3
31.2375pt x 331.2375pt>
File: /home/henri/stuff/japanese/tuttle_kanji/radicals/variations/042b.jpg Graph
ic file (type jpg)
<use /home/henri/stuff/japanese/tuttle_kanji/radicals/variations/042b.jpg>
Package luatex.def Info: /home/henri/stuff/japanese/tuttle_kanji/radicals/variat
ions/042b.jpg  used on input line 73.
(luatex.def)             Requested size: 48.36958pt x 48.36937pt.
</home/henri/stuff/japanese/tuttle_kanji/radicals/AozoraMincho_jpgs/043.jpg, id=
105, 302.12875pt x 303.1325pt>
File: /home/henri/stuff/japanese/tuttle_kanji/radicals/AozoraMincho_jpgs/043.jpg
 Graphic file (type jpg)
<use /home/henri/stuff/japanese/tuttle_kanji/radicals/AozoraMincho_jpgs/043.jpg>

Package luatex.def Info: /home/henri/stuff/japanese/tuttle_kanji/radicals/Aozora
Mincho_jpgs/043.jpg  used on input line 74.
(luatex.def)             Requested size: 48.36958pt x 48.52994pt.
</home/henri/stuff/japanese/tuttle_kanji/radicals/StrokeOrders_jpgs/043.jpg, id=
106, 331.2375pt x 331.2375pt>
File: /home/henri/stuff/japanese/tuttle_kanji/radicals/StrokeOrders_jpgs/043.jpg
 Graphic file (type jpg)
<use /home/henri/stuff/japanese/tuttle_kanji/radicals/StrokeOrders_jpgs/043.jpg>

Package luatex.def Info: /home/henri/stuff/japanese/tuttle_kanji/radicals/Stroke
Orders_jpgs/043.jpg  used on input line 74.
(luatex.def)             Requested size: 48.36958pt x 48.36937pt.
</home/henri/stuff/japanese/tuttle_kanji/radicals/variations/043a.jpg, id=107, 3
31.2375pt x 331.2375pt>
File: /home/henri/stuff/japanese/tuttle_kanji/radicals/variations/043a.jpg Graph
ic file (type jpg)
<use /home/henri/stuff/japanese/tuttle_kanji/radicals/variations/043a.jpg>
Package luatex.def Info: /home/henri/stuff/japanese/tuttle_kanji/radicals/variat
ions/043a.jpg  used on input line 74.
(luatex.def)             Requested size: 48.36958pt x 48.36937pt.
</home/henri/stuff/japanese/tuttle_kanji/radicals/variations/043b.jpg, id=108, 3
31.2375pt x 331.2375pt>
File: /home/henri/stuff/japanese/tuttle_kanji/radicals/variations/043b.jpg Graph
ic file (type jpg)
<use /home/henri/stuff/japanese/tuttle_kanji/radicals/variations/043b.jpg>
Package luatex.def Info: /home/henri/stuff/japanese/tuttle_kanji/radicals/variat
ions/043b.jpg  used on input line 74.
(luatex.def)             Requested size: 48.36958pt x 48.36937pt.
</home/henri/stuff/japanese/tuttle_kanji/radicals/AozoraMincho_jpgs/044.jpg, id=
109, 302.12875pt x 303.1325pt>
File: /home/henri/stuff/japanese/tuttle_kanji/radicals/AozoraMincho_jpgs/044.jpg
 Graphic file (type jpg)
<use /home/henri/stuff/japanese/tuttle_kanji/radicals/AozoraMincho_jpgs/044.jpg>

Package luatex.def Info: /home/henri/stuff/japanese/tuttle_kanji/radicals/Aozora
Mincho_jpgs/044.jpg  used on input line 75.
(luatex.def)             Requested size: 48.36958pt x 48.52994pt.
</home/henri/stuff/japanese/tuttle_kanji/radicals/StrokeOrders_jpgs/044.jpg, id=
110, 331.2375pt x 331.2375pt>
File: /home/henri/stuff/japanese/tuttle_kanji/radicals/StrokeOrders_jpgs/044.jpg
 Graphic file (type jpg)
<use /home/henri/stuff/japanese/tuttle_kanji/radicals/StrokeOrders_jpgs/044.jpg>

Package luatex.def Info: /home/henri/stuff/japanese/tuttle_kanji/radicals/Stroke
Orders_jpgs/044.jpg  used on input line 75.
(luatex.def)             Requested size: 48.36958pt x 48.36937pt.
</home/henri/stuff/japanese/tuttle_kanji/radicals/AozoraMincho_jpgs/045.jpg, id=
111, 302.12875pt x 303.1325pt>
File: /home/henri/stuff/japanese/tuttle_kanji/radicals/AozoraMincho_jpgs/045.jpg
 Graphic file (type jpg)
<use /home/henri/stuff/japanese/tuttle_kanji/radicals/AozoraMincho_jpgs/045.jpg>

Package luatex.def Info: /home/henri/stuff/japanese/tuttle_kanji/radicals/Aozora
Mincho_jpgs/045.jpg  used on input line 76.
(luatex.def)             Requested size: 48.36958pt x 48.52994pt.
</home/henri/stuff/japanese/tuttle_kanji/radicals/StrokeOrders_jpgs/045.jpg, id=
112, 331.2375pt x 331.2375pt>
File: /home/henri/stuff/japanese/tuttle_kanji/radicals/StrokeOrders_jpgs/045.jpg
 Graphic file (type jpg)
<use /home/henri/stuff/japanese/tuttle_kanji/radicals/StrokeOrders_jpgs/045.jpg>

Package luatex.def Info: /home/henri/stuff/japanese/tuttle_kanji/radicals/Stroke
Orders_jpgs/045.jpg  used on input line 76.
(luatex.def)             Requested size: 48.36958pt x 48.36937pt.
</home/henri/stuff/japanese/tuttle_kanji/radicals/AozoraMincho_jpgs/046.jpg, id=
113, 302.12875pt x 303.1325pt>
File: /home/henri/stuff/japanese/tuttle_kanji/radicals/AozoraMincho_jpgs/046.jpg
 Graphic file (type jpg)
<use /home/henri/stuff/japanese/tuttle_kanji/radicals/AozoraMincho_jpgs/046.jpg>

Package luatex.def Info: /home/henri/stuff/japanese/tuttle_kanji/radicals/Aozora
Mincho_jpgs/046.jpg  used on input line 77.
(luatex.def)             Requested size: 48.36958pt x 48.52994pt.
</home/henri/stuff/japanese/tuttle_kanji/radicals/StrokeOrders_jpgs/046.jpg, id=
114, 331.2375pt x 331.2375pt>
File: /home/henri/stuff/japanese/tuttle_kanji/radicals/StrokeOrders_jpgs/046.jpg
 Graphic file (type jpg)
<use /home/henri/stuff/japanese/tuttle_kanji/radicals/StrokeOrders_jpgs/046.jpg>

Package luatex.def Info: /home/henri/stuff/japanese/tuttle_kanji/radicals/Stroke
Orders_jpgs/046.jpg  used on input line 77.
(luatex.def)             Requested size: 48.36958pt x 48.36937pt.
</home/henri/stuff/japanese/tuttle_kanji/radicals/AozoraMincho_jpgs/047.jpg, id=
115, 302.12875pt x 303.1325pt>
File: /home/henri/stuff/japanese/tuttle_kanji/radicals/AozoraMincho_jpgs/047.jpg
 Graphic file (type jpg)
<use /home/henri/stuff/japanese/tuttle_kanji/radicals/AozoraMincho_jpgs/047.jpg>

Package luatex.def Info: /home/henri/stuff/japanese/tuttle_kanji/radicals/Aozora
Mincho_jpgs/047.jpg  used on input line 78.
(luatex.def)             Requested size: 48.36958pt x 48.52994pt.
</home/henri/stuff/japanese/tuttle_kanji/radicals/StrokeOrders_jpgs/047.jpg, id=
116, 331.2375pt x 331.2375pt>
File: /home/henri/stuff/japanese/tuttle_kanji/radicals/StrokeOrders_jpgs/047.jpg
 Graphic file (type jpg)
<use /home/henri/stuff/japanese/tuttle_kanji/radicals/StrokeOrders_jpgs/047.jpg>

Package luatex.def Info: /home/henri/stuff/japanese/tuttle_kanji/radicals/Stroke
Orders_jpgs/047.jpg  used on input line 78.
(luatex.def)             Requested size: 48.36958pt x 48.36937pt.
</home/henri/stuff/japanese/tuttle_kanji/radicals/variations/047a.jpg, id=117, 3
31.2375pt x 331.2375pt>
File: /home/henri/stuff/japanese/tuttle_kanji/radicals/variations/047a.jpg Graph
ic file (type jpg)
<use /home/henri/stuff/japanese/tuttle_kanji/radicals/variations/047a.jpg>
Package luatex.def Info: /home/henri/stuff/japanese/tuttle_kanji/radicals/variat
ions/047a.jpg  used on input line 78.
(luatex.def)             Requested size: 48.36958pt x 48.36937pt.
</home/henri/stuff/japanese/tuttle_kanji/radicals/variations/047b.jpg, id=118, 3
31.2375pt x 331.2375pt>
File: /home/henri/stuff/japanese/tuttle_kanji/radicals/variations/047b.jpg Graph
ic file (type jpg)
<use /home/henri/stuff/japanese/tuttle_kanji/radicals/variations/047b.jpg>
Package luatex.def Info: /home/henri/stuff/japanese/tuttle_kanji/radicals/variat
ions/047b.jpg  used on input line 78.
(luatex.def)             Requested size: 48.36958pt x 48.36937pt.
</home/henri/stuff/japanese/tuttle_kanji/radicals/AozoraMincho_jpgs/048.jpg, id=
119, 302.12875pt x 303.1325pt>
File: /home/henri/stuff/japanese/tuttle_kanji/radicals/AozoraMincho_jpgs/048.jpg
 Graphic file (type jpg)
<use /home/henri/stuff/japanese/tuttle_kanji/radicals/AozoraMincho_jpgs/048.jpg>

Package luatex.def Info: /home/henri/stuff/japanese/tuttle_kanji/radicals/Aozora
Mincho_jpgs/048.jpg  used on input line 79.
(luatex.def)             Requested size: 48.36958pt x 48.52994pt.
</home/henri/stuff/japanese/tuttle_kanji/radicals/StrokeOrders_jpgs/048.jpg, id=
120, 331.2375pt x 331.2375pt>
File: /home/henri/stuff/japanese/tuttle_kanji/radicals/StrokeOrders_jpgs/048.jpg
 Graphic file (type jpg)
<use /home/henri/stuff/japanese/tuttle_kanji/radicals/StrokeOrders_jpgs/048.jpg>

Package luatex.def Info: /home/henri/stuff/japanese/tuttle_kanji/radicals/Stroke
Orders_jpgs/048.jpg  used on input line 79.
(luatex.def)             Requested size: 48.36958pt x 48.36937pt.
</home/henri/stuff/japanese/tuttle_kanji/radicals/AozoraMincho_jpgs/049.jpg, id=
121, 302.12875pt x 303.1325pt>
File: /home/henri/stuff/japanese/tuttle_kanji/radicals/AozoraMincho_jpgs/049.jpg
 Graphic file (type jpg)
<use /home/henri/stuff/japanese/tuttle_kanji/radicals/AozoraMincho_jpgs/049.jpg>

Package luatex.def Info: /home/henri/stuff/japanese/tuttle_kanji/radicals/Aozora
Mincho_jpgs/049.jpg  used on input line 80.
(luatex.def)             Requested size: 48.36958pt x 48.52994pt.
</home/henri/stuff/japanese/tuttle_kanji/radicals/StrokeOrders_jpgs/049.jpg, id=
122, 331.2375pt x 331.2375pt>
File: /home/henri/stuff/japanese/tuttle_kanji/radicals/StrokeOrders_jpgs/049.jpg
 Graphic file (type jpg)
<use /home/henri/stuff/japanese/tuttle_kanji/radicals/StrokeOrders_jpgs/049.jpg>

Package luatex.def Info: /home/henri/stuff/japanese/tuttle_kanji/radicals/Stroke
Orders_jpgs/049.jpg  used on input line 80.
(luatex.def)             Requested size: 48.36958pt x 48.36937pt.
</home/henri/stuff/japanese/tuttle_kanji/radicals/variations/049a.jpg, id=123, 3
31.2375pt x 331.2375pt>
File: /home/henri/stuff/japanese/tuttle_kanji/radicals/variations/049a.jpg Graph
ic file (type jpg)
<use /home/henri/stuff/japanese/tuttle_kanji/radicals/variations/049a.jpg>
Package luatex.def Info: /home/henri/stuff/japanese/tuttle_kanji/radicals/variat
ions/049a.jpg  used on input line 80.
(luatex.def)             Requested size: 48.36958pt x 48.36937pt.
</home/henri/stuff/japanese/tuttle_kanji/radicals/variations/049b.jpg, id=124, 3
31.2375pt x 331.2375pt>
File: /home/henri/stuff/japanese/tuttle_kanji/radicals/variations/049b.jpg Graph
ic file (type jpg)
<use /home/henri/stuff/japanese/tuttle_kanji/radicals/variations/049b.jpg>
Package luatex.def Info: /home/henri/stuff/japanese/tuttle_kanji/radicals/variat
ions/049b.jpg  used on input line 80.
(luatex.def)             Requested size: 48.36958pt x 48.36937pt.
</home/henri/stuff/japanese/tuttle_kanji/radicals/AozoraMincho_jpgs/050.jpg, id=
125, 302.12875pt x 303.1325pt>
File: /home/henri/stuff/japanese/tuttle_kanji/radicals/AozoraMincho_jpgs/050.jpg
 Graphic file (type jpg)
<use /home/henri/stuff/japanese/tuttle_kanji/radicals/AozoraMincho_jpgs/050.jpg>

Package luatex.def Info: /home/henri/stuff/japanese/tuttle_kanji/radicals/Aozora
Mincho_jpgs/050.jpg  used on input line 81.
(luatex.def)             Requested size: 48.36958pt x 48.52994pt.
</home/henri/stuff/japanese/tuttle_kanji/radicals/StrokeOrders_jpgs/050.jpg, id=
126, 331.2375pt x 331.2375pt>
File: /home/henri/stuff/japanese/tuttle_kanji/radicals/StrokeOrders_jpgs/050.jpg
 Graphic file (type jpg)
<use /home/henri/stuff/japanese/tuttle_kanji/radicals/StrokeOrders_jpgs/050.jpg>

Package luatex.def Info: /home/henri/stuff/japanese/tuttle_kanji/radicals/Stroke
Orders_jpgs/050.jpg  used on input line 81.
(luatex.def)             Requested size: 48.36958pt x 48.36937pt.
</home/henri/stuff/japanese/tuttle_kanji/radicals/AozoraMincho_jpgs/051.jpg, id=
127, 302.12875pt x 303.1325pt>
File: /home/henri/stuff/japanese/tuttle_kanji/radicals/AozoraMincho_jpgs/051.jpg
 Graphic file (type jpg)
<use /home/henri/stuff/japanese/tuttle_kanji/radicals/AozoraMincho_jpgs/051.jpg>

Package luatex.def Info: /home/henri/stuff/japanese/tuttle_kanji/radicals/Aozora
Mincho_jpgs/051.jpg  used on input line 82.
(luatex.def)             Requested size: 48.36958pt x 48.52994pt.
</home/henri/stuff/japanese/tuttle_kanji/radicals/StrokeOrders_jpgs/051.jpg, id=
128, 331.2375pt x 331.2375pt>
File: /home/henri/stuff/japanese/tuttle_kanji/radicals/StrokeOrders_jpgs/051.jpg
 Graphic file (type jpg)
<use /home/henri/stuff/japanese/tuttle_kanji/radicals/StrokeOrders_jpgs/051.jpg>

Package luatex.def Info: /home/henri/stuff/japanese/tuttle_kanji/radicals/Stroke
Orders_jpgs/051.jpg  used on input line 82.
(luatex.def)             Requested size: 48.36958pt x 48.36937pt.
</home/henri/stuff/japanese/tuttle_kanji/radicals/AozoraMincho_jpgs/052.jpg, id=
129, 302.12875pt x 303.1325pt>
File: /home/henri/stuff/japanese/tuttle_kanji/radicals/AozoraMincho_jpgs/052.jpg
 Graphic file (type jpg)
<use /home/henri/stuff/japanese/tuttle_kanji/radicals/AozoraMincho_jpgs/052.jpg>

Package luatex.def Info: /home/henri/stuff/japanese/tuttle_kanji/radicals/Aozora
Mincho_jpgs/052.jpg  used on input line 83.
(luatex.def)             Requested size: 48.36958pt x 48.52994pt.
</home/henri/stuff/japanese/tuttle_kanji/radicals/StrokeOrders_jpgs/052.jpg, id=
130, 331.2375pt x 331.2375pt>
File: /home/henri/stuff/japanese/tuttle_kanji/radicals/StrokeOrders_jpgs/052.jpg
 Graphic file (type jpg)
<use /home/henri/stuff/japanese/tuttle_kanji/radicals/StrokeOrders_jpgs/052.jpg>

Package luatex.def Info: /home/henri/stuff/japanese/tuttle_kanji/radicals/Stroke
Orders_jpgs/052.jpg  used on input line 83.
(luatex.def)             Requested size: 48.36958pt x 48.36937pt.
</home/henri/stuff/japanese/tuttle_kanji/radicals/AozoraMincho_jpgs/053.jpg, id=
131, 302.12875pt x 303.1325pt>
File: /home/henri/stuff/japanese/tuttle_kanji/radicals/AozoraMincho_jpgs/053.jpg
 Graphic file (type jpg)
<use /home/henri/stuff/japanese/tuttle_kanji/radicals/AozoraMincho_jpgs/053.jpg>

Package luatex.def Info: /home/henri/stuff/japanese/tuttle_kanji/radicals/Aozora
Mincho_jpgs/053.jpg  used on input line 84.
(luatex.def)             Requested size: 48.36958pt x 48.52994pt.
</home/henri/stuff/japanese/tuttle_kanji/radicals/StrokeOrders_jpgs/053.jpg, id=
132, 331.2375pt x 331.2375pt>
File: /home/henri/stuff/japanese/tuttle_kanji/radicals/StrokeOrders_jpgs/053.jpg
 Graphic file (type jpg)
<use /home/henri/stuff/japanese/tuttle_kanji/radicals/StrokeOrders_jpgs/053.jpg>

Package luatex.def Info: /home/henri/stuff/japanese/tuttle_kanji/radicals/Stroke
Orders_jpgs/053.jpg  used on input line 84.
(luatex.def)             Requested size: 48.36958pt x 48.36937pt.
</home/henri/stuff/japanese/tuttle_kanji/radicals/AozoraMincho_jpgs/054.jpg, id=
133, 302.12875pt x 303.1325pt>
File: /home/henri/stuff/japanese/tuttle_kanji/radicals/AozoraMincho_jpgs/054.jpg
 Graphic file (type jpg)
<use /home/henri/stuff/japanese/tuttle_kanji/radicals/AozoraMincho_jpgs/054.jpg>

Package luatex.def Info: /home/henri/stuff/japanese/tuttle_kanji/radicals/Aozora
Mincho_jpgs/054.jpg  used on input line 85.
(luatex.def)             Requested size: 48.36958pt x 48.52994pt.
</home/henri/stuff/japanese/tuttle_kanji/radicals/StrokeOrders_jpgs/054.jpg, id=
134, 331.2375pt x 331.2375pt>
File: /home/henri/stuff/japanese/tuttle_kanji/radicals/StrokeOrders_jpgs/054.jpg
 Graphic file (type jpg)
<use /home/henri/stuff/japanese/tuttle_kanji/radicals/StrokeOrders_jpgs/054.jpg>

Package luatex.def Info: /home/henri/stuff/japanese/tuttle_kanji/radicals/Stroke
Orders_jpgs/054.jpg  used on input line 85.
(luatex.def)             Requested size: 48.36958pt x 48.36937pt.
</home/henri/stuff/japanese/tuttle_kanji/radicals/AozoraMincho_jpgs/055.jpg, id=
135, 302.12875pt x 303.1325pt>
File: /home/henri/stuff/japanese/tuttle_kanji/radicals/AozoraMincho_jpgs/055.jpg
 Graphic file (type jpg)
<use /home/henri/stuff/japanese/tuttle_kanji/radicals/AozoraMincho_jpgs/055.jpg>

Package luatex.def Info: /home/henri/stuff/japanese/tuttle_kanji/radicals/Aozora
Mincho_jpgs/055.jpg  used on input line 86.
(luatex.def)             Requested size: 48.36958pt x 48.52994pt.
</home/henri/stuff/japanese/tuttle_kanji/radicals/StrokeOrders_jpgs/055.jpg, id=
136, 331.2375pt x 331.2375pt>
File: /home/henri/stuff/japanese/tuttle_kanji/radicals/StrokeOrders_jpgs/055.jpg
 Graphic file (type jpg)
<use /home/henri/stuff/japanese/tuttle_kanji/radicals/StrokeOrders_jpgs/055.jpg>

Package luatex.def Info: /home/henri/stuff/japanese/tuttle_kanji/radicals/Stroke
Orders_jpgs/055.jpg  used on input line 86.
(luatex.def)             Requested size: 48.36958pt x 48.36937pt.
</home/henri/stuff/japanese/tuttle_kanji/radicals/AozoraMincho_jpgs/056.jpg, id=
137, 302.12875pt x 303.1325pt>
File: /home/henri/stuff/japanese/tuttle_kanji/radicals/AozoraMincho_jpgs/056.jpg
 Graphic file (type jpg)
<use /home/henri/stuff/japanese/tuttle_kanji/radicals/AozoraMincho_jpgs/056.jpg>

Package luatex.def Info: /home/henri/stuff/japanese/tuttle_kanji/radicals/Aozora
Mincho_jpgs/056.jpg  used on input line 87.
(luatex.def)             Requested size: 48.36958pt x 48.52994pt.
</home/henri/stuff/japanese/tuttle_kanji/radicals/StrokeOrders_jpgs/056.jpg, id=
138, 331.2375pt x 331.2375pt>
File: /home/henri/stuff/japanese/tuttle_kanji/radicals/StrokeOrders_jpgs/056.jpg
 Graphic file (type jpg)
<use /home/henri/stuff/japanese/tuttle_kanji/radicals/StrokeOrders_jpgs/056.jpg>

Package luatex.def Info: /home/henri/stuff/japanese/tuttle_kanji/radicals/Stroke
Orders_jpgs/056.jpg  used on input line 87.
(luatex.def)             Requested size: 48.36958pt x 48.36937pt.
</home/henri/stuff/japanese/tuttle_kanji/radicals/AozoraMincho_jpgs/057.jpg, id=
139, 302.12875pt x 303.1325pt>
File: /home/henri/stuff/japanese/tuttle_kanji/radicals/AozoraMincho_jpgs/057.jpg
 Graphic file (type jpg)
<use /home/henri/stuff/japanese/tuttle_kanji/radicals/AozoraMincho_jpgs/057.jpg>

Package luatex.def Info: /home/henri/stuff/japanese/tuttle_kanji/radicals/Aozora
Mincho_jpgs/057.jpg  used on input line 88.
(luatex.def)             Requested size: 48.36958pt x 48.52994pt.
</home/henri/stuff/japanese/tuttle_kanji/radicals/StrokeOrders_jpgs/057.jpg, id=
140, 331.2375pt x 331.2375pt>
File: /home/henri/stuff/japanese/tuttle_kanji/radicals/StrokeOrders_jpgs/057.jpg
 Graphic file (type jpg)
<use /home/henri/stuff/japanese/tuttle_kanji/radicals/StrokeOrders_jpgs/057.jpg>

Package luatex.def Info: /home/henri/stuff/japanese/tuttle_kanji/radicals/Stroke
Orders_jpgs/057.jpg  used on input line 88.
(luatex.def)             Requested size: 48.36958pt x 48.36937pt.

Overfull \hbox (10.79745pt too wide) in alignment at lines 69--89
 [][][][][][] 
 []

[2</home/henri/stuff/japanese/tuttle_kanji/radicals/AozoraMincho_jpgs/013.jpg></
home/henri/stuff/japanese/tuttle_kanji/radicals/StrokeOrders_jpgs/013.jpg></home
/henri/stuff/japanese/tuttle_kanji/radicals/AozoraMincho_jpgs/014.jpg></home/hen
ri/stuff/japanese/tuttle_kanji/radicals/StrokeOrders_jpgs/014.jpg></home/henri/s
tuff/japanese/tuttle_kanji/radicals/AozoraMincho_jpgs/015.jpg></home/henri/stuff
/japanese/tuttle_kanji/radicals/StrokeOrders_jpgs/015.jpg></home/henri/stuff/jap
anese/tuttle_kanji/radicals/AozoraMincho_jpgs/016.jpg></home/henri/stuff/japanes
e/tuttle_kanji/radicals/StrokeOrders_jpgs/016.jpg></home/henri/stuff/japanese/tu
ttle_kanji/radicals/AozoraMincho_jpgs/017.jpg></home/henri/stuff/japanese/tuttle
_kanji/radicals/StrokeOrders_jpgs/017.jpg></home/henri/stuff/japanese/tuttle_kan
ji/radicals/AozoraMincho_jpgs/018.jpg></home/henri/stuff/japanese/tuttle_kanji/r
adicals/StrokeOrders_jpgs/018.jpg></home/henri/stuff/japanese/tuttle_kanji/radic
als/variations/018a.jpg></home/henri/stuff/japanese/tuttle_kanji/radicals/Aozora
Mincho_jpgs/019.jpg></home/henri/stuff/japanese/tuttle_kanji/radicals/StrokeOrde
rs_jpgs/019.jpg></home/henri/stuff/japanese/tuttle_kanji/radicals/AozoraMincho_j
pgs/020.jpg></home/henri/stuff/japanese/tuttle_kanji/radicals/StrokeOrders_jpgs/
020.jpg></home/henri/stuff/japanese/tuttle_kanji/radicals/variations/020a.jpg></
home/henri/stuff/japanese/tuttle_kanji/radicals/AozoraMincho_jpgs/021.jpg></home
/henri/stuff/japanese/tuttle_kanji/radicals/StrokeOrders_jpgs/021.jpg></home/hen
ri/stuff/japanese/tuttle_kanji/radicals/AozoraMincho_jpgs/022.jpg></home/henri/s
tuff/japanese/tuttle_kanji/radicals/StrokeOrders_jpgs/022.jpg></home/henri/stuff
/japanese/tuttle_kanji/radicals/AozoraMincho_jpgs/023.jpg></home/henri/stuff/jap
anese/tuttle_kanji/radicals/StrokeOrders_jpgs/023.jpg></home/henri/stuff/japanes
e/tuttle_kanji/radicals/variations/023a.jpg></home/henri/stuff/japanese/tuttle_k
anji/radicals/AozoraMincho_jpgs/024.jpg></home/henri/stuff/japanese/tuttle_kanji
/radicals/StrokeOrders_jpgs/024.jpg></home/henri/stuff/japanese/tuttle_kanji/rad
icals/AozoraMincho_jpgs/025.jpg></home/henri/stuff/japanese/tuttle_kanji/radical
s/StrokeOrders_jpgs/025.jpg>]
</home/henri/stuff/japanese/tuttle_kanji/radicals/AozoraMincho_jpgs/058.jpg, id=
144, 241.90375pt x 303.1325pt>
File: /home/henri/stuff/japanese/tuttle_kanji/radicals/AozoraMincho_jpgs/058.jpg
 Graphic file (type jpg)
<use /home/henri/stuff/japanese/tuttle_kanji/radicals/AozoraMincho_jpgs/058.jpg>

Package luatex.def Info: /home/henri/stuff/japanese/tuttle_kanji/radicals/Aozora
Mincho_jpgs/058.jpg  used on input line 89.
(luatex.def)             Requested size: 48.36958pt x 60.61154pt.
</home/henri/stuff/japanese/tuttle_kanji/radicals/StrokeOrders_jpgs/058.jpg, id=
145, 331.2375pt x 331.2375pt>
File: /home/henri/stuff/japanese/tuttle_kanji/radicals/StrokeOrders_jpgs/058.jpg
 Graphic file (type jpg)
<use /home/henri/stuff/japanese/tuttle_kanji/radicals/StrokeOrders_jpgs/058.jpg>

Package luatex.def Info: /home/henri/stuff/japanese/tuttle_kanji/radicals/Stroke
Orders_jpgs/058.jpg  used on input line 89.
(luatex.def)             Requested size: 48.36958pt x 48.36937pt.
</home/henri/stuff/japanese/tuttle_kanji/radicals/variations/058a.jpg, id=146, 3
31.2375pt x 331.2375pt>
File: /home/henri/stuff/japanese/tuttle_kanji/radicals/variations/058a.jpg Graph
ic file (type jpg)
<use /home/henri/stuff/japanese/tuttle_kanji/radicals/variations/058a.jpg>
Package luatex.def Info: /home/henri/stuff/japanese/tuttle_kanji/radicals/variat
ions/058a.jpg  used on input line 89.
(luatex.def)             Requested size: 48.36958pt x 48.36937pt.
</home/henri/stuff/japanese/tuttle_kanji/radicals/variations/058b.jpg, id=147, 3
31.2375pt x 331.2375pt>
File: /home/henri/stuff/japanese/tuttle_kanji/radicals/variations/058b.jpg Graph
ic file (type jpg)
<use /home/henri/stuff/japanese/tuttle_kanji/radicals/variations/058b.jpg>
Package luatex.def Info: /home/henri/stuff/japanese/tuttle_kanji/radicals/variat
ions/058b.jpg  used on input line 89.
(luatex.def)             Requested size: 48.36958pt x 48.36937pt.
</home/henri/stuff/japanese/tuttle_kanji/radicals/AozoraMincho_jpgs/059.jpg, id=
148, 302.12875pt x 303.1325pt>
File: /home/henri/stuff/japanese/tuttle_kanji/radicals/AozoraMincho_jpgs/059.jpg
 Graphic file (type jpg)
<use /home/henri/stuff/japanese/tuttle_kanji/radicals/AozoraMincho_jpgs/059.jpg>

Package luatex.def Info: /home/henri/stuff/japanese/tuttle_kanji/radicals/Aozora
Mincho_jpgs/059.jpg  used on input line 90.
(luatex.def)             Requested size: 48.36958pt x 48.52994pt.
</home/henri/stuff/japanese/tuttle_kanji/radicals/StrokeOrders_jpgs/059.jpg, id=
149, 331.2375pt x 331.2375pt>
File: /home/henri/stuff/japanese/tuttle_kanji/radicals/StrokeOrders_jpgs/059.jpg
 Graphic file (type jpg)
<use /home/henri/stuff/japanese/tuttle_kanji/radicals/StrokeOrders_jpgs/059.jpg>

Package luatex.def Info: /home/henri/stuff/japanese/tuttle_kanji/radicals/Stroke
Orders_jpgs/059.jpg  used on input line 90.
(luatex.def)             Requested size: 48.36958pt x 48.36937pt.
</home/henri/stuff/japanese/tuttle_kanji/radicals/AozoraMincho_jpgs/060.jpg, id=
150, 302.12875pt x 303.1325pt>
File: /home/henri/stuff/japanese/tuttle_kanji/radicals/AozoraMincho_jpgs/060.jpg
 Graphic file (type jpg)
<use /home/henri/stuff/japanese/tuttle_kanji/radicals/AozoraMincho_jpgs/060.jpg>

Package luatex.def Info: /home/henri/stuff/japanese/tuttle_kanji/radicals/Aozora
Mincho_jpgs/060.jpg  used on input line 91.
(luatex.def)             Requested size: 48.36958pt x 48.52994pt.
</home/henri/stuff/japanese/tuttle_kanji/radicals/StrokeOrders_jpgs/060.jpg, id=
151, 331.2375pt x 331.2375pt>
File: /home/henri/stuff/japanese/tuttle_kanji/radicals/StrokeOrders_jpgs/060.jpg
 Graphic file (type jpg)
<use /home/henri/stuff/japanese/tuttle_kanji/radicals/StrokeOrders_jpgs/060.jpg>

Package luatex.def Info: /home/henri/stuff/japanese/tuttle_kanji/radicals/Stroke
Orders_jpgs/060.jpg  used on input line 91.
(luatex.def)             Requested size: 48.36958pt x 48.36937pt.
</home/henri/stuff/japanese/tuttle_kanji/radicals/AozoraMincho_jpgs/061.jpg, id=
152, 302.12875pt x 303.1325pt>
File: /home/henri/stuff/japanese/tuttle_kanji/radicals/AozoraMincho_jpgs/061.jpg
 Graphic file (type jpg)
<use /home/henri/stuff/japanese/tuttle_kanji/radicals/AozoraMincho_jpgs/061.jpg>

Package luatex.def Info: /home/henri/stuff/japanese/tuttle_kanji/radicals/Aozora
Mincho_jpgs/061.jpg  used on input line 93.
(luatex.def)             Requested size: 48.36958pt x 48.52994pt.
</home/henri/stuff/japanese/tuttle_kanji/radicals/StrokeOrders_jpgs/061.jpg, id=
153, 331.2375pt x 403.5075pt>
File: /home/henri/stuff/japanese/tuttle_kanji/radicals/StrokeOrders_jpgs/061.jpg
 Graphic file (type jpg)
<use /home/henri/stuff/japanese/tuttle_kanji/radicals/StrokeOrders_jpgs/061.jpg>

Package luatex.def Info: /home/henri/stuff/japanese/tuttle_kanji/radicals/Stroke
Orders_jpgs/061.jpg  used on input line 93.
(luatex.def)             Requested size: 48.36958pt x 58.92268pt.
</home/henri/stuff/japanese/tuttle_kanji/radicals/variations/061a.jpg, id=154, 3
31.2375pt x 331.2375pt>
File: /home/henri/stuff/japanese/tuttle_kanji/radicals/variations/061a.jpg Graph
ic file (type jpg)
<use /home/henri/stuff/japanese/tuttle_kanji/radicals/variations/061a.jpg>
Package luatex.def Info: /home/henri/stuff/japanese/tuttle_kanji/radicals/variat
ions/061a.jpg  used on input line 93.
(luatex.def)             Requested size: 48.36958pt x 48.36937pt.
</home/henri/stuff/japanese/tuttle_kanji/radicals/variations/061b.jpg, id=155, 3
31.2375pt x 331.2375pt>
File: /home/henri/stuff/japanese/tuttle_kanji/radicals/variations/061b.jpg Graph
ic file (type jpg)
<use /home/henri/stuff/japanese/tuttle_kanji/radicals/variations/061b.jpg>
Package luatex.def Info: /home/henri/stuff/japanese/tuttle_kanji/radicals/variat
ions/061b.jpg  used on input line 93.
(luatex.def)             Requested size: 48.36958pt x 48.36937pt.
</home/henri/stuff/japanese/tuttle_kanji/radicals/AozoraMincho_jpgs/062.jpg, id=
156, 302.12875pt x 303.1325pt>
File: /home/henri/stuff/japanese/tuttle_kanji/radicals/AozoraMincho_jpgs/062.jpg
 Graphic file (type jpg)
<use /home/henri/stuff/japanese/tuttle_kanji/radicals/AozoraMincho_jpgs/062.jpg>

Package luatex.def Info: /home/henri/stuff/japanese/tuttle_kanji/radicals/Aozora
Mincho_jpgs/062.jpg  used on input line 94.
(luatex.def)             Requested size: 48.36958pt x 48.52994pt.
</home/henri/stuff/japanese/tuttle_kanji/radicals/StrokeOrders_jpgs/062.jpg, id=
157, 331.2375pt x 331.2375pt>
File: /home/henri/stuff/japanese/tuttle_kanji/radicals/StrokeOrders_jpgs/062.jpg
 Graphic file (type jpg)
<use /home/henri/stuff/japanese/tuttle_kanji/radicals/StrokeOrders_jpgs/062.jpg>

Package luatex.def Info: /home/henri/stuff/japanese/tuttle_kanji/radicals/Stroke
Orders_jpgs/062.jpg  used on input line 94.
(luatex.def)             Requested size: 48.36958pt x 48.36937pt.
</home/henri/stuff/japanese/tuttle_kanji/radicals/AozoraMincho_jpgs/063.jpg, id=
158, 302.12875pt x 303.1325pt>
File: /home/henri/stuff/japanese/tuttle_kanji/radicals/AozoraMincho_jpgs/063.jpg
 Graphic file (type jpg)
<use /home/henri/stuff/japanese/tuttle_kanji/radicals/AozoraMincho_jpgs/063.jpg>

Package luatex.def Info: /home/henri/stuff/japanese/tuttle_kanji/radicals/Aozora
Mincho_jpgs/063.jpg  used on input line 95.
(luatex.def)             Requested size: 48.36958pt x 48.52994pt.
</home/henri/stuff/japanese/tuttle_kanji/radicals/StrokeOrders_jpgs/063.jpg, id=
159, 331.2375pt x 331.2375pt>
File: /home/henri/stuff/japanese/tuttle_kanji/radicals/StrokeOrders_jpgs/063.jpg
 Graphic file (type jpg)
<use /home/henri/stuff/japanese/tuttle_kanji/radicals/StrokeOrders_jpgs/063.jpg>

Package luatex.def Info: /home/henri/stuff/japanese/tuttle_kanji/radicals/Stroke
Orders_jpgs/063.jpg  used on input line 95.
(luatex.def)             Requested size: 48.36958pt x 48.36937pt.
</home/henri/stuff/japanese/tuttle_kanji/radicals/variations/063a.jpg, id=160, 3
31.2375pt x 331.2375pt>
File: /home/henri/stuff/japanese/tuttle_kanji/radicals/variations/063a.jpg Graph
ic file (type jpg)
<use /home/henri/stuff/japanese/tuttle_kanji/radicals/variations/063a.jpg>
Package luatex.def Info: /home/henri/stuff/japanese/tuttle_kanji/radicals/variat
ions/063a.jpg  used on input line 95.
(luatex.def)             Requested size: 48.36958pt x 48.36937pt.
</home/henri/stuff/japanese/tuttle_kanji/radicals/variations/063b.jpg, id=161, 3
31.2375pt x 331.2375pt>
File: /home/henri/stuff/japanese/tuttle_kanji/radicals/variations/063b.jpg Graph
ic file (type jpg)
<use /home/henri/stuff/japanese/tuttle_kanji/radicals/variations/063b.jpg>
Package luatex.def Info: /home/henri/stuff/japanese/tuttle_kanji/radicals/variat
ions/063b.jpg  used on input line 95.
(luatex.def)             Requested size: 48.36958pt x 48.36937pt.
</home/henri/stuff/japanese/tuttle_kanji/radicals/AozoraMincho_jpgs/064.jpg, id=
162, 302.12875pt x 303.1325pt>
File: /home/henri/stuff/japanese/tuttle_kanji/radicals/AozoraMincho_jpgs/064.jpg
 Graphic file (type jpg)
<use /home/henri/stuff/japanese/tuttle_kanji/radicals/AozoraMincho_jpgs/064.jpg>

Package luatex.def Info: /home/henri/stuff/japanese/tuttle_kanji/radicals/Aozora
Mincho_jpgs/064.jpg  used on input line 96.
(luatex.def)             Requested size: 48.36958pt x 48.52994pt.
</home/henri/stuff/japanese/tuttle_kanji/radicals/StrokeOrders_jpgs/064.jpg, id=
163, 331.2375pt x 331.2375pt>
File: /home/henri/stuff/japanese/tuttle_kanji/radicals/StrokeOrders_jpgs/064.jpg
 Graphic file (type jpg)
<use /home/henri/stuff/japanese/tuttle_kanji/radicals/StrokeOrders_jpgs/064.jpg>

Package luatex.def Info: /home/henri/stuff/japanese/tuttle_kanji/radicals/Stroke
Orders_jpgs/064.jpg  used on input line 96.
(luatex.def)             Requested size: 48.36958pt x 48.36937pt.
</home/henri/stuff/japanese/tuttle_kanji/radicals/variations/064a.jpg, id=164, 3
31.2375pt x 331.2375pt>
File: /home/henri/stuff/japanese/tuttle_kanji/radicals/variations/064a.jpg Graph
ic file (type jpg)
<use /home/henri/stuff/japanese/tuttle_kanji/radicals/variations/064a.jpg>
Package luatex.def Info: /home/henri/stuff/japanese/tuttle_kanji/radicals/variat
ions/064a.jpg  used on input line 96.
(luatex.def)             Requested size: 48.36958pt x 48.36937pt.
</home/henri/stuff/japanese/tuttle_kanji/radicals/AozoraMincho_jpgs/065.jpg, id=
165, 302.12875pt x 303.1325pt>
File: /home/henri/stuff/japanese/tuttle_kanji/radicals/AozoraMincho_jpgs/065.jpg
 Graphic file (type jpg)
<use /home/henri/stuff/japanese/tuttle_kanji/radicals/AozoraMincho_jpgs/065.jpg>

Package luatex.def Info: /home/henri/stuff/japanese/tuttle_kanji/radicals/Aozora
Mincho_jpgs/065.jpg  used on input line 97.
(luatex.def)             Requested size: 48.36958pt x 48.52994pt.
</home/henri/stuff/japanese/tuttle_kanji/radicals/StrokeOrders_jpgs/065.jpg, id=
166, 331.2375pt x 331.2375pt>
File: /home/henri/stuff/japanese/tuttle_kanji/radicals/StrokeOrders_jpgs/065.jpg
 Graphic file (type jpg)
<use /home/henri/stuff/japanese/tuttle_kanji/radicals/StrokeOrders_jpgs/065.jpg>

Package luatex.def Info: /home/henri/stuff/japanese/tuttle_kanji/radicals/Stroke
Orders_jpgs/065.jpg  used on input line 97.
(luatex.def)             Requested size: 48.36958pt x 48.36937pt.
</home/henri/stuff/japanese/tuttle_kanji/radicals/AozoraMincho_jpgs/066.jpg, id=
167, 302.12875pt x 303.1325pt>
File: /home/henri/stuff/japanese/tuttle_kanji/radicals/AozoraMincho_jpgs/066.jpg
 Graphic file (type jpg)
<use /home/henri/stuff/japanese/tuttle_kanji/radicals/AozoraMincho_jpgs/066.jpg>

Package luatex.def Info: /home/henri/stuff/japanese/tuttle_kanji/radicals/Aozora
Mincho_jpgs/066.jpg  used on input line 98.
(luatex.def)             Requested size: 48.36958pt x 48.52994pt.
</home/henri/stuff/japanese/tuttle_kanji/radicals/StrokeOrders_jpgs/066.jpg, id=
168, 331.2375pt x 331.2375pt>
File: /home/henri/stuff/japanese/tuttle_kanji/radicals/StrokeOrders_jpgs/066.jpg
 Graphic file (type jpg)
<use /home/henri/stuff/japanese/tuttle_kanji/radicals/StrokeOrders_jpgs/066.jpg>

Package luatex.def Info: /home/henri/stuff/japanese/tuttle_kanji/radicals/Stroke
Orders_jpgs/066.jpg  used on input line 98.
(luatex.def)             Requested size: 48.36958pt x 48.36937pt.
</home/henri/stuff/japanese/tuttle_kanji/radicals/variations/066a.jpg, id=169, 3
31.2375pt x 331.2375pt>
File: /home/henri/stuff/japanese/tuttle_kanji/radicals/variations/066a.jpg Graph
ic file (type jpg)
<use /home/henri/stuff/japanese/tuttle_kanji/radicals/variations/066a.jpg>
Package luatex.def Info: /home/henri/stuff/japanese/tuttle_kanji/radicals/variat
ions/066a.jpg  used on input line 98.
(luatex.def)             Requested size: 48.36958pt x 48.36937pt.
</home/henri/stuff/japanese/tuttle_kanji/radicals/AozoraMincho_jpgs/067.jpg, id=
170, 302.12875pt x 303.1325pt>
File: /home/henri/stuff/japanese/tuttle_kanji/radicals/AozoraMincho_jpgs/067.jpg
 Graphic file (type jpg)
<use /home/henri/stuff/japanese/tuttle_kanji/radicals/AozoraMincho_jpgs/067.jpg>

Package luatex.def Info: /home/henri/stuff/japanese/tuttle_kanji/radicals/Aozora
Mincho_jpgs/067.jpg  used on input line 99.
(luatex.def)             Requested size: 48.36958pt x 48.52994pt.
</home/henri/stuff/japanese/tuttle_kanji/radicals/StrokeOrders_jpgs/067.jpg, id=
171, 331.2375pt x 331.2375pt>
File: /home/henri/stuff/japanese/tuttle_kanji/radicals/StrokeOrders_jpgs/067.jpg
 Graphic file (type jpg)
<use /home/henri/stuff/japanese/tuttle_kanji/radicals/StrokeOrders_jpgs/067.jpg>

Package luatex.def Info: /home/henri/stuff/japanese/tuttle_kanji/radicals/Stroke
Orders_jpgs/067.jpg  used on input line 99.
(luatex.def)             Requested size: 48.36958pt x 48.36937pt.
</home/henri/stuff/japanese/tuttle_kanji/radicals/AozoraMincho_jpgs/068.jpg, id=
172, 302.12875pt x 303.1325pt>
File: /home/henri/stuff/japanese/tuttle_kanji/radicals/AozoraMincho_jpgs/068.jpg
 Graphic file (type jpg)
<use /home/henri/stuff/japanese/tuttle_kanji/radicals/AozoraMincho_jpgs/068.jpg>

Package luatex.def Info: /home/henri/stuff/japanese/tuttle_kanji/radicals/Aozora
Mincho_jpgs/068.jpg  used on input line 100.
(luatex.def)             Requested size: 48.36958pt x 48.52994pt.
</home/henri/stuff/japanese/tuttle_kanji/radicals/StrokeOrders_jpgs/068.jpg, id=
173, 331.2375pt x 331.2375pt>
File: /home/henri/stuff/japanese/tuttle_kanji/radicals/StrokeOrders_jpgs/068.jpg
 Graphic file (type jpg)
<use /home/henri/stuff/japanese/tuttle_kanji/radicals/StrokeOrders_jpgs/068.jpg>

Package luatex.def Info: /home/henri/stuff/japanese/tuttle_kanji/radicals/Stroke
Orders_jpgs/068.jpg  used on input line 100.
(luatex.def)             Requested size: 48.36958pt x 48.36937pt.
</home/henri/stuff/japanese/tuttle_kanji/radicals/AozoraMincho_jpgs/069.jpg, id=
174, 302.12875pt x 303.1325pt>
File: /home/henri/stuff/japanese/tuttle_kanji/radicals/AozoraMincho_jpgs/069.jpg
 Graphic file (type jpg)
<use /home/henri/stuff/japanese/tuttle_kanji/radicals/AozoraMincho_jpgs/069.jpg>

Package luatex.def Info: /home/henri/stuff/japanese/tuttle_kanji/radicals/Aozora
Mincho_jpgs/069.jpg  used on input line 101.
(luatex.def)             Requested size: 48.36958pt x 48.52994pt.
</home/henri/stuff/japanese/tuttle_kanji/radicals/StrokeOrders_jpgs/069.jpg, id=
175, 331.2375pt x 331.2375pt>
File: /home/henri/stuff/japanese/tuttle_kanji/radicals/StrokeOrders_jpgs/069.jpg
 Graphic file (type jpg)
<use /home/henri/stuff/japanese/tuttle_kanji/radicals/StrokeOrders_jpgs/069.jpg>

Package luatex.def Info: /home/henri/stuff/japanese/tuttle_kanji/radicals/Stroke
Orders_jpgs/069.jpg  used on input line 101.
(luatex.def)             Requested size: 48.36958pt x 48.36937pt.
</home/henri/stuff/japanese/tuttle_kanji/radicals/AozoraMincho_jpgs/070.jpg, id=
176, 302.12875pt x 303.1325pt>
File: /home/henri/stuff/japanese/tuttle_kanji/radicals/AozoraMincho_jpgs/070.jpg
 Graphic file (type jpg)
<use /home/henri/stuff/japanese/tuttle_kanji/radicals/AozoraMincho_jpgs/070.jpg>

Package luatex.def Info: /home/henri/stuff/japanese/tuttle_kanji/radicals/Aozora
Mincho_jpgs/070.jpg  used on input line 102.
(luatex.def)             Requested size: 48.36958pt x 48.52994pt.
</home/henri/stuff/japanese/tuttle_kanji/radicals/StrokeOrders_jpgs/070.jpg, id=
177, 331.2375pt x 331.2375pt>
File: /home/henri/stuff/japanese/tuttle_kanji/radicals/StrokeOrders_jpgs/070.jpg
 Graphic file (type jpg)
<use /home/henri/stuff/japanese/tuttle_kanji/radicals/StrokeOrders_jpgs/070.jpg>

Package luatex.def Info: /home/henri/stuff/japanese/tuttle_kanji/radicals/Stroke
Orders_jpgs/070.jpg  used on input line 102.
(luatex.def)             Requested size: 48.36958pt x 48.36937pt.
</home/henri/stuff/japanese/tuttle_kanji/radicals/AozoraMincho_jpgs/071.jpg, id=
178, 302.12875pt x 303.1325pt>
File: /home/henri/stuff/japanese/tuttle_kanji/radicals/AozoraMincho_jpgs/071.jpg
 Graphic file (type jpg)
<use /home/henri/stuff/japanese/tuttle_kanji/radicals/AozoraMincho_jpgs/071.jpg>

Package luatex.def Info: /home/henri/stuff/japanese/tuttle_kanji/radicals/Aozora
Mincho_jpgs/071.jpg  used on input line 103.
(luatex.def)             Requested size: 48.36958pt x 48.52994pt.
</home/henri/stuff/japanese/tuttle_kanji/radicals/StrokeOrders_jpgs/071.jpg, id=
179, 331.2375pt x 331.2375pt>
File: /home/henri/stuff/japanese/tuttle_kanji/radicals/StrokeOrders_jpgs/071.jpg
 Graphic file (type jpg)
<use /home/henri/stuff/japanese/tuttle_kanji/radicals/StrokeOrders_jpgs/071.jpg>

Package luatex.def Info: /home/henri/stuff/japanese/tuttle_kanji/radicals/Stroke
Orders_jpgs/071.jpg  used on input line 103.
(luatex.def)             Requested size: 48.36958pt x 48.36937pt.
</home/henri/stuff/japanese/tuttle_kanji/radicals/variations/071a.jpg, id=180, 3
31.2375pt x 331.2375pt>
File: /home/henri/stuff/japanese/tuttle_kanji/radicals/variations/071a.jpg Graph
ic file (type jpg)
<use /home/henri/stuff/japanese/tuttle_kanji/radicals/variations/071a.jpg>
Package luatex.def Info: /home/henri/stuff/japanese/tuttle_kanji/radicals/variat
ions/071a.jpg  used on input line 103.
(luatex.def)             Requested size: 48.36958pt x 48.36937pt.
</home/henri/stuff/japanese/tuttle_kanji/radicals/AozoraMincho_jpgs/072.jpg, id=
181, 302.12875pt x 303.1325pt>
File: /home/henri/stuff/japanese/tuttle_kanji/radicals/AozoraMincho_jpgs/072.jpg
 Graphic file (type jpg)
<use /home/henri/stuff/japanese/tuttle_kanji/radicals/AozoraMincho_jpgs/072.jpg>

Package luatex.def Info: /home/henri/stuff/japanese/tuttle_kanji/radicals/Aozora
Mincho_jpgs/072.jpg  used on input line 104.
(luatex.def)             Requested size: 48.36958pt x 48.52994pt.
</home/henri/stuff/japanese/tuttle_kanji/radicals/StrokeOrders_jpgs/072.jpg, id=
182, 331.2375pt x 331.2375pt>
File: /home/henri/stuff/japanese/tuttle_kanji/radicals/StrokeOrders_jpgs/072.jpg
 Graphic file (type jpg)
<use /home/henri/stuff/japanese/tuttle_kanji/radicals/StrokeOrders_jpgs/072.jpg>

Package luatex.def Info: /home/henri/stuff/japanese/tuttle_kanji/radicals/Stroke
Orders_jpgs/072.jpg  used on input line 104.
(luatex.def)             Requested size: 48.36958pt x 48.36937pt.
</home/henri/stuff/japanese/tuttle_kanji/radicals/AozoraMincho_jpgs/073.jpg, id=
183, 302.12875pt x 303.1325pt>
File: /home/henri/stuff/japanese/tuttle_kanji/radicals/AozoraMincho_jpgs/073.jpg
 Graphic file (type jpg)
<use /home/henri/stuff/japanese/tuttle_kanji/radicals/AozoraMincho_jpgs/073.jpg>

Package luatex.def Info: /home/henri/stuff/japanese/tuttle_kanji/radicals/Aozora
Mincho_jpgs/073.jpg  used on input line 105.
(luatex.def)             Requested size: 48.36958pt x 48.52994pt.
</home/henri/stuff/japanese/tuttle_kanji/radicals/StrokeOrders_jpgs/073.jpg, id=
184, 331.2375pt x 331.2375pt>
File: /home/henri/stuff/japanese/tuttle_kanji/radicals/StrokeOrders_jpgs/073.jpg
 Graphic file (type jpg)
<use /home/henri/stuff/japanese/tuttle_kanji/radicals/StrokeOrders_jpgs/073.jpg>

Package luatex.def Info: /home/henri/stuff/japanese/tuttle_kanji/radicals/Stroke
Orders_jpgs/073.jpg  used on input line 105.
(luatex.def)             Requested size: 48.36958pt x 48.36937pt.
</home/henri/stuff/japanese/tuttle_kanji/radicals/AozoraMincho_jpgs/074.jpg, id=
185, 302.12875pt x 303.1325pt>
File: /home/henri/stuff/japanese/tuttle_kanji/radicals/AozoraMincho_jpgs/074.jpg
 Graphic file (type jpg)
<use /home/henri/stuff/japanese/tuttle_kanji/radicals/AozoraMincho_jpgs/074.jpg>

Package luatex.def Info: /home/henri/stuff/japanese/tuttle_kanji/radicals/Aozora
Mincho_jpgs/074.jpg  used on input line 106.
(luatex.def)             Requested size: 48.36958pt x 48.52994pt.
</home/henri/stuff/japanese/tuttle_kanji/radicals/StrokeOrders_jpgs/074.jpg, id=
186, 331.2375pt x 331.2375pt>
File: /home/henri/stuff/japanese/tuttle_kanji/radicals/StrokeOrders_jpgs/074.jpg
 Graphic file (type jpg)
<use /home/henri/stuff/japanese/tuttle_kanji/radicals/StrokeOrders_jpgs/074.jpg>

Package luatex.def Info: /home/henri/stuff/japanese/tuttle_kanji/radicals/Stroke
Orders_jpgs/074.jpg  used on input line 106.
(luatex.def)             Requested size: 48.36958pt x 48.36937pt.
</home/henri/stuff/japanese/tuttle_kanji/radicals/AozoraMincho_jpgs/075.jpg, id=
187, 302.12875pt x 303.1325pt>
File: /home/henri/stuff/japanese/tuttle_kanji/radicals/AozoraMincho_jpgs/075.jpg
 Graphic file (type jpg)
<use /home/henri/stuff/japanese/tuttle_kanji/radicals/AozoraMincho_jpgs/075.jpg>

Package luatex.def Info: /home/henri/stuff/japanese/tuttle_kanji/radicals/Aozora
Mincho_jpgs/075.jpg  used on input line 107.
(luatex.def)             Requested size: 48.36958pt x 48.52994pt.
</home/henri/stuff/japanese/tuttle_kanji/radicals/StrokeOrders_jpgs/075.jpg, id=
188, 331.2375pt x 331.2375pt>
File: /home/henri/stuff/japanese/tuttle_kanji/radicals/StrokeOrders_jpgs/075.jpg
 Graphic file (type jpg)
<use /home/henri/stuff/japanese/tuttle_kanji/radicals/StrokeOrders_jpgs/075.jpg>

Package luatex.def Info: /home/henri/stuff/japanese/tuttle_kanji/radicals/Stroke
Orders_jpgs/075.jpg  used on input line 107.
(luatex.def)             Requested size: 48.36958pt x 48.36937pt.
</home/henri/stuff/japanese/tuttle_kanji/radicals/AozoraMincho_jpgs/076.jpg, id=
189, 302.12875pt x 303.1325pt>
File: /home/henri/stuff/japanese/tuttle_kanji/radicals/AozoraMincho_jpgs/076.jpg
 Graphic file (type jpg)
<use /home/henri/stuff/japanese/tuttle_kanji/radicals/AozoraMincho_jpgs/076.jpg>

Package luatex.def Info: /home/henri/stuff/japanese/tuttle_kanji/radicals/Aozora
Mincho_jpgs/076.jpg  used on input line 108.
(luatex.def)             Requested size: 48.36958pt x 48.52994pt.
</home/henri/stuff/japanese/tuttle_kanji/radicals/StrokeOrders_jpgs/076.jpg, id=
190, 331.2375pt x 331.2375pt>
File: /home/henri/stuff/japanese/tuttle_kanji/radicals/StrokeOrders_jpgs/076.jpg
 Graphic file (type jpg)
<use /home/henri/stuff/japanese/tuttle_kanji/radicals/StrokeOrders_jpgs/076.jpg>

Package luatex.def Info: /home/henri/stuff/japanese/tuttle_kanji/radicals/Stroke
Orders_jpgs/076.jpg  used on input line 108.
(luatex.def)             Requested size: 48.36958pt x 48.36937pt.

Overfull \hbox (10.79745pt too wide) in alignment at lines 89--109
 [][][][][][] 
 []

[3</home/henri/stuff/japanese/tuttle_kanji/radicals/AozoraMincho_jpgs/026.jpg></
home/henri/stuff/japanese/tuttle_kanji/radicals/StrokeOrders_jpgs/026.jpg></home
/henri/stuff/japanese/tuttle_kanji/radicals/variations/026a.jpg></home/henri/stu
ff/japanese/tuttle_kanji/radicals/AozoraMincho_jpgs/027.jpg></home/henri/stuff/j
apanese/tuttle_kanji/radicals/StrokeOrders_jpgs/027.jpg></home/henri/stuff/japan
ese/tuttle_kanji/radicals/AozoraMincho_jpgs/028.jpg></home/henri/stuff/japanese/
tuttle_kanji/radicals/StrokeOrders_jpgs/028.jpg></home/henri/stuff/japanese/tutt
le_kanji/radicals/AozoraMincho_jpgs/029.jpg></home/henri/stuff/japanese/tuttle_k
anji/radicals/StrokeOrders_jpgs/029.jpg></home/henri/stuff/japanese/tuttle_kanji
/radicals/AozoraMincho_jpgs/030.jpg></home/henri/stuff/japanese/tuttle_kanji/rad
icals/StrokeOrders_jpgs/030.jpg></home/henri/stuff/japanese/tuttle_kanji/radical
s/AozoraMincho_jpgs/031.jpg></home/henri/stuff/japanese/tuttle_kanji/radicals/St
rokeOrders_jpgs/031.jpg></home/henri/stuff/japanese/tuttle_kanji/radicals/Aozora
Mincho_jpgs/032.jpg></home/henri/stuff/japanese/tuttle_kanji/radicals/StrokeOrde
rs_jpgs/032.jpg></home/henri/stuff/japanese/tuttle_kanji/radicals/AozoraMincho_j
pgs/033.jpg></home/henri/stuff/japanese/tuttle_kanji/radicals/StrokeOrders_jpgs/
033.jpg></home/henri/stuff/japanese/tuttle_kanji/radicals/AozoraMincho_jpgs/034.
jpg></home/henri/stuff/japanese/tuttle_kanji/radicals/StrokeOrders_jpgs/034.jpg>
</home/henri/stuff/japanese/tuttle_kanji/radicals/AozoraMincho_jpgs/035.jpg></ho
me/henri/stuff/japanese/tuttle_kanji/radicals/StrokeOrders_jpgs/035.jpg></home/h
enri/stuff/japanese/tuttle_kanji/radicals/AozoraMincho_jpgs/036.jpg></home/henri
/stuff/japanese/tuttle_kanji/radicals/StrokeOrders_jpgs/036.jpg></home/henri/stu
ff/japanese/tuttle_kanji/radicals/AozoraMincho_jpgs/037.jpg></home/henri/stuff/j
apanese/tuttle_kanji/radicals/StrokeOrders_jpgs/037.jpg></home/henri/stuff/japan
ese/tuttle_kanji/radicals/AozoraMincho_jpgs/038.jpg></home/henri/stuff/japanese/
tuttle_kanji/radicals/StrokeOrders_jpgs/038.jpg>]
[4</home/henri/stuff/japanese/tuttle_kanji/radicals/AozoraMincho_jpgs/039.jpg></
home/henri/stuff/japanese/tuttle_kanji/radicals/StrokeOrders_jpgs/039.jpg></home
/henri/stuff/japanese/tuttle_kanji/radicals/AozoraMincho_jpgs/040.jpg></home/hen
ri/stuff/japanese/tuttle_kanji/radicals/StrokeOrders_jpgs/040.jpg></home/henri/s
tuff/japanese/tuttle_kanji/radicals/AozoraMincho_jpgs/041.jpg></home/henri/stuff
/japanese/tuttle_kanji/radicals/StrokeOrders_jpgs/041.jpg></home/henri/stuff/jap
anese/tuttle_kanji/radicals/AozoraMincho_jpgs/042.jpg></home/henri/stuff/japanes
e/tuttle_kanji/radicals/StrokeOrders_jpgs/042.jpg></home/henri/stuff/japanese/tu
ttle_kanji/radicals/variations/042a.jpg></home/henri/stuff/japanese/tuttle_kanji
/radicals/variations/042b.jpg></home/henri/stuff/japanese/tuttle_kanji/radicals/
AozoraMincho_jpgs/043.jpg></home/henri/stuff/japanese/tuttle_kanji/radicals/Stro
keOrders_jpgs/043.jpg></home/henri/stuff/japanese/tuttle_kanji/radicals/variatio
ns/043a.jpg></home/henri/stuff/japanese/tuttle_kanji/radicals/variations/043b.jp
g></home/henri/stuff/japanese/tuttle_kanji/radicals/AozoraMincho_jpgs/044.jpg></
home/henri/stuff/japanese/tuttle_kanji/radicals/StrokeOrders_jpgs/044.jpg></home
/henri/stuff/japanese/tuttle_kanji/radicals/AozoraMincho_jpgs/045.jpg></home/hen
ri/stuff/japanese/tuttle_kanji/radicals/StrokeOrders_jpgs/045.jpg></home/henri/s
tuff/japanese/tuttle_kanji/radicals/AozoraMincho_jpgs/046.jpg></home/henri/stuff
/japanese/tuttle_kanji/radicals/StrokeOrders_jpgs/046.jpg></home/henri/stuff/jap
anese/tuttle_kanji/radicals/AozoraMincho_jpgs/047.jpg></home/henri/stuff/japanes
e/tuttle_kanji/radicals/StrokeOrders_jpgs/047.jpg></home/henri/stuff/japanese/tu
ttle_kanji/radicals/variations/047a.jpg></home/henri/stuff/japanese/tuttle_kanji
/radicals/variations/047b.jpg></home/henri/stuff/japanese/tuttle_kanji/radicals/
AozoraMincho_jpgs/048.jpg></home/henri/stuff/japanese/tuttle_kanji/radicals/Stro
keOrders_jpgs/048.jpg></home/henri/stuff/japanese/tuttle_kanji/radicals/AozoraMi
ncho_jpgs/049.jpg></home/henri/stuff/japanese/tuttle_kanji/radicals/StrokeOrders
_jpgs/049.jpg></home/henri/stuff/japanese/tuttle_kanji/radicals/variations/049a.
jpg></home/henri/stuff/japanese/tuttle_kanji/radicals/variations/049b.jpg></home
/henri/stuff/japanese/tuttle_kanji/radicals/AozoraMincho_jpgs/050.jpg></home/hen
ri/stuff/japanese/tuttle_kanji/radicals/StrokeOrders_jpgs/050.jpg></home/henri/s
tuff/japanese/tuttle_kanji/radicals/AozoraMincho_jpgs/051.jpg></home/henri/stuff
/japanese/tuttle_kanji/radicals/StrokeOrders_jpgs/051.jpg>]
</home/henri/stuff/japanese/tuttle_kanji/radicals/AozoraMincho_jpgs/077.jpg, id=
197, 302.12875pt x 303.1325pt>
File: /home/henri/stuff/japanese/tuttle_kanji/radicals/AozoraMincho_jpgs/077.jpg
 Graphic file (type jpg)
<use /home/henri/stuff/japanese/tuttle_kanji/radicals/AozoraMincho_jpgs/077.jpg>

Package luatex.def Info: /home/henri/stuff/japanese/tuttle_kanji/radicals/Aozora
Mincho_jpgs/077.jpg  used on input line 109.
(luatex.def)             Requested size: 48.36958pt x 48.52994pt.
</home/henri/stuff/japanese/tuttle_kanji/radicals/StrokeOrders_jpgs/077.jpg, id=
198, 331.2375pt x 331.2375pt>
File: /home/henri/stuff/japanese/tuttle_kanji/radicals/StrokeOrders_jpgs/077.jpg
 Graphic file (type jpg)
<use /home/henri/stuff/japanese/tuttle_kanji/radicals/StrokeOrders_jpgs/077.jpg>

Package luatex.def Info: /home/henri/stuff/japanese/tuttle_kanji/radicals/Stroke
Orders_jpgs/077.jpg  used on input line 109.
(luatex.def)             Requested size: 48.36958pt x 48.36937pt.
</home/henri/stuff/japanese/tuttle_kanji/radicals/AozoraMincho_jpgs/078.jpg, id=
199, 302.12875pt x 303.1325pt>
File: /home/henri/stuff/japanese/tuttle_kanji/radicals/AozoraMincho_jpgs/078.jpg
 Graphic file (type jpg)
<use /home/henri/stuff/japanese/tuttle_kanji/radicals/AozoraMincho_jpgs/078.jpg>

Package luatex.def Info: /home/henri/stuff/japanese/tuttle_kanji/radicals/Aozora
Mincho_jpgs/078.jpg  used on input line 110.
(luatex.def)             Requested size: 48.36958pt x 48.52994pt.
</home/henri/stuff/japanese/tuttle_kanji/radicals/StrokeOrders_jpgs/078.jpg, id=
200, 331.2375pt x 331.2375pt>
File: /home/henri/stuff/japanese/tuttle_kanji/radicals/StrokeOrders_jpgs/078.jpg
 Graphic file (type jpg)
<use /home/henri/stuff/japanese/tuttle_kanji/radicals/StrokeOrders_jpgs/078.jpg>

Package luatex.def Info: /home/henri/stuff/japanese/tuttle_kanji/radicals/Stroke
Orders_jpgs/078.jpg  used on input line 110.
(luatex.def)             Requested size: 48.36958pt x 48.36937pt.
</home/henri/stuff/japanese/tuttle_kanji/radicals/variations/078a.jpg, id=201, 3
31.2375pt x 331.2375pt>
File: /home/henri/stuff/japanese/tuttle_kanji/radicals/variations/078a.jpg Graph
ic file (type jpg)
<use /home/henri/stuff/japanese/tuttle_kanji/radicals/variations/078a.jpg>
Package luatex.def Info: /home/henri/stuff/japanese/tuttle_kanji/radicals/variat
ions/078a.jpg  used on input line 110.
(luatex.def)             Requested size: 48.36958pt x 48.36937pt.
</home/henri/stuff/japanese/tuttle_kanji/radicals/AozoraMincho_jpgs/079.jpg, id=
202, 302.12875pt x 303.1325pt>
File: /home/henri/stuff/japanese/tuttle_kanji/radicals/AozoraMincho_jpgs/079.jpg
 Graphic file (type jpg)
<use /home/henri/stuff/japanese/tuttle_kanji/radicals/AozoraMincho_jpgs/079.jpg>

Package luatex.def Info: /home/henri/stuff/japanese/tuttle_kanji/radicals/Aozora
Mincho_jpgs/079.jpg  used on input line 111.
(luatex.def)             Requested size: 48.36958pt x 48.52994pt.
</home/henri/stuff/japanese/tuttle_kanji/radicals/StrokeOrders_jpgs/079.jpg, id=
203, 331.2375pt x 331.2375pt>
File: /home/henri/stuff/japanese/tuttle_kanji/radicals/StrokeOrders_jpgs/079.jpg
 Graphic file (type jpg)
<use /home/henri/stuff/japanese/tuttle_kanji/radicals/StrokeOrders_jpgs/079.jpg>

Package luatex.def Info: /home/henri/stuff/japanese/tuttle_kanji/radicals/Stroke
Orders_jpgs/079.jpg  used on input line 111.
(luatex.def)             Requested size: 48.36958pt x 48.36937pt.
</home/henri/stuff/japanese/tuttle_kanji/radicals/AozoraMincho_jpgs/080.jpg, id=
204, 302.12875pt x 303.1325pt>
File: /home/henri/stuff/japanese/tuttle_kanji/radicals/AozoraMincho_jpgs/080.jpg
 Graphic file (type jpg)
<use /home/henri/stuff/japanese/tuttle_kanji/radicals/AozoraMincho_jpgs/080.jpg>

Package luatex.def Info: /home/henri/stuff/japanese/tuttle_kanji/radicals/Aozora
Mincho_jpgs/080.jpg  used on input line 112.
(luatex.def)             Requested size: 48.36958pt x 48.52994pt.
</home/henri/stuff/japanese/tuttle_kanji/radicals/StrokeOrders_jpgs/080.jpg, id=
205, 331.2375pt x 331.2375pt>
File: /home/henri/stuff/japanese/tuttle_kanji/radicals/StrokeOrders_jpgs/080.jpg
 Graphic file (type jpg)
<use /home/henri/stuff/japanese/tuttle_kanji/radicals/StrokeOrders_jpgs/080.jpg>

Package luatex.def Info: /home/henri/stuff/japanese/tuttle_kanji/radicals/Stroke
Orders_jpgs/080.jpg  used on input line 112.
(luatex.def)             Requested size: 48.36958pt x 48.36937pt.
</home/henri/stuff/japanese/tuttle_kanji/radicals/variations/080a.jpg, id=206, 3
31.2375pt x 331.2375pt>
File: /home/henri/stuff/japanese/tuttle_kanji/radicals/variations/080a.jpg Graph
ic file (type jpg)
<use /home/henri/stuff/japanese/tuttle_kanji/radicals/variations/080a.jpg>
Package luatex.def Info: /home/henri/stuff/japanese/tuttle_kanji/radicals/variat
ions/080a.jpg  used on input line 112.
(luatex.def)             Requested size: 48.36958pt x 48.36937pt.
</home/henri/stuff/japanese/tuttle_kanji/radicals/AozoraMincho_jpgs/081.jpg, id=
207, 302.12875pt x 303.1325pt>
File: /home/henri/stuff/japanese/tuttle_kanji/radicals/AozoraMincho_jpgs/081.jpg
 Graphic file (type jpg)
<use /home/henri/stuff/japanese/tuttle_kanji/radicals/AozoraMincho_jpgs/081.jpg>

Package luatex.def Info: /home/henri/stuff/japanese/tuttle_kanji/radicals/Aozora
Mincho_jpgs/081.jpg  used on input line 113.
(luatex.def)             Requested size: 48.36958pt x 48.52994pt.
</home/henri/stuff/japanese/tuttle_kanji/radicals/StrokeOrders_jpgs/081.jpg, id=
208, 331.2375pt x 331.2375pt>
File: /home/henri/stuff/japanese/tuttle_kanji/radicals/StrokeOrders_jpgs/081.jpg
 Graphic file (type jpg)
<use /home/henri/stuff/japanese/tuttle_kanji/radicals/StrokeOrders_jpgs/081.jpg>

Package luatex.def Info: /home/henri/stuff/japanese/tuttle_kanji/radicals/Stroke
Orders_jpgs/081.jpg  used on input line 113.
(luatex.def)             Requested size: 48.36958pt x 48.36937pt.
</home/henri/stuff/japanese/tuttle_kanji/radicals/AozoraMincho_jpgs/082.jpg, id=
209, 302.12875pt x 303.1325pt>
File: /home/henri/stuff/japanese/tuttle_kanji/radicals/AozoraMincho_jpgs/082.jpg
 Graphic file (type jpg)
<use /home/henri/stuff/japanese/tuttle_kanji/radicals/AozoraMincho_jpgs/082.jpg>

Package luatex.def Info: /home/henri/stuff/japanese/tuttle_kanji/radicals/Aozora
Mincho_jpgs/082.jpg  used on input line 114.
(luatex.def)             Requested size: 48.36958pt x 48.52994pt.
</home/henri/stuff/japanese/tuttle_kanji/radicals/StrokeOrders_jpgs/082.jpg, id=
210, 331.2375pt x 331.2375pt>
File: /home/henri/stuff/japanese/tuttle_kanji/radicals/StrokeOrders_jpgs/082.jpg
 Graphic file (type jpg)
<use /home/henri/stuff/japanese/tuttle_kanji/radicals/StrokeOrders_jpgs/082.jpg>

Package luatex.def Info: /home/henri/stuff/japanese/tuttle_kanji/radicals/Stroke
Orders_jpgs/082.jpg  used on input line 114.
(luatex.def)             Requested size: 48.36958pt x 48.36937pt.
</home/henri/stuff/japanese/tuttle_kanji/radicals/AozoraMincho_jpgs/083.jpg, id=
211, 302.12875pt x 303.1325pt>
File: /home/henri/stuff/japanese/tuttle_kanji/radicals/AozoraMincho_jpgs/083.jpg
 Graphic file (type jpg)
<use /home/henri/stuff/japanese/tuttle_kanji/radicals/AozoraMincho_jpgs/083.jpg>

Package luatex.def Info: /home/henri/stuff/japanese/tuttle_kanji/radicals/Aozora
Mincho_jpgs/083.jpg  used on input line 115.
(luatex.def)             Requested size: 48.36958pt x 48.52994pt.
</home/henri/stuff/japanese/tuttle_kanji/radicals/StrokeOrders_jpgs/083.jpg, id=
212, 331.2375pt x 331.2375pt>
File: /home/henri/stuff/japanese/tuttle_kanji/radicals/StrokeOrders_jpgs/083.jpg
 Graphic file (type jpg)
<use /home/henri/stuff/japanese/tuttle_kanji/radicals/StrokeOrders_jpgs/083.jpg>

Package luatex.def Info: /home/henri/stuff/japanese/tuttle_kanji/radicals/Stroke
Orders_jpgs/083.jpg  used on input line 115.
(luatex.def)             Requested size: 48.36958pt x 48.36937pt.
</home/henri/stuff/japanese/tuttle_kanji/radicals/AozoraMincho_jpgs/084.jpg, id=
213, 302.12875pt x 303.1325pt>
File: /home/henri/stuff/japanese/tuttle_kanji/radicals/AozoraMincho_jpgs/084.jpg
 Graphic file (type jpg)
<use /home/henri/stuff/japanese/tuttle_kanji/radicals/AozoraMincho_jpgs/084.jpg>

Package luatex.def Info: /home/henri/stuff/japanese/tuttle_kanji/radicals/Aozora
Mincho_jpgs/084.jpg  used on input line 116.
(luatex.def)             Requested size: 48.36958pt x 48.52994pt.
</home/henri/stuff/japanese/tuttle_kanji/radicals/StrokeOrders_jpgs/084.jpg, id=
214, 331.2375pt x 331.2375pt>
File: /home/henri/stuff/japanese/tuttle_kanji/radicals/StrokeOrders_jpgs/084.jpg
 Graphic file (type jpg)
<use /home/henri/stuff/japanese/tuttle_kanji/radicals/StrokeOrders_jpgs/084.jpg>

Package luatex.def Info: /home/henri/stuff/japanese/tuttle_kanji/radicals/Stroke
Orders_jpgs/084.jpg  used on input line 116.
(luatex.def)             Requested size: 48.36958pt x 48.36937pt.
</home/henri/stuff/japanese/tuttle_kanji/radicals/AozoraMincho_jpgs/085.jpg, id=
215, 302.12875pt x 303.1325pt>
File: /home/henri/stuff/japanese/tuttle_kanji/radicals/AozoraMincho_jpgs/085.jpg
 Graphic file (type jpg)
<use /home/henri/stuff/japanese/tuttle_kanji/radicals/AozoraMincho_jpgs/085.jpg>

Package luatex.def Info: /home/henri/stuff/japanese/tuttle_kanji/radicals/Aozora
Mincho_jpgs/085.jpg  used on input line 117.
(luatex.def)             Requested size: 48.36958pt x 48.52994pt.
</home/henri/stuff/japanese/tuttle_kanji/radicals/StrokeOrders_jpgs/085.jpg, id=
216, 331.2375pt x 331.2375pt>
File: /home/henri/stuff/japanese/tuttle_kanji/radicals/StrokeOrders_jpgs/085.jpg
 Graphic file (type jpg)
<use /home/henri/stuff/japanese/tuttle_kanji/radicals/StrokeOrders_jpgs/085.jpg>

Package luatex.def Info: /home/henri/stuff/japanese/tuttle_kanji/radicals/Stroke
Orders_jpgs/085.jpg  used on input line 117.
(luatex.def)             Requested size: 48.36958pt x 48.36937pt.
</home/henri/stuff/japanese/tuttle_kanji/radicals/variations/085a.jpg, id=217, 3
31.2375pt x 331.2375pt>
File: /home/henri/stuff/japanese/tuttle_kanji/radicals/variations/085a.jpg Graph
ic file (type jpg)
<use /home/henri/stuff/japanese/tuttle_kanji/radicals/variations/085a.jpg>
Package luatex.def Info: /home/henri/stuff/japanese/tuttle_kanji/radicals/variat
ions/085a.jpg  used on input line 117.
(luatex.def)             Requested size: 48.36958pt x 48.36937pt.
</home/henri/stuff/japanese/tuttle_kanji/radicals/variations/085b.jpg, id=218, 3
31.2375pt x 331.2375pt>
File: /home/henri/stuff/japanese/tuttle_kanji/radicals/variations/085b.jpg Graph
ic file (type jpg)
<use /home/henri/stuff/japanese/tuttle_kanji/radicals/variations/085b.jpg>
Package luatex.def Info: /home/henri/stuff/japanese/tuttle_kanji/radicals/variat
ions/085b.jpg  used on input line 117.
(luatex.def)             Requested size: 48.36958pt x 48.36937pt.
</home/henri/stuff/japanese/tuttle_kanji/radicals/AozoraMincho_jpgs/086.jpg, id=
219, 302.12875pt x 303.1325pt>
File: /home/henri/stuff/japanese/tuttle_kanji/radicals/AozoraMincho_jpgs/086.jpg
 Graphic file (type jpg)
<use /home/henri/stuff/japanese/tuttle_kanji/radicals/AozoraMincho_jpgs/086.jpg>

Package luatex.def Info: /home/henri/stuff/japanese/tuttle_kanji/radicals/Aozora
Mincho_jpgs/086.jpg  used on input line 118.
(luatex.def)             Requested size: 48.36958pt x 48.52994pt.
</home/henri/stuff/japanese/tuttle_kanji/radicals/StrokeOrders_jpgs/086.jpg, id=
220, 331.2375pt x 331.2375pt>
File: /home/henri/stuff/japanese/tuttle_kanji/radicals/StrokeOrders_jpgs/086.jpg
 Graphic file (type jpg)
<use /home/henri/stuff/japanese/tuttle_kanji/radicals/StrokeOrders_jpgs/086.jpg>

Package luatex.def Info: /home/henri/stuff/japanese/tuttle_kanji/radicals/Stroke
Orders_jpgs/086.jpg  used on input line 118.
(luatex.def)             Requested size: 48.36958pt x 48.36937pt.
</home/henri/stuff/japanese/tuttle_kanji/radicals/variations/086a.jpg, id=221, 3
02.12875pt x 303.1325pt>
File: /home/henri/stuff/japanese/tuttle_kanji/radicals/variations/086a.jpg Graph
ic file (type jpg)
<use /home/henri/stuff/japanese/tuttle_kanji/radicals/variations/086a.jpg>
Package luatex.def Info: /home/henri/stuff/japanese/tuttle_kanji/radicals/variat
ions/086a.jpg  used on input line 118.
(luatex.def)             Requested size: 48.36958pt x 48.52994pt.
</home/henri/stuff/japanese/tuttle_kanji/radicals/AozoraMincho_jpgs/087.jpg, id=
222, 302.12875pt x 303.1325pt>
File: /home/henri/stuff/japanese/tuttle_kanji/radicals/AozoraMincho_jpgs/087.jpg
 Graphic file (type jpg)
<use /home/henri/stuff/japanese/tuttle_kanji/radicals/AozoraMincho_jpgs/087.jpg>

Package luatex.def Info: /home/henri/stuff/japanese/tuttle_kanji/radicals/Aozora
Mincho_jpgs/087.jpg  used on input line 119.
(luatex.def)             Requested size: 48.36958pt x 48.52994pt.
</home/henri/stuff/japanese/tuttle_kanji/radicals/StrokeOrders_jpgs/087.jpg, id=
223, 331.2375pt x 331.2375pt>
File: /home/henri/stuff/japanese/tuttle_kanji/radicals/StrokeOrders_jpgs/087.jpg
 Graphic file (type jpg)
<use /home/henri/stuff/japanese/tuttle_kanji/radicals/StrokeOrders_jpgs/087.jpg>

Package luatex.def Info: /home/henri/stuff/japanese/tuttle_kanji/radicals/Stroke
Orders_jpgs/087.jpg  used on input line 119.
(luatex.def)             Requested size: 48.36958pt x 48.36937pt.
</home/henri/stuff/japanese/tuttle_kanji/radicals/variations/087a.jpg, id=224, 3
31.2375pt x 331.2375pt>
File: /home/henri/stuff/japanese/tuttle_kanji/radicals/variations/087a.jpg Graph
ic file (type jpg)
<use /home/henri/stuff/japanese/tuttle_kanji/radicals/variations/087a.jpg>
Package luatex.def Info: /home/henri/stuff/japanese/tuttle_kanji/radicals/variat
ions/087a.jpg  used on input line 119.
(luatex.def)             Requested size: 48.36958pt x 48.36937pt.
</home/henri/stuff/japanese/tuttle_kanji/radicals/variations/087b.jpg, id=225, 3
31.2375pt x 331.2375pt>
File: /home/henri/stuff/japanese/tuttle_kanji/radicals/variations/087b.jpg Graph
ic file (type jpg)
<use /home/henri/stuff/japanese/tuttle_kanji/radicals/variations/087b.jpg>
Package luatex.def Info: /home/henri/stuff/japanese/tuttle_kanji/radicals/variat
ions/087b.jpg  used on input line 119.
(luatex.def)             Requested size: 48.36958pt x 48.36937pt.
</home/henri/stuff/japanese/tuttle_kanji/radicals/AozoraMincho_jpgs/088.jpg, id=
226, 302.12875pt x 303.1325pt>
File: /home/henri/stuff/japanese/tuttle_kanji/radicals/AozoraMincho_jpgs/088.jpg
 Graphic file (type jpg)
<use /home/henri/stuff/japanese/tuttle_kanji/radicals/AozoraMincho_jpgs/088.jpg>

Package luatex.def Info: /home/henri/stuff/japanese/tuttle_kanji/radicals/Aozora
Mincho_jpgs/088.jpg  used on input line 120.
(luatex.def)             Requested size: 48.36958pt x 48.52994pt.
</home/henri/stuff/japanese/tuttle_kanji/radicals/StrokeOrders_jpgs/088.jpg, id=
227, 331.2375pt x 331.2375pt>
File: /home/henri/stuff/japanese/tuttle_kanji/radicals/StrokeOrders_jpgs/088.jpg
 Graphic file (type jpg)
<use /home/henri/stuff/japanese/tuttle_kanji/radicals/StrokeOrders_jpgs/088.jpg>

Package luatex.def Info: /home/henri/stuff/japanese/tuttle_kanji/radicals/Stroke
Orders_jpgs/088.jpg  used on input line 120.
(luatex.def)             Requested size: 48.36958pt x 48.36937pt.
</home/henri/stuff/japanese/tuttle_kanji/radicals/AozoraMincho_jpgs/089.jpg, id=
228, 302.12875pt x 303.1325pt>
File: /home/henri/stuff/japanese/tuttle_kanji/radicals/AozoraMincho_jpgs/089.jpg
 Graphic file (type jpg)
<use /home/henri/stuff/japanese/tuttle_kanji/radicals/AozoraMincho_jpgs/089.jpg>

Package luatex.def Info: /home/henri/stuff/japanese/tuttle_kanji/radicals/Aozora
Mincho_jpgs/089.jpg  used on input line 121.
(luatex.def)             Requested size: 48.36958pt x 48.52994pt.
</home/henri/stuff/japanese/tuttle_kanji/radicals/StrokeOrders_jpgs/089.jpg, id=
229, 331.2375pt x 331.2375pt>
File: /home/henri/stuff/japanese/tuttle_kanji/radicals/StrokeOrders_jpgs/089.jpg
 Graphic file (type jpg)
<use /home/henri/stuff/japanese/tuttle_kanji/radicals/StrokeOrders_jpgs/089.jpg>

Package luatex.def Info: /home/henri/stuff/japanese/tuttle_kanji/radicals/Stroke
Orders_jpgs/089.jpg  used on input line 121.
(luatex.def)             Requested size: 48.36958pt x 48.36937pt.
</home/henri/stuff/japanese/tuttle_kanji/radicals/AozoraMincho_jpgs/090.jpg, id=
230, 302.12875pt x 303.1325pt>
File: /home/henri/stuff/japanese/tuttle_kanji/radicals/AozoraMincho_jpgs/090.jpg
 Graphic file (type jpg)
<use /home/henri/stuff/japanese/tuttle_kanji/radicals/AozoraMincho_jpgs/090.jpg>

Package luatex.def Info: /home/henri/stuff/japanese/tuttle_kanji/radicals/Aozora
Mincho_jpgs/090.jpg  used on input line 122.
(luatex.def)             Requested size: 48.36958pt x 48.52994pt.
</home/henri/stuff/japanese/tuttle_kanji/radicals/StrokeOrders_jpgs/090.jpg, id=
231, 331.2375pt x 331.2375pt>
File: /home/henri/stuff/japanese/tuttle_kanji/radicals/StrokeOrders_jpgs/090.jpg
 Graphic file (type jpg)
<use /home/henri/stuff/japanese/tuttle_kanji/radicals/StrokeOrders_jpgs/090.jpg>

Package luatex.def Info: /home/henri/stuff/japanese/tuttle_kanji/radicals/Stroke
Orders_jpgs/090.jpg  used on input line 122.
(luatex.def)             Requested size: 48.36958pt x 48.36937pt.
</home/henri/stuff/japanese/tuttle_kanji/radicals/variations/090a.jpg, id=232, 3
31.2375pt x 331.2375pt>
File: /home/henri/stuff/japanese/tuttle_kanji/radicals/variations/090a.jpg Graph
ic file (type jpg)
<use /home/henri/stuff/japanese/tuttle_kanji/radicals/variations/090a.jpg>
Package luatex.def Info: /home/henri/stuff/japanese/tuttle_kanji/radicals/variat
ions/090a.jpg  used on input line 122.
(luatex.def)             Requested size: 48.36958pt x 48.36937pt.
</home/henri/stuff/japanese/tuttle_kanji/radicals/AozoraMincho_jpgs/091.jpg, id=
233, 302.12875pt x 303.1325pt>
File: /home/henri/stuff/japanese/tuttle_kanji/radicals/AozoraMincho_jpgs/091.jpg
 Graphic file (type jpg)
<use /home/henri/stuff/japanese/tuttle_kanji/radicals/AozoraMincho_jpgs/091.jpg>

Package luatex.def Info: /home/henri/stuff/japanese/tuttle_kanji/radicals/Aozora
Mincho_jpgs/091.jpg  used on input line 123.
(luatex.def)             Requested size: 48.36958pt x 48.52994pt.
</home/henri/stuff/japanese/tuttle_kanji/radicals/StrokeOrders_jpgs/091.jpg, id=
234, 331.2375pt x 331.2375pt>
File: /home/henri/stuff/japanese/tuttle_kanji/radicals/StrokeOrders_jpgs/091.jpg
 Graphic file (type jpg)
<use /home/henri/stuff/japanese/tuttle_kanji/radicals/StrokeOrders_jpgs/091.jpg>

Package luatex.def Info: /home/henri/stuff/japanese/tuttle_kanji/radicals/Stroke
Orders_jpgs/091.jpg  used on input line 123.
(luatex.def)             Requested size: 48.36958pt x 48.36937pt.
</home/henri/stuff/japanese/tuttle_kanji/radicals/AozoraMincho_jpgs/092.jpg, id=
235, 302.12875pt x 303.1325pt>
File: /home/henri/stuff/japanese/tuttle_kanji/radicals/AozoraMincho_jpgs/092.jpg
 Graphic file (type jpg)
<use /home/henri/stuff/japanese/tuttle_kanji/radicals/AozoraMincho_jpgs/092.jpg>

Package luatex.def Info: /home/henri/stuff/japanese/tuttle_kanji/radicals/Aozora
Mincho_jpgs/092.jpg  used on input line 124.
(luatex.def)             Requested size: 48.36958pt x 48.52994pt.
</home/henri/stuff/japanese/tuttle_kanji/radicals/StrokeOrders_jpgs/092.jpg, id=
236, 331.2375pt x 331.2375pt>
File: /home/henri/stuff/japanese/tuttle_kanji/radicals/StrokeOrders_jpgs/092.jpg
 Graphic file (type jpg)
<use /home/henri/stuff/japanese/tuttle_kanji/radicals/StrokeOrders_jpgs/092.jpg>

Package luatex.def Info: /home/henri/stuff/japanese/tuttle_kanji/radicals/Stroke
Orders_jpgs/092.jpg  used on input line 124.
(luatex.def)             Requested size: 48.36958pt x 48.36937pt.
</home/henri/stuff/japanese/tuttle_kanji/radicals/AozoraMincho_jpgs/093.jpg, id=
237, 302.12875pt x 303.1325pt>
File: /home/henri/stuff/japanese/tuttle_kanji/radicals/AozoraMincho_jpgs/093.jpg
 Graphic file (type jpg)
<use /home/henri/stuff/japanese/tuttle_kanji/radicals/AozoraMincho_jpgs/093.jpg>

Package luatex.def Info: /home/henri/stuff/japanese/tuttle_kanji/radicals/Aozora
Mincho_jpgs/093.jpg  used on input line 125.
(luatex.def)             Requested size: 48.36958pt x 48.52994pt.
</home/henri/stuff/japanese/tuttle_kanji/radicals/StrokeOrders_jpgs/093.jpg, id=
238, 331.2375pt x 331.2375pt>
File: /home/henri/stuff/japanese/tuttle_kanji/radicals/StrokeOrders_jpgs/093.jpg
 Graphic file (type jpg)
<use /home/henri/stuff/japanese/tuttle_kanji/radicals/StrokeOrders_jpgs/093.jpg>

Package luatex.def Info: /home/henri/stuff/japanese/tuttle_kanji/radicals/Stroke
Orders_jpgs/093.jpg  used on input line 125.
(luatex.def)             Requested size: 48.36958pt x 48.36937pt.
</home/henri/stuff/japanese/tuttle_kanji/radicals/variations/093a.jpg, id=239, 3
31.2375pt x 331.2375pt>
File: /home/henri/stuff/japanese/tuttle_kanji/radicals/variations/093a.jpg Graph
ic file (type jpg)
<use /home/henri/stuff/japanese/tuttle_kanji/radicals/variations/093a.jpg>
Package luatex.def Info: /home/henri/stuff/japanese/tuttle_kanji/radicals/variat
ions/093a.jpg  used on input line 125.
(luatex.def)             Requested size: 48.36958pt x 48.36937pt.
</home/henri/stuff/japanese/tuttle_kanji/radicals/variations/093b.jpg, id=240, 3
31.2375pt x 331.2375pt>
File: /home/henri/stuff/japanese/tuttle_kanji/radicals/variations/093b.jpg Graph
ic file (type jpg)
<use /home/henri/stuff/japanese/tuttle_kanji/radicals/variations/093b.jpg>
Package luatex.def Info: /home/henri/stuff/japanese/tuttle_kanji/radicals/variat
ions/093b.jpg  used on input line 125.
(luatex.def)             Requested size: 48.36958pt x 48.36937pt.
</home/henri/stuff/japanese/tuttle_kanji/radicals/AozoraMincho_jpgs/094.jpg, id=
241, 302.12875pt x 303.1325pt>
File: /home/henri/stuff/japanese/tuttle_kanji/radicals/AozoraMincho_jpgs/094.jpg
 Graphic file (type jpg)
<use /home/henri/stuff/japanese/tuttle_kanji/radicals/AozoraMincho_jpgs/094.jpg>

Package luatex.def Info: /home/henri/stuff/japanese/tuttle_kanji/radicals/Aozora
Mincho_jpgs/094.jpg  used on input line 126.
(luatex.def)             Requested size: 48.36958pt x 48.52994pt.
</home/henri/stuff/japanese/tuttle_kanji/radicals/StrokeOrders_jpgs/094.jpg, id=
242, 331.2375pt x 331.2375pt>
File: /home/henri/stuff/japanese/tuttle_kanji/radicals/StrokeOrders_jpgs/094.jpg
 Graphic file (type jpg)
<use /home/henri/stuff/japanese/tuttle_kanji/radicals/StrokeOrders_jpgs/094.jpg>

Package luatex.def Info: /home/henri/stuff/japanese/tuttle_kanji/radicals/Stroke
Orders_jpgs/094.jpg  used on input line 126.
(luatex.def)             Requested size: 48.36958pt x 48.36937pt.
</home/henri/stuff/japanese/tuttle_kanji/radicals/variations/094a.jpg, id=243, 3
31.2375pt x 331.2375pt>
File: /home/henri/stuff/japanese/tuttle_kanji/radicals/variations/094a.jpg Graph
ic file (type jpg)
<use /home/henri/stuff/japanese/tuttle_kanji/radicals/variations/094a.jpg>
Package luatex.def Info: /home/henri/stuff/japanese/tuttle_kanji/radicals/variat
ions/094a.jpg  used on input line 126.
(luatex.def)             Requested size: 48.36958pt x 48.36937pt.
</home/henri/stuff/japanese/tuttle_kanji/radicals/AozoraMincho_jpgs/095.jpg, id=
244, 302.12875pt x 303.1325pt>
File: /home/henri/stuff/japanese/tuttle_kanji/radicals/AozoraMincho_jpgs/095.jpg
 Graphic file (type jpg)
<use /home/henri/stuff/japanese/tuttle_kanji/radicals/AozoraMincho_jpgs/095.jpg>

Package luatex.def Info: /home/henri/stuff/japanese/tuttle_kanji/radicals/Aozora
Mincho_jpgs/095.jpg  used on input line 128.
(luatex.def)             Requested size: 48.36958pt x 48.52994pt.
</home/henri/stuff/japanese/tuttle_kanji/radicals/StrokeOrders_jpgs/095.jpg, id=
245, 331.2375pt x 331.2375pt>
File: /home/henri/stuff/japanese/tuttle_kanji/radicals/StrokeOrders_jpgs/095.jpg
 Graphic file (type jpg)
<use /home/henri/stuff/japanese/tuttle_kanji/radicals/StrokeOrders_jpgs/095.jpg>

Package luatex.def Info: /home/henri/stuff/japanese/tuttle_kanji/radicals/Stroke
Orders_jpgs/095.jpg  used on input line 128.
(luatex.def)             Requested size: 48.36958pt x 48.36937pt.

Overfull \hbox (10.79745pt too wide) in alignment at lines 109--129
 [][][][][][] 
 []

[5</home/henri/stuff/japanese/tuttle_kanji/radicals/AozoraMincho_jpgs/052.jpg></
home/henri/stuff/japanese/tuttle_kanji/radicals/StrokeOrders_jpgs/052.jpg></home
/henri/stuff/japanese/tuttle_kanji/radicals/AozoraMincho_jpgs/053.jpg></home/hen
ri/stuff/japanese/tuttle_kanji/radicals/StrokeOrders_jpgs/053.jpg></home/henri/s
tuff/japanese/tuttle_kanji/radicals/AozoraMincho_jpgs/054.jpg></home/henri/stuff
/japanese/tuttle_kanji/radicals/StrokeOrders_jpgs/054.jpg></home/henri/stuff/jap
anese/tuttle_kanji/radicals/AozoraMincho_jpgs/055.jpg></home/henri/stuff/japanes
e/tuttle_kanji/radicals/StrokeOrders_jpgs/055.jpg></home/henri/stuff/japanese/tu
ttle_kanji/radicals/AozoraMincho_jpgs/056.jpg></home/henri/stuff/japanese/tuttle
_kanji/radicals/StrokeOrders_jpgs/056.jpg></home/henri/stuff/japanese/tuttle_kan
ji/radicals/AozoraMincho_jpgs/057.jpg></home/henri/stuff/japanese/tuttle_kanji/r
adicals/StrokeOrders_jpgs/057.jpg></home/henri/stuff/japanese/tuttle_kanji/radic
als/AozoraMincho_jpgs/058.jpg></home/henri/stuff/japanese/tuttle_kanji/radicals/
StrokeOrders_jpgs/058.jpg></home/henri/stuff/japanese/tuttle_kanji/radicals/vari
ations/058a.jpg></home/henri/stuff/japanese/tuttle_kanji/radicals/variations/058
b.jpg></home/henri/stuff/japanese/tuttle_kanji/radicals/AozoraMincho_jpgs/059.jp
g></home/henri/stuff/japanese/tuttle_kanji/radicals/StrokeOrders_jpgs/059.jpg></
home/henri/stuff/japanese/tuttle_kanji/radicals/AozoraMincho_jpgs/060.jpg></home
/henri/stuff/japanese/tuttle_kanji/radicals/StrokeOrders_jpgs/060.jpg></home/hen
ri/stuff/japanese/tuttle_kanji/radicals/AozoraMincho_jpgs/061.jpg></home/henri/s
tuff/japanese/tuttle_kanji/radicals/StrokeOrders_jpgs/061.jpg></home/henri/stuff
/japanese/tuttle_kanji/radicals/variations/061a.jpg></home/henri/stuff/japanese/
tuttle_kanji/radicals/variations/061b.jpg></home/henri/stuff/japanese/tuttle_kan
ji/radicals/AozoraMincho_jpgs/062.jpg></home/henri/stuff/japanese/tuttle_kanji/r
adicals/StrokeOrders_jpgs/062.jpg></home/henri/stuff/japanese/tuttle_kanji/radic
als/AozoraMincho_jpgs/063.jpg></home/henri/stuff/japanese/tuttle_kanji/radicals/
StrokeOrders_jpgs/063.jpg></home/henri/stuff/japanese/tuttle_kanji/radicals/vari
ations/063a.jpg></home/henri/stuff/japanese/tuttle_kanji/radicals/variations/063
b.jpg>]
</home/henri/stuff/japanese/tuttle_kanji/radicals/AozoraMincho_jpgs/096.jpg, id=
249, 302.12875pt x 303.1325pt>
File: /home/henri/stuff/japanese/tuttle_kanji/radicals/AozoraMincho_jpgs/096.jpg
 Graphic file (type jpg)
<use /home/henri/stuff/japanese/tuttle_kanji/radicals/AozoraMincho_jpgs/096.jpg>

Package luatex.def Info: /home/henri/stuff/japanese/tuttle_kanji/radicals/Aozora
Mincho_jpgs/096.jpg  used on input line 129.
(luatex.def)             Requested size: 48.36958pt x 48.52994pt.
</home/henri/stuff/japanese/tuttle_kanji/radicals/StrokeOrders_jpgs/096.jpg, id=
250, 331.2375pt x 331.2375pt>
File: /home/henri/stuff/japanese/tuttle_kanji/radicals/StrokeOrders_jpgs/096.jpg
 Graphic file (type jpg)
<use /home/henri/stuff/japanese/tuttle_kanji/radicals/StrokeOrders_jpgs/096.jpg>

Package luatex.def Info: /home/henri/stuff/japanese/tuttle_kanji/radicals/Stroke
Orders_jpgs/096.jpg  used on input line 129.
(luatex.def)             Requested size: 48.36958pt x 48.36937pt.
</home/henri/stuff/japanese/tuttle_kanji/radicals/variations/096a.jpg, id=251, 3
31.2375pt x 331.2375pt>
File: /home/henri/stuff/japanese/tuttle_kanji/radicals/variations/096a.jpg Graph
ic file (type jpg)
<use /home/henri/stuff/japanese/tuttle_kanji/radicals/variations/096a.jpg>
Package luatex.def Info: /home/henri/stuff/japanese/tuttle_kanji/radicals/variat
ions/096a.jpg  used on input line 129.
(luatex.def)             Requested size: 48.36958pt x 48.36937pt.
</home/henri/stuff/japanese/tuttle_kanji/radicals/variations/096b.jpg, id=252, 3
31.2375pt x 331.2375pt>
File: /home/henri/stuff/japanese/tuttle_kanji/radicals/variations/096b.jpg Graph
ic file (type jpg)
<use /home/henri/stuff/japanese/tuttle_kanji/radicals/variations/096b.jpg>
Package luatex.def Info: /home/henri/stuff/japanese/tuttle_kanji/radicals/variat
ions/096b.jpg  used on input line 129.
(luatex.def)             Requested size: 48.36958pt x 48.36937pt.
</home/henri/stuff/japanese/tuttle_kanji/radicals/variations/096c.jpg, id=253, 3
02.12875pt x 303.1325pt>
File: /home/henri/stuff/japanese/tuttle_kanji/radicals/variations/096c.jpg Graph
ic file (type jpg)
<use /home/henri/stuff/japanese/tuttle_kanji/radicals/variations/096c.jpg>
Package luatex.def Info: /home/henri/stuff/japanese/tuttle_kanji/radicals/variat
ions/096c.jpg  used on input line 129.
(luatex.def)             Requested size: 48.36958pt x 48.52994pt.
</home/henri/stuff/japanese/tuttle_kanji/radicals/AozoraMincho_jpgs/097.jpg, id=
254, 302.12875pt x 303.1325pt>
File: /home/henri/stuff/japanese/tuttle_kanji/radicals/AozoraMincho_jpgs/097.jpg
 Graphic file (type jpg)
<use /home/henri/stuff/japanese/tuttle_kanji/radicals/AozoraMincho_jpgs/097.jpg>

Package luatex.def Info: /home/henri/stuff/japanese/tuttle_kanji/radicals/Aozora
Mincho_jpgs/097.jpg  used on input line 130.
(luatex.def)             Requested size: 48.36958pt x 48.52994pt.
</home/henri/stuff/japanese/tuttle_kanji/radicals/StrokeOrders_jpgs/097.jpg, id=
255, 331.2375pt x 331.2375pt>
File: /home/henri/stuff/japanese/tuttle_kanji/radicals/StrokeOrders_jpgs/097.jpg
 Graphic file (type jpg)
<use /home/henri/stuff/japanese/tuttle_kanji/radicals/StrokeOrders_jpgs/097.jpg>

Package luatex.def Info: /home/henri/stuff/japanese/tuttle_kanji/radicals/Stroke
Orders_jpgs/097.jpg  used on input line 130.
(luatex.def)             Requested size: 48.36958pt x 48.36937pt.
</home/henri/stuff/japanese/tuttle_kanji/radicals/AozoraMincho_jpgs/098.jpg, id=
256, 302.12875pt x 303.1325pt>
File: /home/henri/stuff/japanese/tuttle_kanji/radicals/AozoraMincho_jpgs/098.jpg
 Graphic file (type jpg)
<use /home/henri/stuff/japanese/tuttle_kanji/radicals/AozoraMincho_jpgs/098.jpg>

Package luatex.def Info: /home/henri/stuff/japanese/tuttle_kanji/radicals/Aozora
Mincho_jpgs/098.jpg  used on input line 131.
(luatex.def)             Requested size: 48.36958pt x 48.52994pt.
</home/henri/stuff/japanese/tuttle_kanji/radicals/StrokeOrders_jpgs/098.jpg, id=
257, 331.2375pt x 331.2375pt>
File: /home/henri/stuff/japanese/tuttle_kanji/radicals/StrokeOrders_jpgs/098.jpg
 Graphic file (type jpg)
<use /home/henri/stuff/japanese/tuttle_kanji/radicals/StrokeOrders_jpgs/098.jpg>

Package luatex.def Info: /home/henri/stuff/japanese/tuttle_kanji/radicals/Stroke
Orders_jpgs/098.jpg  used on input line 131.
(luatex.def)             Requested size: 48.36958pt x 48.36937pt.
</home/henri/stuff/japanese/tuttle_kanji/radicals/AozoraMincho_jpgs/099.jpg, id=
258, 302.12875pt x 303.1325pt>
File: /home/henri/stuff/japanese/tuttle_kanji/radicals/AozoraMincho_jpgs/099.jpg
 Graphic file (type jpg)
<use /home/henri/stuff/japanese/tuttle_kanji/radicals/AozoraMincho_jpgs/099.jpg>

Package luatex.def Info: /home/henri/stuff/japanese/tuttle_kanji/radicals/Aozora
Mincho_jpgs/099.jpg  used on input line 132.
(luatex.def)             Requested size: 48.36958pt x 48.52994pt.
</home/henri/stuff/japanese/tuttle_kanji/radicals/StrokeOrders_jpgs/099.jpg, id=
259, 331.2375pt x 331.2375pt>
File: /home/henri/stuff/japanese/tuttle_kanji/radicals/StrokeOrders_jpgs/099.jpg
 Graphic file (type jpg)
<use /home/henri/stuff/japanese/tuttle_kanji/radicals/StrokeOrders_jpgs/099.jpg>

Package luatex.def Info: /home/henri/stuff/japanese/tuttle_kanji/radicals/Stroke
Orders_jpgs/099.jpg  used on input line 132.
(luatex.def)             Requested size: 48.36958pt x 48.36937pt.
</home/henri/stuff/japanese/tuttle_kanji/radicals/AozoraMincho_jpgs/100.jpg, id=
260, 302.12875pt x 303.1325pt>
File: /home/henri/stuff/japanese/tuttle_kanji/radicals/AozoraMincho_jpgs/100.jpg
 Graphic file (type jpg)
<use /home/henri/stuff/japanese/tuttle_kanji/radicals/AozoraMincho_jpgs/100.jpg>

Package luatex.def Info: /home/henri/stuff/japanese/tuttle_kanji/radicals/Aozora
Mincho_jpgs/100.jpg  used on input line 133.
(luatex.def)             Requested size: 48.36958pt x 48.52994pt.
</home/henri/stuff/japanese/tuttle_kanji/radicals/StrokeOrders_jpgs/100.jpg, id=
261, 331.2375pt x 331.2375pt>
File: /home/henri/stuff/japanese/tuttle_kanji/radicals/StrokeOrders_jpgs/100.jpg
 Graphic file (type jpg)
<use /home/henri/stuff/japanese/tuttle_kanji/radicals/StrokeOrders_jpgs/100.jpg>

Package luatex.def Info: /home/henri/stuff/japanese/tuttle_kanji/radicals/Stroke
Orders_jpgs/100.jpg  used on input line 133.
(luatex.def)             Requested size: 48.36958pt x 48.36937pt.
</home/henri/stuff/japanese/tuttle_kanji/radicals/AozoraMincho_jpgs/101.jpg, id=
262, 302.12875pt x 303.1325pt>
File: /home/henri/stuff/japanese/tuttle_kanji/radicals/AozoraMincho_jpgs/101.jpg
 Graphic file (type jpg)
<use /home/henri/stuff/japanese/tuttle_kanji/radicals/AozoraMincho_jpgs/101.jpg>

Package luatex.def Info: /home/henri/stuff/japanese/tuttle_kanji/radicals/Aozora
Mincho_jpgs/101.jpg  used on input line 134.
(luatex.def)             Requested size: 48.36958pt x 48.52994pt.
</home/henri/stuff/japanese/tuttle_kanji/radicals/StrokeOrders_jpgs/101.jpg, id=
263, 331.2375pt x 331.2375pt>
File: /home/henri/stuff/japanese/tuttle_kanji/radicals/StrokeOrders_jpgs/101.jpg
 Graphic file (type jpg)
<use /home/henri/stuff/japanese/tuttle_kanji/radicals/StrokeOrders_jpgs/101.jpg>

Package luatex.def Info: /home/henri/stuff/japanese/tuttle_kanji/radicals/Stroke
Orders_jpgs/101.jpg  used on input line 134.
(luatex.def)             Requested size: 48.36958pt x 48.36937pt.
</home/henri/stuff/japanese/tuttle_kanji/radicals/variations/101a.jpg, id=264, 3
31.2375pt x 331.2375pt>
File: /home/henri/stuff/japanese/tuttle_kanji/radicals/variations/101a.jpg Graph
ic file (type jpg)
<use /home/henri/stuff/japanese/tuttle_kanji/radicals/variations/101a.jpg>
Package luatex.def Info: /home/henri/stuff/japanese/tuttle_kanji/radicals/variat
ions/101a.jpg  used on input line 134.
(luatex.def)             Requested size: 48.36958pt x 48.36937pt.
</home/henri/stuff/japanese/tuttle_kanji/radicals/AozoraMincho_jpgs/102.jpg, id=
265, 302.12875pt x 303.1325pt>
File: /home/henri/stuff/japanese/tuttle_kanji/radicals/AozoraMincho_jpgs/102.jpg
 Graphic file (type jpg)
<use /home/henri/stuff/japanese/tuttle_kanji/radicals/AozoraMincho_jpgs/102.jpg>

Package luatex.def Info: /home/henri/stuff/japanese/tuttle_kanji/radicals/Aozora
Mincho_jpgs/102.jpg  used on input line 135.
(luatex.def)             Requested size: 48.36958pt x 48.52994pt.
</home/henri/stuff/japanese/tuttle_kanji/radicals/StrokeOrders_jpgs/102.jpg, id=
266, 331.2375pt x 331.2375pt>
File: /home/henri/stuff/japanese/tuttle_kanji/radicals/StrokeOrders_jpgs/102.jpg
 Graphic file (type jpg)
<use /home/henri/stuff/japanese/tuttle_kanji/radicals/StrokeOrders_jpgs/102.jpg>

Package luatex.def Info: /home/henri/stuff/japanese/tuttle_kanji/radicals/Stroke
Orders_jpgs/102.jpg  used on input line 135.
(luatex.def)             Requested size: 48.36958pt x 48.36937pt.
</home/henri/stuff/japanese/tuttle_kanji/radicals/AozoraMincho_jpgs/103.jpg, id=
267, 302.12875pt x 303.1325pt>
File: /home/henri/stuff/japanese/tuttle_kanji/radicals/AozoraMincho_jpgs/103.jpg
 Graphic file (type jpg)
<use /home/henri/stuff/japanese/tuttle_kanji/radicals/AozoraMincho_jpgs/103.jpg>

Package luatex.def Info: /home/henri/stuff/japanese/tuttle_kanji/radicals/Aozora
Mincho_jpgs/103.jpg  used on input line 136.
(luatex.def)             Requested size: 48.36958pt x 48.52994pt.
</home/henri/stuff/japanese/tuttle_kanji/radicals/StrokeOrders_jpgs/103.jpg, id=
268, 331.2375pt x 331.2375pt>
File: /home/henri/stuff/japanese/tuttle_kanji/radicals/StrokeOrders_jpgs/103.jpg
 Graphic file (type jpg)
<use /home/henri/stuff/japanese/tuttle_kanji/radicals/StrokeOrders_jpgs/103.jpg>

Package luatex.def Info: /home/henri/stuff/japanese/tuttle_kanji/radicals/Stroke
Orders_jpgs/103.jpg  used on input line 136.
(luatex.def)             Requested size: 48.36958pt x 48.36937pt.
</home/henri/stuff/japanese/tuttle_kanji/radicals/variations/103a.jpg, id=269, 3
31.2375pt x 331.2375pt>
File: /home/henri/stuff/japanese/tuttle_kanji/radicals/variations/103a.jpg Graph
ic file (type jpg)
<use /home/henri/stuff/japanese/tuttle_kanji/radicals/variations/103a.jpg>
Package luatex.def Info: /home/henri/stuff/japanese/tuttle_kanji/radicals/variat
ions/103a.jpg  used on input line 136.
(luatex.def)             Requested size: 48.36958pt x 48.36937pt.
</home/henri/stuff/japanese/tuttle_kanji/radicals/AozoraMincho_jpgs/104.jpg, id=
270, 302.12875pt x 303.1325pt>
File: /home/henri/stuff/japanese/tuttle_kanji/radicals/AozoraMincho_jpgs/104.jpg
 Graphic file (type jpg)
<use /home/henri/stuff/japanese/tuttle_kanji/radicals/AozoraMincho_jpgs/104.jpg>

Package luatex.def Info: /home/henri/stuff/japanese/tuttle_kanji/radicals/Aozora
Mincho_jpgs/104.jpg  used on input line 137.
(luatex.def)             Requested size: 48.36958pt x 48.52994pt.
</home/henri/stuff/japanese/tuttle_kanji/radicals/StrokeOrders_jpgs/104.jpg, id=
271, 331.2375pt x 331.2375pt>
File: /home/henri/stuff/japanese/tuttle_kanji/radicals/StrokeOrders_jpgs/104.jpg
 Graphic file (type jpg)
<use /home/henri/stuff/japanese/tuttle_kanji/radicals/StrokeOrders_jpgs/104.jpg>

Package luatex.def Info: /home/henri/stuff/japanese/tuttle_kanji/radicals/Stroke
Orders_jpgs/104.jpg  used on input line 137.
(luatex.def)             Requested size: 48.36958pt x 48.36937pt.
</home/henri/stuff/japanese/tuttle_kanji/radicals/AozoraMincho_jpgs/105.jpg, id=
272, 302.12875pt x 303.1325pt>
File: /home/henri/stuff/japanese/tuttle_kanji/radicals/AozoraMincho_jpgs/105.jpg
 Graphic file (type jpg)
<use /home/henri/stuff/japanese/tuttle_kanji/radicals/AozoraMincho_jpgs/105.jpg>

Package luatex.def Info: /home/henri/stuff/japanese/tuttle_kanji/radicals/Aozora
Mincho_jpgs/105.jpg  used on input line 138.
(luatex.def)             Requested size: 48.36958pt x 48.52994pt.
</home/henri/stuff/japanese/tuttle_kanji/radicals/StrokeOrders_jpgs/105.jpg, id=
273, 331.2375pt x 331.2375pt>
File: /home/henri/stuff/japanese/tuttle_kanji/radicals/StrokeOrders_jpgs/105.jpg
 Graphic file (type jpg)
<use /home/henri/stuff/japanese/tuttle_kanji/radicals/StrokeOrders_jpgs/105.jpg>

Package luatex.def Info: /home/henri/stuff/japanese/tuttle_kanji/radicals/Stroke
Orders_jpgs/105.jpg  used on input line 138.
(luatex.def)             Requested size: 48.36958pt x 48.36937pt.
</home/henri/stuff/japanese/tuttle_kanji/radicals/AozoraMincho_jpgs/106.jpg, id=
274, 302.12875pt x 303.1325pt>
File: /home/henri/stuff/japanese/tuttle_kanji/radicals/AozoraMincho_jpgs/106.jpg
 Graphic file (type jpg)
<use /home/henri/stuff/japanese/tuttle_kanji/radicals/AozoraMincho_jpgs/106.jpg>

Package luatex.def Info: /home/henri/stuff/japanese/tuttle_kanji/radicals/Aozora
Mincho_jpgs/106.jpg  used on input line 139.
(luatex.def)             Requested size: 48.36958pt x 48.52994pt.
</home/henri/stuff/japanese/tuttle_kanji/radicals/StrokeOrders_jpgs/106.jpg, id=
275, 331.2375pt x 331.2375pt>
File: /home/henri/stuff/japanese/tuttle_kanji/radicals/StrokeOrders_jpgs/106.jpg
 Graphic file (type jpg)
<use /home/henri/stuff/japanese/tuttle_kanji/radicals/StrokeOrders_jpgs/106.jpg>

Package luatex.def Info: /home/henri/stuff/japanese/tuttle_kanji/radicals/Stroke
Orders_jpgs/106.jpg  used on input line 139.
(luatex.def)             Requested size: 48.36958pt x 48.36937pt.
</home/henri/stuff/japanese/tuttle_kanji/radicals/AozoraMincho_jpgs/107.jpg, id=
276, 302.12875pt x 303.1325pt>
File: /home/henri/stuff/japanese/tuttle_kanji/radicals/AozoraMincho_jpgs/107.jpg
 Graphic file (type jpg)
<use /home/henri/stuff/japanese/tuttle_kanji/radicals/AozoraMincho_jpgs/107.jpg>

Package luatex.def Info: /home/henri/stuff/japanese/tuttle_kanji/radicals/Aozora
Mincho_jpgs/107.jpg  used on input line 140.
(luatex.def)             Requested size: 48.36958pt x 48.52994pt.
</home/henri/stuff/japanese/tuttle_kanji/radicals/StrokeOrders_jpgs/107.jpg, id=
277, 331.2375pt x 331.2375pt>
File: /home/henri/stuff/japanese/tuttle_kanji/radicals/StrokeOrders_jpgs/107.jpg
 Graphic file (type jpg)
<use /home/henri/stuff/japanese/tuttle_kanji/radicals/StrokeOrders_jpgs/107.jpg>

Package luatex.def Info: /home/henri/stuff/japanese/tuttle_kanji/radicals/Stroke
Orders_jpgs/107.jpg  used on input line 140.
(luatex.def)             Requested size: 48.36958pt x 48.36937pt.
</home/henri/stuff/japanese/tuttle_kanji/radicals/AozoraMincho_jpgs/108.jpg, id=
278, 302.12875pt x 303.1325pt>
File: /home/henri/stuff/japanese/tuttle_kanji/radicals/AozoraMincho_jpgs/108.jpg
 Graphic file (type jpg)
<use /home/henri/stuff/japanese/tuttle_kanji/radicals/AozoraMincho_jpgs/108.jpg>

Package luatex.def Info: /home/henri/stuff/japanese/tuttle_kanji/radicals/Aozora
Mincho_jpgs/108.jpg  used on input line 141.
(luatex.def)             Requested size: 48.36958pt x 48.52994pt.
</home/henri/stuff/japanese/tuttle_kanji/radicals/StrokeOrders_jpgs/108.jpg, id=
279, 331.2375pt x 331.2375pt>
File: /home/henri/stuff/japanese/tuttle_kanji/radicals/StrokeOrders_jpgs/108.jpg
 Graphic file (type jpg)
<use /home/henri/stuff/japanese/tuttle_kanji/radicals/StrokeOrders_jpgs/108.jpg>

Package luatex.def Info: /home/henri/stuff/japanese/tuttle_kanji/radicals/Stroke
Orders_jpgs/108.jpg  used on input line 141.
(luatex.def)             Requested size: 48.36958pt x 48.36937pt.
</home/henri/stuff/japanese/tuttle_kanji/radicals/AozoraMincho_jpgs/109.jpg, id=
280, 302.12875pt x 303.1325pt>
File: /home/henri/stuff/japanese/tuttle_kanji/radicals/AozoraMincho_jpgs/109.jpg
 Graphic file (type jpg)
<use /home/henri/stuff/japanese/tuttle_kanji/radicals/AozoraMincho_jpgs/109.jpg>

Package luatex.def Info: /home/henri/stuff/japanese/tuttle_kanji/radicals/Aozora
Mincho_jpgs/109.jpg  used on input line 142.
(luatex.def)             Requested size: 48.36958pt x 48.52994pt.
</home/henri/stuff/japanese/tuttle_kanji/radicals/StrokeOrders_jpgs/109.jpg, id=
281, 331.2375pt x 331.2375pt>
File: /home/henri/stuff/japanese/tuttle_kanji/radicals/StrokeOrders_jpgs/109.jpg
 Graphic file (type jpg)
<use /home/henri/stuff/japanese/tuttle_kanji/radicals/StrokeOrders_jpgs/109.jpg>

Package luatex.def Info: /home/henri/stuff/japanese/tuttle_kanji/radicals/Stroke
Orders_jpgs/109.jpg  used on input line 142.
(luatex.def)             Requested size: 48.36958pt x 48.36937pt.
</home/henri/stuff/japanese/tuttle_kanji/radicals/AozoraMincho_jpgs/110.jpg, id=
282, 302.12875pt x 303.1325pt>
File: /home/henri/stuff/japanese/tuttle_kanji/radicals/AozoraMincho_jpgs/110.jpg
 Graphic file (type jpg)
<use /home/henri/stuff/japanese/tuttle_kanji/radicals/AozoraMincho_jpgs/110.jpg>

Package luatex.def Info: /home/henri/stuff/japanese/tuttle_kanji/radicals/Aozora
Mincho_jpgs/110.jpg  used on input line 143.
(luatex.def)             Requested size: 48.36958pt x 48.52994pt.
</home/henri/stuff/japanese/tuttle_kanji/radicals/StrokeOrders_jpgs/110.jpg, id=
283, 331.2375pt x 331.2375pt>
File: /home/henri/stuff/japanese/tuttle_kanji/radicals/StrokeOrders_jpgs/110.jpg
 Graphic file (type jpg)
<use /home/henri/stuff/japanese/tuttle_kanji/radicals/StrokeOrders_jpgs/110.jpg>

Package luatex.def Info: /home/henri/stuff/japanese/tuttle_kanji/radicals/Stroke
Orders_jpgs/110.jpg  used on input line 143.
(luatex.def)             Requested size: 48.36958pt x 48.36937pt.
</home/henri/stuff/japanese/tuttle_kanji/radicals/AozoraMincho_jpgs/111.jpg, id=
284, 302.12875pt x 303.1325pt>
File: /home/henri/stuff/japanese/tuttle_kanji/radicals/AozoraMincho_jpgs/111.jpg
 Graphic file (type jpg)
<use /home/henri/stuff/japanese/tuttle_kanji/radicals/AozoraMincho_jpgs/111.jpg>

Package luatex.def Info: /home/henri/stuff/japanese/tuttle_kanji/radicals/Aozora
Mincho_jpgs/111.jpg  used on input line 144.
(luatex.def)             Requested size: 48.36958pt x 48.52994pt.
</home/henri/stuff/japanese/tuttle_kanji/radicals/StrokeOrders_jpgs/111.jpg, id=
285, 331.2375pt x 331.2375pt>
File: /home/henri/stuff/japanese/tuttle_kanji/radicals/StrokeOrders_jpgs/111.jpg
 Graphic file (type jpg)
<use /home/henri/stuff/japanese/tuttle_kanji/radicals/StrokeOrders_jpgs/111.jpg>

Package luatex.def Info: /home/henri/stuff/japanese/tuttle_kanji/radicals/Stroke
Orders_jpgs/111.jpg  used on input line 144.
(luatex.def)             Requested size: 48.36958pt x 48.36937pt.
</home/henri/stuff/japanese/tuttle_kanji/radicals/AozoraMincho_jpgs/112.jpg, id=
286, 302.12875pt x 303.1325pt>
File: /home/henri/stuff/japanese/tuttle_kanji/radicals/AozoraMincho_jpgs/112.jpg
 Graphic file (type jpg)
<use /home/henri/stuff/japanese/tuttle_kanji/radicals/AozoraMincho_jpgs/112.jpg>

Package luatex.def Info: /home/henri/stuff/japanese/tuttle_kanji/radicals/Aozora
Mincho_jpgs/112.jpg  used on input line 145.
(luatex.def)             Requested size: 48.36958pt x 48.52994pt.
</home/henri/stuff/japanese/tuttle_kanji/radicals/StrokeOrders_jpgs/112.jpg, id=
287, 331.2375pt x 331.2375pt>
File: /home/henri/stuff/japanese/tuttle_kanji/radicals/StrokeOrders_jpgs/112.jpg
 Graphic file (type jpg)
<use /home/henri/stuff/japanese/tuttle_kanji/radicals/StrokeOrders_jpgs/112.jpg>

Package luatex.def Info: /home/henri/stuff/japanese/tuttle_kanji/radicals/Stroke
Orders_jpgs/112.jpg  used on input line 145.
(luatex.def)             Requested size: 48.36958pt x 48.36937pt.
</home/henri/stuff/japanese/tuttle_kanji/radicals/AozoraMincho_jpgs/113.jpg, id=
288, 302.12875pt x 303.1325pt>
File: /home/henri/stuff/japanese/tuttle_kanji/radicals/AozoraMincho_jpgs/113.jpg
 Graphic file (type jpg)
<use /home/henri/stuff/japanese/tuttle_kanji/radicals/AozoraMincho_jpgs/113.jpg>

Package luatex.def Info: /home/henri/stuff/japanese/tuttle_kanji/radicals/Aozora
Mincho_jpgs/113.jpg  used on input line 146.
(luatex.def)             Requested size: 48.36958pt x 48.52994pt.
</home/henri/stuff/japanese/tuttle_kanji/radicals/StrokeOrders_jpgs/113.jpg, id=
289, 331.2375pt x 331.2375pt>
File: /home/henri/stuff/japanese/tuttle_kanji/radicals/StrokeOrders_jpgs/113.jpg
 Graphic file (type jpg)
<use /home/henri/stuff/japanese/tuttle_kanji/radicals/StrokeOrders_jpgs/113.jpg>

Package luatex.def Info: /home/henri/stuff/japanese/tuttle_kanji/radicals/Stroke
Orders_jpgs/113.jpg  used on input line 146.
(luatex.def)             Requested size: 48.36958pt x 48.36937pt.
</home/henri/stuff/japanese/tuttle_kanji/radicals/variations/113a.jpg, id=290, 3
31.2375pt x 331.2375pt>
File: /home/henri/stuff/japanese/tuttle_kanji/radicals/variations/113a.jpg Graph
ic file (type jpg)
<use /home/henri/stuff/japanese/tuttle_kanji/radicals/variations/113a.jpg>
Package luatex.def Info: /home/henri/stuff/japanese/tuttle_kanji/radicals/variat
ions/113a.jpg  used on input line 146.
(luatex.def)             Requested size: 48.36958pt x 48.36937pt.
</home/henri/stuff/japanese/tuttle_kanji/radicals/AozoraMincho_jpgs/114.jpg, id=
291, 302.12875pt x 303.1325pt>
File: /home/henri/stuff/japanese/tuttle_kanji/radicals/AozoraMincho_jpgs/114.jpg
 Graphic file (type jpg)
<use /home/henri/stuff/japanese/tuttle_kanji/radicals/AozoraMincho_jpgs/114.jpg>

Package luatex.def Info: /home/henri/stuff/japanese/tuttle_kanji/radicals/Aozora
Mincho_jpgs/114.jpg  used on input line 147.
(luatex.def)             Requested size: 48.36958pt x 48.52994pt.
</home/henri/stuff/japanese/tuttle_kanji/radicals/StrokeOrders_jpgs/114.jpg, id=
292, 331.2375pt x 331.2375pt>
File: /home/henri/stuff/japanese/tuttle_kanji/radicals/StrokeOrders_jpgs/114.jpg
 Graphic file (type jpg)
<use /home/henri/stuff/japanese/tuttle_kanji/radicals/StrokeOrders_jpgs/114.jpg>

Package luatex.def Info: /home/henri/stuff/japanese/tuttle_kanji/radicals/Stroke
Orders_jpgs/114.jpg  used on input line 147.
(luatex.def)             Requested size: 48.36958pt x 48.36937pt.
</home/henri/stuff/japanese/tuttle_kanji/radicals/AozoraMincho_jpgs/115.jpg, id=
293, 302.12875pt x 303.1325pt>
File: /home/henri/stuff/japanese/tuttle_kanji/radicals/AozoraMincho_jpgs/115.jpg
 Graphic file (type jpg)
<use /home/henri/stuff/japanese/tuttle_kanji/radicals/AozoraMincho_jpgs/115.jpg>

Package luatex.def Info: /home/henri/stuff/japanese/tuttle_kanji/radicals/Aozora
Mincho_jpgs/115.jpg  used on input line 148.
(luatex.def)             Requested size: 48.36958pt x 48.52994pt.
</home/henri/stuff/japanese/tuttle_kanji/radicals/StrokeOrders_jpgs/115.jpg, id=
294, 331.2375pt x 331.2375pt>
File: /home/henri/stuff/japanese/tuttle_kanji/radicals/StrokeOrders_jpgs/115.jpg
 Graphic file (type jpg)
<use /home/henri/stuff/japanese/tuttle_kanji/radicals/StrokeOrders_jpgs/115.jpg>

Package luatex.def Info: /home/henri/stuff/japanese/tuttle_kanji/radicals/Stroke
Orders_jpgs/115.jpg  used on input line 148.
(luatex.def)             Requested size: 48.36958pt x 48.36937pt.

Overfull \hbox (10.79745pt too wide) in alignment at lines 129--149
 [][][][][][] 
 []

[6</home/henri/stuff/japanese/tuttle_kanji/radicals/AozoraMincho_jpgs/064.jpg></
home/henri/stuff/japanese/tuttle_kanji/radicals/StrokeOrders_jpgs/064.jpg></home
/henri/stuff/japanese/tuttle_kanji/radicals/variations/064a.jpg></home/henri/stu
ff/japanese/tuttle_kanji/radicals/AozoraMincho_jpgs/065.jpg></home/henri/stuff/j
apanese/tuttle_kanji/radicals/StrokeOrders_jpgs/065.jpg></home/henri/stuff/japan
ese/tuttle_kanji/radicals/AozoraMincho_jpgs/066.jpg></home/henri/stuff/japanese/
tuttle_kanji/radicals/StrokeOrders_jpgs/066.jpg></home/henri/stuff/japanese/tutt
le_kanji/radicals/variations/066a.jpg></home/henri/stuff/japanese/tuttle_kanji/r
adicals/AozoraMincho_jpgs/067.jpg></home/henri/stuff/japanese/tuttle_kanji/radic
als/StrokeOrders_jpgs/067.jpg></home/henri/stuff/japanese/tuttle_kanji/radicals/
AozoraMincho_jpgs/068.jpg></home/henri/stuff/japanese/tuttle_kanji/radicals/Stro
keOrders_jpgs/068.jpg></home/henri/stuff/japanese/tuttle_kanji/radicals/AozoraMi
ncho_jpgs/069.jpg></home/henri/stuff/japanese/tuttle_kanji/radicals/StrokeOrders
_jpgs/069.jpg></home/henri/stuff/japanese/tuttle_kanji/radicals/AozoraMincho_jpg
s/070.jpg></home/henri/stuff/japanese/tuttle_kanji/radicals/StrokeOrders_jpgs/07
0.jpg></home/henri/stuff/japanese/tuttle_kanji/radicals/AozoraMincho_jpgs/071.jp
g></home/henri/stuff/japanese/tuttle_kanji/radicals/StrokeOrders_jpgs/071.jpg></
home/henri/stuff/japanese/tuttle_kanji/radicals/variations/071a.jpg></home/henri
/stuff/japanese/tuttle_kanji/radicals/AozoraMincho_jpgs/072.jpg></home/henri/stu
ff/japanese/tuttle_kanji/radicals/StrokeOrders_jpgs/072.jpg></home/henri/stuff/j
apanese/tuttle_kanji/radicals/AozoraMincho_jpgs/073.jpg></home/henri/stuff/japan
ese/tuttle_kanji/radicals/StrokeOrders_jpgs/073.jpg></home/henri/stuff/japanese/
tuttle_kanji/radicals/AozoraMincho_jpgs/074.jpg></home/henri/stuff/japanese/tutt
le_kanji/radicals/StrokeOrders_jpgs/074.jpg></home/henri/stuff/japanese/tuttle_k
anji/radicals/AozoraMincho_jpgs/075.jpg></home/henri/stuff/japanese/tuttle_kanji
/radicals/StrokeOrders_jpgs/075.jpg></home/henri/stuff/japanese/tuttle_kanji/rad
icals/AozoraMincho_jpgs/076.jpg></home/henri/stuff/japanese/tuttle_kanji/radical
s/StrokeOrders_jpgs/076.jpg>] [7</home/henri/stuff/japanese/tuttle_kanji/radical
s/AozoraMincho_jpgs/077.jpg></home/henri/stuff/japanese/tuttle_kanji/radicals/St
rokeOrders_jpgs/077.jpg></home/henri/stuff/japanese/tuttle_kanji/radicals/Aozora
Mincho_jpgs/078.jpg></home/henri/stuff/japanese/tuttle_kanji/radicals/StrokeOrde
rs_jpgs/078.jpg></home/henri/stuff/japanese/tuttle_kanji/radicals/variations/078
a.jpg></home/henri/stuff/japanese/tuttle_kanji/radicals/AozoraMincho_jpgs/079.jp
g></home/henri/stuff/japanese/tuttle_kanji/radicals/StrokeOrders_jpgs/079.jpg></
home/henri/stuff/japanese/tuttle_kanji/radicals/AozoraMincho_jpgs/080.jpg></home
/henri/stuff/japanese/tuttle_kanji/radicals/StrokeOrders_jpgs/080.jpg></home/hen
ri/stuff/japanese/tuttle_kanji/radicals/variations/080a.jpg></home/henri/stuff/j
apanese/tuttle_kanji/radicals/AozoraMincho_jpgs/081.jpg></home/henri/stuff/japan
ese/tuttle_kanji/radicals/StrokeOrders_jpgs/081.jpg></home/henri/stuff/japanese/
tuttle_kanji/radicals/AozoraMincho_jpgs/082.jpg></home/henri/stuff/japanese/tutt
le_kanji/radicals/StrokeOrders_jpgs/082.jpg></home/henri/stuff/japanese/tuttle_k
anji/radicals/AozoraMincho_jpgs/083.jpg></home/henri/stuff/japanese/tuttle_kanji
/radicals/StrokeOrders_jpgs/083.jpg></home/henri/stuff/japanese/tuttle_kanji/rad
icals/AozoraMincho_jpgs/084.jpg></home/henri/stuff/japanese/tuttle_kanji/radical
s/StrokeOrders_jpgs/084.jpg></home/henri/stuff/japanese/tuttle_kanji/radicals/Ao
zoraMincho_jpgs/085.jpg></home/henri/stuff/japanese/tuttle_kanji/radicals/Stroke
Orders_jpgs/085.jpg></home/henri/stuff/japanese/tuttle_kanji/radicals/variations
/085a.jpg></home/henri/stuff/japanese/tuttle_kanji/radicals/variations/085b.jpg>
</home/henri/stuff/japanese/tuttle_kanji/radicals/AozoraMincho_jpgs/086.jpg></ho
me/henri/stuff/japanese/tuttle_kanji/radicals/StrokeOrders_jpgs/086.jpg></home/h
enri/stuff/japanese/tuttle_kanji/radicals/variations/086a.jpg></home/henri/stuff
/japanese/tuttle_kanji/radicals/AozoraMincho_jpgs/087.jpg></home/henri/stuff/jap
anese/tuttle_kanji/radicals/StrokeOrders_jpgs/087.jpg></home/henri/stuff/japanes
e/tuttle_kanji/radicals/variations/087a.jpg></home/henri/stuff/japanese/tuttle_k
anji/radicals/variations/087b.jpg></home/henri/stuff/japanese/tuttle_kanji/radic
als/AozoraMincho_jpgs/088.jpg></home/henri/stuff/japanese/tuttle_kanji/radicals/
StrokeOrders_jpgs/088.jpg></home/henri/stuff/japanese/tuttle_kanji/radicals/Aozo
raMincho_jpgs/089.jpg></home/henri/stuff/japanese/tuttle_kanji/radicals/StrokeOr
ders_jpgs/089.jpg>]
</home/henri/stuff/japanese/tuttle_kanji/radicals/AozoraMincho_jpgs/116.jpg, id=
302, 302.12875pt x 303.1325pt>
File: /home/henri/stuff/japanese/tuttle_kanji/radicals/AozoraMincho_jpgs/116.jpg
 Graphic file (type jpg)
<use /home/henri/stuff/japanese/tuttle_kanji/radicals/AozoraMincho_jpgs/116.jpg>

Package luatex.def Info: /home/henri/stuff/japanese/tuttle_kanji/radicals/Aozora
Mincho_jpgs/116.jpg  used on input line 149.
(luatex.def)             Requested size: 48.36958pt x 48.52994pt.
</home/henri/stuff/japanese/tuttle_kanji/radicals/StrokeOrders_jpgs/116.jpg, id=
303, 331.2375pt x 331.2375pt>
File: /home/henri/stuff/japanese/tuttle_kanji/radicals/StrokeOrders_jpgs/116.jpg
 Graphic file (type jpg)
<use /home/henri/stuff/japanese/tuttle_kanji/radicals/StrokeOrders_jpgs/116.jpg>

Package luatex.def Info: /home/henri/stuff/japanese/tuttle_kanji/radicals/Stroke
Orders_jpgs/116.jpg  used on input line 149.
(luatex.def)             Requested size: 48.36958pt x 48.36937pt.
</home/henri/stuff/japanese/tuttle_kanji/radicals/AozoraMincho_jpgs/117.jpg, id=
304, 302.12875pt x 303.1325pt>
File: /home/henri/stuff/japanese/tuttle_kanji/radicals/AozoraMincho_jpgs/117.jpg
 Graphic file (type jpg)
<use /home/henri/stuff/japanese/tuttle_kanji/radicals/AozoraMincho_jpgs/117.jpg>

Package luatex.def Info: /home/henri/stuff/japanese/tuttle_kanji/radicals/Aozora
Mincho_jpgs/117.jpg  used on input line 150.
(luatex.def)             Requested size: 48.36958pt x 48.52994pt.
</home/henri/stuff/japanese/tuttle_kanji/radicals/StrokeOrders_jpgs/117.jpg, id=
305, 331.2375pt x 331.2375pt>
File: /home/henri/stuff/japanese/tuttle_kanji/radicals/StrokeOrders_jpgs/117.jpg
 Graphic file (type jpg)
<use /home/henri/stuff/japanese/tuttle_kanji/radicals/StrokeOrders_jpgs/117.jpg>

Package luatex.def Info: /home/henri/stuff/japanese/tuttle_kanji/radicals/Stroke
Orders_jpgs/117.jpg  used on input line 150.
(luatex.def)             Requested size: 48.36958pt x 48.36937pt.
</home/henri/stuff/japanese/tuttle_kanji/radicals/AozoraMincho_jpgs/118.jpg, id=
306, 302.12875pt x 303.1325pt>
File: /home/henri/stuff/japanese/tuttle_kanji/radicals/AozoraMincho_jpgs/118.jpg
 Graphic file (type jpg)
<use /home/henri/stuff/japanese/tuttle_kanji/radicals/AozoraMincho_jpgs/118.jpg>

Package luatex.def Info: /home/henri/stuff/japanese/tuttle_kanji/radicals/Aozora
Mincho_jpgs/118.jpg  used on input line 152.
(luatex.def)             Requested size: 48.36958pt x 48.52994pt.
</home/henri/stuff/japanese/tuttle_kanji/radicals/StrokeOrders_jpgs/118.jpg, id=
307, 331.2375pt x 331.2375pt>
File: /home/henri/stuff/japanese/tuttle_kanji/radicals/StrokeOrders_jpgs/118.jpg
 Graphic file (type jpg)
<use /home/henri/stuff/japanese/tuttle_kanji/radicals/StrokeOrders_jpgs/118.jpg>

Package luatex.def Info: /home/henri/stuff/japanese/tuttle_kanji/radicals/Stroke
Orders_jpgs/118.jpg  used on input line 152.
(luatex.def)             Requested size: 48.36958pt x 48.36937pt.
</home/henri/stuff/japanese/tuttle_kanji/radicals/variations/118a.jpg, id=308, 3
31.2375pt x 331.2375pt>
File: /home/henri/stuff/japanese/tuttle_kanji/radicals/variations/118a.jpg Graph
ic file (type jpg)
<use /home/henri/stuff/japanese/tuttle_kanji/radicals/variations/118a.jpg>
Package luatex.def Info: /home/henri/stuff/japanese/tuttle_kanji/radicals/variat
ions/118a.jpg  used on input line 152.
(luatex.def)             Requested size: 48.36958pt x 48.36937pt.
</home/henri/stuff/japanese/tuttle_kanji/radicals/AozoraMincho_jpgs/119.jpg, id=
309, 302.12875pt x 303.1325pt>
File: /home/henri/stuff/japanese/tuttle_kanji/radicals/AozoraMincho_jpgs/119.jpg
 Graphic file (type jpg)
<use /home/henri/stuff/japanese/tuttle_kanji/radicals/AozoraMincho_jpgs/119.jpg>

Package luatex.def Info: /home/henri/stuff/japanese/tuttle_kanji/radicals/Aozora
Mincho_jpgs/119.jpg  used on input line 153.
(luatex.def)             Requested size: 48.36958pt x 48.52994pt.
</home/henri/stuff/japanese/tuttle_kanji/radicals/StrokeOrders_jpgs/119.jpg, id=
310, 331.2375pt x 331.2375pt>
File: /home/henri/stuff/japanese/tuttle_kanji/radicals/StrokeOrders_jpgs/119.jpg
 Graphic file (type jpg)
<use /home/henri/stuff/japanese/tuttle_kanji/radicals/StrokeOrders_jpgs/119.jpg>

Package luatex.def Info: /home/henri/stuff/japanese/tuttle_kanji/radicals/Stroke
Orders_jpgs/119.jpg  used on input line 153.
(luatex.def)             Requested size: 48.36958pt x 48.36937pt.
</home/henri/stuff/japanese/tuttle_kanji/radicals/AozoraMincho_jpgs/120.jpg, id=
311, 302.12875pt x 303.1325pt>
File: /home/henri/stuff/japanese/tuttle_kanji/radicals/AozoraMincho_jpgs/120.jpg
 Graphic file (type jpg)
<use /home/henri/stuff/japanese/tuttle_kanji/radicals/AozoraMincho_jpgs/120.jpg>

Package luatex.def Info: /home/henri/stuff/japanese/tuttle_kanji/radicals/Aozora
Mincho_jpgs/120.jpg  used on input line 154.
(luatex.def)             Requested size: 48.36958pt x 48.52994pt.
</home/henri/stuff/japanese/tuttle_kanji/radicals/StrokeOrders_jpgs/120.jpg, id=
312, 331.2375pt x 331.2375pt>
File: /home/henri/stuff/japanese/tuttle_kanji/radicals/StrokeOrders_jpgs/120.jpg
 Graphic file (type jpg)
<use /home/henri/stuff/japanese/tuttle_kanji/radicals/StrokeOrders_jpgs/120.jpg>

Package luatex.def Info: /home/henri/stuff/japanese/tuttle_kanji/radicals/Stroke
Orders_jpgs/120.jpg  used on input line 154.
(luatex.def)             Requested size: 48.36958pt x 48.36937pt.
</home/henri/stuff/japanese/tuttle_kanji/radicals/variations/120a.jpg, id=313, 3
31.2375pt x 331.2375pt>
File: /home/henri/stuff/japanese/tuttle_kanji/radicals/variations/120a.jpg Graph
ic file (type jpg)
<use /home/henri/stuff/japanese/tuttle_kanji/radicals/variations/120a.jpg>
Package luatex.def Info: /home/henri/stuff/japanese/tuttle_kanji/radicals/variat
ions/120a.jpg  used on input line 154.
(luatex.def)             Requested size: 48.36958pt x 48.36937pt.
</home/henri/stuff/japanese/tuttle_kanji/radicals/AozoraMincho_jpgs/121.jpg, id=
314, 302.12875pt x 303.1325pt>
File: /home/henri/stuff/japanese/tuttle_kanji/radicals/AozoraMincho_jpgs/121.jpg
 Graphic file (type jpg)
<use /home/henri/stuff/japanese/tuttle_kanji/radicals/AozoraMincho_jpgs/121.jpg>

Package luatex.def Info: /home/henri/stuff/japanese/tuttle_kanji/radicals/Aozora
Mincho_jpgs/121.jpg  used on input line 155.
(luatex.def)             Requested size: 48.36958pt x 48.52994pt.
</home/henri/stuff/japanese/tuttle_kanji/radicals/StrokeOrders_jpgs/121.jpg, id=
315, 331.2375pt x 331.2375pt>
File: /home/henri/stuff/japanese/tuttle_kanji/radicals/StrokeOrders_jpgs/121.jpg
 Graphic file (type jpg)
<use /home/henri/stuff/japanese/tuttle_kanji/radicals/StrokeOrders_jpgs/121.jpg>

Package luatex.def Info: /home/henri/stuff/japanese/tuttle_kanji/radicals/Stroke
Orders_jpgs/121.jpg  used on input line 155.
(luatex.def)             Requested size: 48.36958pt x 48.36937pt.
</home/henri/stuff/japanese/tuttle_kanji/radicals/AozoraMincho_jpgs/122.jpg, id=
316, 302.12875pt x 303.1325pt>
File: /home/henri/stuff/japanese/tuttle_kanji/radicals/AozoraMincho_jpgs/122.jpg
 Graphic file (type jpg)
<use /home/henri/stuff/japanese/tuttle_kanji/radicals/AozoraMincho_jpgs/122.jpg>

Package luatex.def Info: /home/henri/stuff/japanese/tuttle_kanji/radicals/Aozora
Mincho_jpgs/122.jpg  used on input line 156.
(luatex.def)             Requested size: 48.36958pt x 48.52994pt.
</home/henri/stuff/japanese/tuttle_kanji/radicals/StrokeOrders_jpgs/122.jpg, id=
317, 331.2375pt x 331.2375pt>
File: /home/henri/stuff/japanese/tuttle_kanji/radicals/StrokeOrders_jpgs/122.jpg
 Graphic file (type jpg)
<use /home/henri/stuff/japanese/tuttle_kanji/radicals/StrokeOrders_jpgs/122.jpg>

Package luatex.def Info: /home/henri/stuff/japanese/tuttle_kanji/radicals/Stroke
Orders_jpgs/122.jpg  used on input line 156.
(luatex.def)             Requested size: 48.36958pt x 48.36937pt.
</home/henri/stuff/japanese/tuttle_kanji/radicals/variations/122a.jpg, id=318, 3
31.2375pt x 331.2375pt>
File: /home/henri/stuff/japanese/tuttle_kanji/radicals/variations/122a.jpg Graph
ic file (type jpg)
<use /home/henri/stuff/japanese/tuttle_kanji/radicals/variations/122a.jpg>
Package luatex.def Info: /home/henri/stuff/japanese/tuttle_kanji/radicals/variat
ions/122a.jpg  used on input line 156.
(luatex.def)             Requested size: 48.36958pt x 48.36937pt.
</home/henri/stuff/japanese/tuttle_kanji/radicals/variations/122b.jpg, id=319, 3
02.12875pt x 303.1325pt>
File: /home/henri/stuff/japanese/tuttle_kanji/radicals/variations/122b.jpg Graph
ic file (type jpg)
<use /home/henri/stuff/japanese/tuttle_kanji/radicals/variations/122b.jpg>
Package luatex.def Info: /home/henri/stuff/japanese/tuttle_kanji/radicals/variat
ions/122b.jpg  used on input line 156.
(luatex.def)             Requested size: 48.36958pt x 48.52994pt.
</home/henri/stuff/japanese/tuttle_kanji/radicals/AozoraMincho_jpgs/123.jpg, id=
320, 302.12875pt x 303.1325pt>
File: /home/henri/stuff/japanese/tuttle_kanji/radicals/AozoraMincho_jpgs/123.jpg
 Graphic file (type jpg)
<use /home/henri/stuff/japanese/tuttle_kanji/radicals/AozoraMincho_jpgs/123.jpg>

Package luatex.def Info: /home/henri/stuff/japanese/tuttle_kanji/radicals/Aozora
Mincho_jpgs/123.jpg  used on input line 157.
(luatex.def)             Requested size: 48.36958pt x 48.52994pt.
</home/henri/stuff/japanese/tuttle_kanji/radicals/StrokeOrders_jpgs/123.jpg, id=
321, 331.2375pt x 331.2375pt>
File: /home/henri/stuff/japanese/tuttle_kanji/radicals/StrokeOrders_jpgs/123.jpg
 Graphic file (type jpg)
<use /home/henri/stuff/japanese/tuttle_kanji/radicals/StrokeOrders_jpgs/123.jpg>

Package luatex.def Info: /home/henri/stuff/japanese/tuttle_kanji/radicals/Stroke
Orders_jpgs/123.jpg  used on input line 157.
(luatex.def)             Requested size: 48.36958pt x 48.36937pt.
</home/henri/stuff/japanese/tuttle_kanji/radicals/variations/123a.jpg, id=322, 3
31.2375pt x 331.2375pt>
File: /home/henri/stuff/japanese/tuttle_kanji/radicals/variations/123a.jpg Graph
ic file (type jpg)
<use /home/henri/stuff/japanese/tuttle_kanji/radicals/variations/123a.jpg>
Package luatex.def Info: /home/henri/stuff/japanese/tuttle_kanji/radicals/variat
ions/123a.jpg  used on input line 157.
(luatex.def)             Requested size: 48.36958pt x 48.36937pt.
</home/henri/stuff/japanese/tuttle_kanji/radicals/variations/123b.jpg, id=323, 3
31.2375pt x 331.2375pt>
File: /home/henri/stuff/japanese/tuttle_kanji/radicals/variations/123b.jpg Graph
ic file (type jpg)
<use /home/henri/stuff/japanese/tuttle_kanji/radicals/variations/123b.jpg>
Package luatex.def Info: /home/henri/stuff/japanese/tuttle_kanji/radicals/variat
ions/123b.jpg  used on input line 157.
(luatex.def)             Requested size: 48.36958pt x 48.36937pt.
</home/henri/stuff/japanese/tuttle_kanji/radicals/AozoraMincho_jpgs/124.jpg, id=
324, 302.12875pt x 303.1325pt>
File: /home/henri/stuff/japanese/tuttle_kanji/radicals/AozoraMincho_jpgs/124.jpg
 Graphic file (type jpg)
<use /home/henri/stuff/japanese/tuttle_kanji/radicals/AozoraMincho_jpgs/124.jpg>

Package luatex.def Info: /home/henri/stuff/japanese/tuttle_kanji/radicals/Aozora
Mincho_jpgs/124.jpg  used on input line 158.
(luatex.def)             Requested size: 48.36958pt x 48.52994pt.
</home/henri/stuff/japanese/tuttle_kanji/radicals/StrokeOrders_jpgs/124.jpg, id=
325, 331.2375pt x 331.2375pt>
File: /home/henri/stuff/japanese/tuttle_kanji/radicals/StrokeOrders_jpgs/124.jpg
 Graphic file (type jpg)
<use /home/henri/stuff/japanese/tuttle_kanji/radicals/StrokeOrders_jpgs/124.jpg>

Package luatex.def Info: /home/henri/stuff/japanese/tuttle_kanji/radicals/Stroke
Orders_jpgs/124.jpg  used on input line 158.
(luatex.def)             Requested size: 48.36958pt x 48.36937pt.
</home/henri/stuff/japanese/tuttle_kanji/radicals/AozoraMincho_jpgs/125.jpg, id=
326, 302.12875pt x 303.1325pt>
File: /home/henri/stuff/japanese/tuttle_kanji/radicals/AozoraMincho_jpgs/125.jpg
 Graphic file (type jpg)
<use /home/henri/stuff/japanese/tuttle_kanji/radicals/AozoraMincho_jpgs/125.jpg>

Package luatex.def Info: /home/henri/stuff/japanese/tuttle_kanji/radicals/Aozora
Mincho_jpgs/125.jpg  used on input line 159.
(luatex.def)             Requested size: 48.36958pt x 48.52994pt.
</home/henri/stuff/japanese/tuttle_kanji/radicals/StrokeOrders_jpgs/125.jpg, id=
327, 331.2375pt x 331.2375pt>
File: /home/henri/stuff/japanese/tuttle_kanji/radicals/StrokeOrders_jpgs/125.jpg
 Graphic file (type jpg)
<use /home/henri/stuff/japanese/tuttle_kanji/radicals/StrokeOrders_jpgs/125.jpg>

Package luatex.def Info: /home/henri/stuff/japanese/tuttle_kanji/radicals/Stroke
Orders_jpgs/125.jpg  used on input line 159.
(luatex.def)             Requested size: 48.36958pt x 48.36937pt.
</home/henri/stuff/japanese/tuttle_kanji/radicals/variations/125a.jpg, id=328, 3
31.2375pt x 331.2375pt>
File: /home/henri/stuff/japanese/tuttle_kanji/radicals/variations/125a.jpg Graph
ic file (type jpg)
<use /home/henri/stuff/japanese/tuttle_kanji/radicals/variations/125a.jpg>
Package luatex.def Info: /home/henri/stuff/japanese/tuttle_kanji/radicals/variat
ions/125a.jpg  used on input line 159.
(luatex.def)             Requested size: 48.36958pt x 48.36937pt.
</home/henri/stuff/japanese/tuttle_kanji/radicals/AozoraMincho_jpgs/126.jpg, id=
329, 302.12875pt x 303.1325pt>
File: /home/henri/stuff/japanese/tuttle_kanji/radicals/AozoraMincho_jpgs/126.jpg
 Graphic file (type jpg)
<use /home/henri/stuff/japanese/tuttle_kanji/radicals/AozoraMincho_jpgs/126.jpg>

Package luatex.def Info: /home/henri/stuff/japanese/tuttle_kanji/radicals/Aozora
Mincho_jpgs/126.jpg  used on input line 160.
(luatex.def)             Requested size: 48.36958pt x 48.52994pt.
</home/henri/stuff/japanese/tuttle_kanji/radicals/StrokeOrders_jpgs/126.jpg, id=
330, 331.2375pt x 331.2375pt>
File: /home/henri/stuff/japanese/tuttle_kanji/radicals/StrokeOrders_jpgs/126.jpg
 Graphic file (type jpg)
<use /home/henri/stuff/japanese/tuttle_kanji/radicals/StrokeOrders_jpgs/126.jpg>

Package luatex.def Info: /home/henri/stuff/japanese/tuttle_kanji/radicals/Stroke
Orders_jpgs/126.jpg  used on input line 160.
(luatex.def)             Requested size: 48.36958pt x 48.36937pt.
</home/henri/stuff/japanese/tuttle_kanji/radicals/AozoraMincho_jpgs/127.jpg, id=
331, 302.12875pt x 303.1325pt>
File: /home/henri/stuff/japanese/tuttle_kanji/radicals/AozoraMincho_jpgs/127.jpg
 Graphic file (type jpg)
<use /home/henri/stuff/japanese/tuttle_kanji/radicals/AozoraMincho_jpgs/127.jpg>

Package luatex.def Info: /home/henri/stuff/japanese/tuttle_kanji/radicals/Aozora
Mincho_jpgs/127.jpg  used on input line 161.
(luatex.def)             Requested size: 48.36958pt x 48.52994pt.
</home/henri/stuff/japanese/tuttle_kanji/radicals/StrokeOrders_jpgs/127.jpg, id=
332, 331.2375pt x 331.2375pt>
File: /home/henri/stuff/japanese/tuttle_kanji/radicals/StrokeOrders_jpgs/127.jpg
 Graphic file (type jpg)
<use /home/henri/stuff/japanese/tuttle_kanji/radicals/StrokeOrders_jpgs/127.jpg>

Package luatex.def Info: /home/henri/stuff/japanese/tuttle_kanji/radicals/Stroke
Orders_jpgs/127.jpg  used on input line 161.
(luatex.def)             Requested size: 48.36958pt x 48.36937pt.
</home/henri/stuff/japanese/tuttle_kanji/radicals/AozoraMincho_jpgs/128.jpg, id=
333, 302.12875pt x 303.1325pt>
File: /home/henri/stuff/japanese/tuttle_kanji/radicals/AozoraMincho_jpgs/128.jpg
 Graphic file (type jpg)
<use /home/henri/stuff/japanese/tuttle_kanji/radicals/AozoraMincho_jpgs/128.jpg>

Package luatex.def Info: /home/henri/stuff/japanese/tuttle_kanji/radicals/Aozora
Mincho_jpgs/128.jpg  used on input line 162.
(luatex.def)             Requested size: 48.36958pt x 48.52994pt.
</home/henri/stuff/japanese/tuttle_kanji/radicals/StrokeOrders_jpgs/128.jpg, id=
334, 331.2375pt x 331.2375pt>
File: /home/henri/stuff/japanese/tuttle_kanji/radicals/StrokeOrders_jpgs/128.jpg
 Graphic file (type jpg)
<use /home/henri/stuff/japanese/tuttle_kanji/radicals/StrokeOrders_jpgs/128.jpg>

Package luatex.def Info: /home/henri/stuff/japanese/tuttle_kanji/radicals/Stroke
Orders_jpgs/128.jpg  used on input line 162.
(luatex.def)             Requested size: 48.36958pt x 48.36937pt.
</home/henri/stuff/japanese/tuttle_kanji/radicals/AozoraMincho_jpgs/129.jpg, id=
335, 302.12875pt x 303.1325pt>
File: /home/henri/stuff/japanese/tuttle_kanji/radicals/AozoraMincho_jpgs/129.jpg
 Graphic file (type jpg)
<use /home/henri/stuff/japanese/tuttle_kanji/radicals/AozoraMincho_jpgs/129.jpg>

Package luatex.def Info: /home/henri/stuff/japanese/tuttle_kanji/radicals/Aozora
Mincho_jpgs/129.jpg  used on input line 163.
(luatex.def)             Requested size: 48.36958pt x 48.52994pt.
</home/henri/stuff/japanese/tuttle_kanji/radicals/StrokeOrders_jpgs/129.jpg, id=
336, 331.2375pt x 331.2375pt>
File: /home/henri/stuff/japanese/tuttle_kanji/radicals/StrokeOrders_jpgs/129.jpg
 Graphic file (type jpg)
<use /home/henri/stuff/japanese/tuttle_kanji/radicals/StrokeOrders_jpgs/129.jpg>

Package luatex.def Info: /home/henri/stuff/japanese/tuttle_kanji/radicals/Stroke
Orders_jpgs/129.jpg  used on input line 163.
(luatex.def)             Requested size: 48.36958pt x 48.36937pt.
</home/henri/stuff/japanese/tuttle_kanji/radicals/variations/129a.jpg, id=337, 3
31.2375pt x 331.2375pt>
File: /home/henri/stuff/japanese/tuttle_kanji/radicals/variations/129a.jpg Graph
ic file (type jpg)
<use /home/henri/stuff/japanese/tuttle_kanji/radicals/variations/129a.jpg>
Package luatex.def Info: /home/henri/stuff/japanese/tuttle_kanji/radicals/variat
ions/129a.jpg  used on input line 163.
(luatex.def)             Requested size: 48.36958pt x 48.36937pt.
</home/henri/stuff/japanese/tuttle_kanji/radicals/AozoraMincho_jpgs/130.jpg, id=
338, 302.12875pt x 303.1325pt>
File: /home/henri/stuff/japanese/tuttle_kanji/radicals/AozoraMincho_jpgs/130.jpg
 Graphic file (type jpg)
<use /home/henri/stuff/japanese/tuttle_kanji/radicals/AozoraMincho_jpgs/130.jpg>

Package luatex.def Info: /home/henri/stuff/japanese/tuttle_kanji/radicals/Aozora
Mincho_jpgs/130.jpg  used on input line 164.
(luatex.def)             Requested size: 48.36958pt x 48.52994pt.
</home/henri/stuff/japanese/tuttle_kanji/radicals/StrokeOrders_jpgs/130.jpg, id=
339, 331.2375pt x 331.2375pt>
File: /home/henri/stuff/japanese/tuttle_kanji/radicals/StrokeOrders_jpgs/130.jpg
 Graphic file (type jpg)
<use /home/henri/stuff/japanese/tuttle_kanji/radicals/StrokeOrders_jpgs/130.jpg>

Package luatex.def Info: /home/henri/stuff/japanese/tuttle_kanji/radicals/Stroke
Orders_jpgs/130.jpg  used on input line 164.
(luatex.def)             Requested size: 48.36958pt x 48.36937pt.
</home/henri/stuff/japanese/tuttle_kanji/radicals/variations/130a.jpg, id=340, 3
31.2375pt x 331.2375pt>
File: /home/henri/stuff/japanese/tuttle_kanji/radicals/variations/130a.jpg Graph
ic file (type jpg)
<use /home/henri/stuff/japanese/tuttle_kanji/radicals/variations/130a.jpg>
Package luatex.def Info: /home/henri/stuff/japanese/tuttle_kanji/radicals/variat
ions/130a.jpg  used on input line 164.
(luatex.def)             Requested size: 48.36958pt x 48.36937pt.
</home/henri/stuff/japanese/tuttle_kanji/radicals/variations/130b.jpg, id=341, 3
31.2375pt x 331.2375pt>
File: /home/henri/stuff/japanese/tuttle_kanji/radicals/variations/130b.jpg Graph
ic file (type jpg)
<use /home/henri/stuff/japanese/tuttle_kanji/radicals/variations/130b.jpg>
Package luatex.def Info: /home/henri/stuff/japanese/tuttle_kanji/radicals/variat
ions/130b.jpg  used on input line 164.
(luatex.def)             Requested size: 48.36958pt x 48.36937pt.
</home/henri/stuff/japanese/tuttle_kanji/radicals/AozoraMincho_jpgs/131.jpg, id=
342, 302.12875pt x 303.1325pt>
File: /home/henri/stuff/japanese/tuttle_kanji/radicals/AozoraMincho_jpgs/131.jpg
 Graphic file (type jpg)
<use /home/henri/stuff/japanese/tuttle_kanji/radicals/AozoraMincho_jpgs/131.jpg>

Package luatex.def Info: /home/henri/stuff/japanese/tuttle_kanji/radicals/Aozora
Mincho_jpgs/131.jpg  used on input line 165.
(luatex.def)             Requested size: 48.36958pt x 48.52994pt.
</home/henri/stuff/japanese/tuttle_kanji/radicals/StrokeOrders_jpgs/131.jpg, id=
343, 331.2375pt x 331.2375pt>
File: /home/henri/stuff/japanese/tuttle_kanji/radicals/StrokeOrders_jpgs/131.jpg
 Graphic file (type jpg)
<use /home/henri/stuff/japanese/tuttle_kanji/radicals/StrokeOrders_jpgs/131.jpg>

Package luatex.def Info: /home/henri/stuff/japanese/tuttle_kanji/radicals/Stroke
Orders_jpgs/131.jpg  used on input line 165.
(luatex.def)             Requested size: 48.36958pt x 48.36937pt.
</home/henri/stuff/japanese/tuttle_kanji/radicals/AozoraMincho_jpgs/132.jpg, id=
344, 302.12875pt x 303.1325pt>
File: /home/henri/stuff/japanese/tuttle_kanji/radicals/AozoraMincho_jpgs/132.jpg
 Graphic file (type jpg)
<use /home/henri/stuff/japanese/tuttle_kanji/radicals/AozoraMincho_jpgs/132.jpg>

Package luatex.def Info: /home/henri/stuff/japanese/tuttle_kanji/radicals/Aozora
Mincho_jpgs/132.jpg  used on input line 166.
(luatex.def)             Requested size: 48.36958pt x 48.52994pt.
</home/henri/stuff/japanese/tuttle_kanji/radicals/StrokeOrders_jpgs/132.jpg, id=
345, 331.2375pt x 331.2375pt>
File: /home/henri/stuff/japanese/tuttle_kanji/radicals/StrokeOrders_jpgs/132.jpg
 Graphic file (type jpg)
<use /home/henri/stuff/japanese/tuttle_kanji/radicals/StrokeOrders_jpgs/132.jpg>

Package luatex.def Info: /home/henri/stuff/japanese/tuttle_kanji/radicals/Stroke
Orders_jpgs/132.jpg  used on input line 166.
(luatex.def)             Requested size: 48.36958pt x 48.36937pt.
</home/henri/stuff/japanese/tuttle_kanji/radicals/AozoraMincho_jpgs/133.jpg, id=
346, 302.12875pt x 303.1325pt>
File: /home/henri/stuff/japanese/tuttle_kanji/radicals/AozoraMincho_jpgs/133.jpg
 Graphic file (type jpg)
<use /home/henri/stuff/japanese/tuttle_kanji/radicals/AozoraMincho_jpgs/133.jpg>

Package luatex.def Info: /home/henri/stuff/japanese/tuttle_kanji/radicals/Aozora
Mincho_jpgs/133.jpg  used on input line 167.
(luatex.def)             Requested size: 48.36958pt x 48.52994pt.
</home/henri/stuff/japanese/tuttle_kanji/radicals/StrokeOrders_jpgs/133.jpg, id=
347, 331.2375pt x 331.2375pt>
File: /home/henri/stuff/japanese/tuttle_kanji/radicals/StrokeOrders_jpgs/133.jpg
 Graphic file (type jpg)
<use /home/henri/stuff/japanese/tuttle_kanji/radicals/StrokeOrders_jpgs/133.jpg>

Package luatex.def Info: /home/henri/stuff/japanese/tuttle_kanji/radicals/Stroke
Orders_jpgs/133.jpg  used on input line 167.
(luatex.def)             Requested size: 48.36958pt x 48.36937pt.
</home/henri/stuff/japanese/tuttle_kanji/radicals/AozoraMincho_jpgs/134.jpg, id=
348, 302.12875pt x 303.1325pt>
File: /home/henri/stuff/japanese/tuttle_kanji/radicals/AozoraMincho_jpgs/134.jpg
 Graphic file (type jpg)
<use /home/henri/stuff/japanese/tuttle_kanji/radicals/AozoraMincho_jpgs/134.jpg>

Package luatex.def Info: /home/henri/stuff/japanese/tuttle_kanji/radicals/Aozora
Mincho_jpgs/134.jpg  used on input line 168.
(luatex.def)             Requested size: 48.36958pt x 48.52994pt.
</home/henri/stuff/japanese/tuttle_kanji/radicals/StrokeOrders_jpgs/134.jpg, id=
349, 331.2375pt x 331.2375pt>
File: /home/henri/stuff/japanese/tuttle_kanji/radicals/StrokeOrders_jpgs/134.jpg
 Graphic file (type jpg)
<use /home/henri/stuff/japanese/tuttle_kanji/radicals/StrokeOrders_jpgs/134.jpg>

Package luatex.def Info: /home/henri/stuff/japanese/tuttle_kanji/radicals/Stroke
Orders_jpgs/134.jpg  used on input line 168.
(luatex.def)             Requested size: 48.36958pt x 48.36937pt.

Overfull \hbox (10.79745pt too wide) in alignment at lines 149--169
 [][][][][][] 
 []

[8</home/henri/stuff/japanese/tuttle_kanji/radicals/AozoraMincho_jpgs/090.jpg></
home/henri/stuff/japanese/tuttle_kanji/radicals/StrokeOrders_jpgs/090.jpg></home
/henri/stuff/japanese/tuttle_kanji/radicals/variations/090a.jpg></home/henri/stu
ff/japanese/tuttle_kanji/radicals/AozoraMincho_jpgs/091.jpg></home/henri/stuff/j
apanese/tuttle_kanji/radicals/StrokeOrders_jpgs/091.jpg></home/henri/stuff/japan
ese/tuttle_kanji/radicals/AozoraMincho_jpgs/092.jpg></home/henri/stuff/japanese/
tuttle_kanji/radicals/StrokeOrders_jpgs/092.jpg></home/henri/stuff/japanese/tutt
le_kanji/radicals/AozoraMincho_jpgs/093.jpg></home/henri/stuff/japanese/tuttle_k
anji/radicals/StrokeOrders_jpgs/093.jpg></home/henri/stuff/japanese/tuttle_kanji
/radicals/variations/093a.jpg></home/henri/stuff/japanese/tuttle_kanji/radicals/
variations/093b.jpg></home/henri/stuff/japanese/tuttle_kanji/radicals/AozoraMinc
ho_jpgs/094.jpg></home/henri/stuff/japanese/tuttle_kanji/radicals/StrokeOrders_j
pgs/094.jpg></home/henri/stuff/japanese/tuttle_kanji/radicals/variations/094a.jp
g></home/henri/stuff/japanese/tuttle_kanji/radicals/AozoraMincho_jpgs/095.jpg></
home/henri/stuff/japanese/tuttle_kanji/radicals/StrokeOrders_jpgs/095.jpg></home
/henri/stuff/japanese/tuttle_kanji/radicals/AozoraMincho_jpgs/096.jpg></home/hen
ri/stuff/japanese/tuttle_kanji/radicals/StrokeOrders_jpgs/096.jpg></home/henri/s
tuff/japanese/tuttle_kanji/radicals/variations/096a.jpg></home/henri/stuff/japan
ese/tuttle_kanji/radicals/variations/096b.jpg></home/henri/stuff/japanese/tuttle
_kanji/radicals/variations/096c.jpg></home/henri/stuff/japanese/tuttle_kanji/rad
icals/AozoraMincho_jpgs/097.jpg></home/henri/stuff/japanese/tuttle_kanji/radical
s/StrokeOrders_jpgs/097.jpg></home/henri/stuff/japanese/tuttle_kanji/radicals/Ao
zoraMincho_jpgs/098.jpg></home/henri/stuff/japanese/tuttle_kanji/radicals/Stroke
Orders_jpgs/098.jpg></home/henri/stuff/japanese/tuttle_kanji/radicals/AozoraMinc
ho_jpgs/099.jpg></home/henri/stuff/japanese/tuttle_kanji/radicals/StrokeOrders_j
pgs/099.jpg></home/henri/stuff/japanese/tuttle_kanji/radicals/AozoraMincho_jpgs/
100.jpg></home/henri/stuff/japanese/tuttle_kanji/radicals/StrokeOrders_jpgs/100.
jpg></home/henri/stuff/japanese/tuttle_kanji/radicals/AozoraMincho_jpgs/101.jpg>
</home/henri/stuff/japanese/tuttle_kanji/radicals/StrokeOrders_jpgs/101.jpg></ho
me/henri/stuff/japanese/tuttle_kanji/radicals/variations/101a.jpg></home/henri/s
tuff/japanese/tuttle_kanji/radicals/AozoraMincho_jpgs/102.jpg></home/henri/stuff
/japanese/tuttle_kanji/radicals/StrokeOrders_jpgs/102.jpg>]
</home/henri/stuff/japanese/tuttle_kanji/radicals/AozoraMincho_jpgs/135.jpg, id=
353, 302.12875pt x 303.1325pt>
File: /home/henri/stuff/japanese/tuttle_kanji/radicals/AozoraMincho_jpgs/135.jpg
 Graphic file (type jpg)
<use /home/henri/stuff/japanese/tuttle_kanji/radicals/AozoraMincho_jpgs/135.jpg>

Package luatex.def Info: /home/henri/stuff/japanese/tuttle_kanji/radicals/Aozora
Mincho_jpgs/135.jpg  used on input line 169.
(luatex.def)             Requested size: 48.36958pt x 48.52994pt.
</home/henri/stuff/japanese/tuttle_kanji/radicals/StrokeOrders_jpgs/135.jpg, id=
354, 331.2375pt x 331.2375pt>
File: /home/henri/stuff/japanese/tuttle_kanji/radicals/StrokeOrders_jpgs/135.jpg
 Graphic file (type jpg)
<use /home/henri/stuff/japanese/tuttle_kanji/radicals/StrokeOrders_jpgs/135.jpg>

Package luatex.def Info: /home/henri/stuff/japanese/tuttle_kanji/radicals/Stroke
Orders_jpgs/135.jpg  used on input line 169.
(luatex.def)             Requested size: 48.36958pt x 48.36937pt.
</home/henri/stuff/japanese/tuttle_kanji/radicals/AozoraMincho_jpgs/136.jpg, id=
355, 302.12875pt x 303.1325pt>
File: /home/henri/stuff/japanese/tuttle_kanji/radicals/AozoraMincho_jpgs/136.jpg
 Graphic file (type jpg)
<use /home/henri/stuff/japanese/tuttle_kanji/radicals/AozoraMincho_jpgs/136.jpg>

Package luatex.def Info: /home/henri/stuff/japanese/tuttle_kanji/radicals/Aozora
Mincho_jpgs/136.jpg  used on input line 170.
(luatex.def)             Requested size: 48.36958pt x 48.52994pt.
</home/henri/stuff/japanese/tuttle_kanji/radicals/StrokeOrders_jpgs/136.jpg, id=
356, 331.2375pt x 331.2375pt>
File: /home/henri/stuff/japanese/tuttle_kanji/radicals/StrokeOrders_jpgs/136.jpg
 Graphic file (type jpg)
<use /home/henri/stuff/japanese/tuttle_kanji/radicals/StrokeOrders_jpgs/136.jpg>

Package luatex.def Info: /home/henri/stuff/japanese/tuttle_kanji/radicals/Stroke
Orders_jpgs/136.jpg  used on input line 170.
(luatex.def)             Requested size: 48.36958pt x 48.36937pt.
</home/henri/stuff/japanese/tuttle_kanji/radicals/AozoraMincho_jpgs/137.jpg, id=
357, 302.12875pt x 303.1325pt>
File: /home/henri/stuff/japanese/tuttle_kanji/radicals/AozoraMincho_jpgs/137.jpg
 Graphic file (type jpg)
<use /home/henri/stuff/japanese/tuttle_kanji/radicals/AozoraMincho_jpgs/137.jpg>

Package luatex.def Info: /home/henri/stuff/japanese/tuttle_kanji/radicals/Aozora
Mincho_jpgs/137.jpg  used on input line 171.
(luatex.def)             Requested size: 48.36958pt x 48.52994pt.
</home/henri/stuff/japanese/tuttle_kanji/radicals/StrokeOrders_jpgs/137.jpg, id=
358, 331.2375pt x 331.2375pt>
File: /home/henri/stuff/japanese/tuttle_kanji/radicals/StrokeOrders_jpgs/137.jpg
 Graphic file (type jpg)
<use /home/henri/stuff/japanese/tuttle_kanji/radicals/StrokeOrders_jpgs/137.jpg>

Package luatex.def Info: /home/henri/stuff/japanese/tuttle_kanji/radicals/Stroke
Orders_jpgs/137.jpg  used on input line 171.
(luatex.def)             Requested size: 48.36958pt x 48.36937pt.
</home/henri/stuff/japanese/tuttle_kanji/radicals/AozoraMincho_jpgs/138.jpg, id=
359, 302.12875pt x 303.1325pt>
File: /home/henri/stuff/japanese/tuttle_kanji/radicals/AozoraMincho_jpgs/138.jpg
 Graphic file (type jpg)
<use /home/henri/stuff/japanese/tuttle_kanji/radicals/AozoraMincho_jpgs/138.jpg>

Package luatex.def Info: /home/henri/stuff/japanese/tuttle_kanji/radicals/Aozora
Mincho_jpgs/138.jpg  used on input line 172.
(luatex.def)             Requested size: 48.36958pt x 48.52994pt.
</home/henri/stuff/japanese/tuttle_kanji/radicals/StrokeOrders_jpgs/138.jpg, id=
360, 331.2375pt x 331.2375pt>
File: /home/henri/stuff/japanese/tuttle_kanji/radicals/StrokeOrders_jpgs/138.jpg
 Graphic file (type jpg)
<use /home/henri/stuff/japanese/tuttle_kanji/radicals/StrokeOrders_jpgs/138.jpg>

Package luatex.def Info: /home/henri/stuff/japanese/tuttle_kanji/radicals/Stroke
Orders_jpgs/138.jpg  used on input line 172.
(luatex.def)             Requested size: 48.36958pt x 48.36937pt.
</home/henri/stuff/japanese/tuttle_kanji/radicals/variations/138a.jpg, id=361, 3
31.2375pt x 331.2375pt>
File: /home/henri/stuff/japanese/tuttle_kanji/radicals/variations/138a.jpg Graph
ic file (type jpg)
<use /home/henri/stuff/japanese/tuttle_kanji/radicals/variations/138a.jpg>
Package luatex.def Info: /home/henri/stuff/japanese/tuttle_kanji/radicals/variat
ions/138a.jpg  used on input line 172.
(luatex.def)             Requested size: 48.36958pt x 48.36937pt.
</home/henri/stuff/japanese/tuttle_kanji/radicals/AozoraMincho_jpgs/139.jpg, id=
362, 302.12875pt x 303.1325pt>
File: /home/henri/stuff/japanese/tuttle_kanji/radicals/AozoraMincho_jpgs/139.jpg
 Graphic file (type jpg)
<use /home/henri/stuff/japanese/tuttle_kanji/radicals/AozoraMincho_jpgs/139.jpg>

Package luatex.def Info: /home/henri/stuff/japanese/tuttle_kanji/radicals/Aozora
Mincho_jpgs/139.jpg  used on input line 173.
(luatex.def)             Requested size: 48.36958pt x 48.52994pt.
</home/henri/stuff/japanese/tuttle_kanji/radicals/StrokeOrders_jpgs/139.jpg, id=
363, 331.2375pt x 331.2375pt>
File: /home/henri/stuff/japanese/tuttle_kanji/radicals/StrokeOrders_jpgs/139.jpg
 Graphic file (type jpg)
<use /home/henri/stuff/japanese/tuttle_kanji/radicals/StrokeOrders_jpgs/139.jpg>

Package luatex.def Info: /home/henri/stuff/japanese/tuttle_kanji/radicals/Stroke
Orders_jpgs/139.jpg  used on input line 173.
(luatex.def)             Requested size: 48.36958pt x 48.36937pt.
</home/henri/stuff/japanese/tuttle_kanji/radicals/AozoraMincho_jpgs/140.jpg, id=
364, 302.12875pt x 303.1325pt>
File: /home/henri/stuff/japanese/tuttle_kanji/radicals/AozoraMincho_jpgs/140.jpg
 Graphic file (type jpg)
<use /home/henri/stuff/japanese/tuttle_kanji/radicals/AozoraMincho_jpgs/140.jpg>

Package luatex.def Info: /home/henri/stuff/japanese/tuttle_kanji/radicals/Aozora
Mincho_jpgs/140.jpg  used on input line 174.
(luatex.def)             Requested size: 48.36958pt x 48.52994pt.
</home/henri/stuff/japanese/tuttle_kanji/radicals/StrokeOrders_jpgs/140.jpg, id=
365, 331.2375pt x 331.2375pt>
File: /home/henri/stuff/japanese/tuttle_kanji/radicals/StrokeOrders_jpgs/140.jpg
 Graphic file (type jpg)
<use /home/henri/stuff/japanese/tuttle_kanji/radicals/StrokeOrders_jpgs/140.jpg>

Package luatex.def Info: /home/henri/stuff/japanese/tuttle_kanji/radicals/Stroke
Orders_jpgs/140.jpg  used on input line 174.
(luatex.def)             Requested size: 48.36958pt x 48.36937pt.
</home/henri/stuff/japanese/tuttle_kanji/radicals/variations/140a.jpg, id=366, 3
31.2375pt x 331.2375pt>
File: /home/henri/stuff/japanese/tuttle_kanji/radicals/variations/140a.jpg Graph
ic file (type jpg)
<use /home/henri/stuff/japanese/tuttle_kanji/radicals/variations/140a.jpg>
Package luatex.def Info: /home/henri/stuff/japanese/tuttle_kanji/radicals/variat
ions/140a.jpg  used on input line 174.
(luatex.def)             Requested size: 48.36958pt x 48.36937pt.
</home/henri/stuff/japanese/tuttle_kanji/radicals/variations/140b.jpg, id=367, 3
02.12875pt x 303.1325pt>
File: /home/henri/stuff/japanese/tuttle_kanji/radicals/variations/140b.jpg Graph
ic file (type jpg)
<use /home/henri/stuff/japanese/tuttle_kanji/radicals/variations/140b.jpg>
Package luatex.def Info: /home/henri/stuff/japanese/tuttle_kanji/radicals/variat
ions/140b.jpg  used on input line 174.
(luatex.def)             Requested size: 48.36958pt x 48.52994pt.
</home/henri/stuff/japanese/tuttle_kanji/radicals/variations/140c.jpg, id=368, 3
31.2375pt x 331.2375pt>
File: /home/henri/stuff/japanese/tuttle_kanji/radicals/variations/140c.jpg Graph
ic file (type jpg)
<use /home/henri/stuff/japanese/tuttle_kanji/radicals/variations/140c.jpg>
Package luatex.def Info: /home/henri/stuff/japanese/tuttle_kanji/radicals/variat
ions/140c.jpg  used on input line 174.
(luatex.def)             Requested size: 48.36958pt x 48.36937pt.
</home/henri/stuff/japanese/tuttle_kanji/radicals/AozoraMincho_jpgs/141.jpg, id=
369, 302.12875pt x 303.1325pt>
File: /home/henri/stuff/japanese/tuttle_kanji/radicals/AozoraMincho_jpgs/141.jpg
 Graphic file (type jpg)
<use /home/henri/stuff/japanese/tuttle_kanji/radicals/AozoraMincho_jpgs/141.jpg>

Package luatex.def Info: /home/henri/stuff/japanese/tuttle_kanji/radicals/Aozora
Mincho_jpgs/141.jpg  used on input line 175.
(luatex.def)             Requested size: 48.36958pt x 48.52994pt.
</home/henri/stuff/japanese/tuttle_kanji/radicals/StrokeOrders_jpgs/141.jpg, id=
370, 331.2375pt x 331.2375pt>
File: /home/henri/stuff/japanese/tuttle_kanji/radicals/StrokeOrders_jpgs/141.jpg
 Graphic file (type jpg)
<use /home/henri/stuff/japanese/tuttle_kanji/radicals/StrokeOrders_jpgs/141.jpg>

Package luatex.def Info: /home/henri/stuff/japanese/tuttle_kanji/radicals/Stroke
Orders_jpgs/141.jpg  used on input line 175.
(luatex.def)             Requested size: 48.36958pt x 48.36937pt.
</home/henri/stuff/japanese/tuttle_kanji/radicals/AozoraMincho_jpgs/142.jpg, id=
371, 302.12875pt x 303.1325pt>
File: /home/henri/stuff/japanese/tuttle_kanji/radicals/AozoraMincho_jpgs/142.jpg
 Graphic file (type jpg)
<use /home/henri/stuff/japanese/tuttle_kanji/radicals/AozoraMincho_jpgs/142.jpg>

Package luatex.def Info: /home/henri/stuff/japanese/tuttle_kanji/radicals/Aozora
Mincho_jpgs/142.jpg  used on input line 176.
(luatex.def)             Requested size: 48.36958pt x 48.52994pt.
</home/henri/stuff/japanese/tuttle_kanji/radicals/StrokeOrders_jpgs/142.jpg, id=
372, 331.2375pt x 331.2375pt>
File: /home/henri/stuff/japanese/tuttle_kanji/radicals/StrokeOrders_jpgs/142.jpg
 Graphic file (type jpg)
<use /home/henri/stuff/japanese/tuttle_kanji/radicals/StrokeOrders_jpgs/142.jpg>

Package luatex.def Info: /home/henri/stuff/japanese/tuttle_kanji/radicals/Stroke
Orders_jpgs/142.jpg  used on input line 176.
(luatex.def)             Requested size: 48.36958pt x 48.36937pt.
</home/henri/stuff/japanese/tuttle_kanji/radicals/AozoraMincho_jpgs/143.jpg, id=
373, 302.12875pt x 303.1325pt>
File: /home/henri/stuff/japanese/tuttle_kanji/radicals/AozoraMincho_jpgs/143.jpg
 Graphic file (type jpg)
<use /home/henri/stuff/japanese/tuttle_kanji/radicals/AozoraMincho_jpgs/143.jpg>

Package luatex.def Info: /home/henri/stuff/japanese/tuttle_kanji/radicals/Aozora
Mincho_jpgs/143.jpg  used on input line 177.
(luatex.def)             Requested size: 48.36958pt x 48.52994pt.
</home/henri/stuff/japanese/tuttle_kanji/radicals/StrokeOrders_jpgs/143.jpg, id=
374, 331.2375pt x 331.2375pt>
File: /home/henri/stuff/japanese/tuttle_kanji/radicals/StrokeOrders_jpgs/143.jpg
 Graphic file (type jpg)
<use /home/henri/stuff/japanese/tuttle_kanji/radicals/StrokeOrders_jpgs/143.jpg>

Package luatex.def Info: /home/henri/stuff/japanese/tuttle_kanji/radicals/Stroke
Orders_jpgs/143.jpg  used on input line 177.
(luatex.def)             Requested size: 48.36958pt x 48.36937pt.
</home/henri/stuff/japanese/tuttle_kanji/radicals/AozoraMincho_jpgs/144.jpg, id=
375, 302.12875pt x 303.1325pt>
File: /home/henri/stuff/japanese/tuttle_kanji/radicals/AozoraMincho_jpgs/144.jpg
 Graphic file (type jpg)
<use /home/henri/stuff/japanese/tuttle_kanji/radicals/AozoraMincho_jpgs/144.jpg>

Package luatex.def Info: /home/henri/stuff/japanese/tuttle_kanji/radicals/Aozora
Mincho_jpgs/144.jpg  used on input line 178.
(luatex.def)             Requested size: 48.36958pt x 48.52994pt.
</home/henri/stuff/japanese/tuttle_kanji/radicals/StrokeOrders_jpgs/144.jpg, id=
376, 331.2375pt x 331.2375pt>
File: /home/henri/stuff/japanese/tuttle_kanji/radicals/StrokeOrders_jpgs/144.jpg
 Graphic file (type jpg)
<use /home/henri/stuff/japanese/tuttle_kanji/radicals/StrokeOrders_jpgs/144.jpg>

Package luatex.def Info: /home/henri/stuff/japanese/tuttle_kanji/radicals/Stroke
Orders_jpgs/144.jpg  used on input line 178.
(luatex.def)             Requested size: 48.36958pt x 48.36937pt.
</home/henri/stuff/japanese/tuttle_kanji/radicals/AozoraMincho_jpgs/145.jpg, id=
377, 302.12875pt x 303.1325pt>
File: /home/henri/stuff/japanese/tuttle_kanji/radicals/AozoraMincho_jpgs/145.jpg
 Graphic file (type jpg)
<use /home/henri/stuff/japanese/tuttle_kanji/radicals/AozoraMincho_jpgs/145.jpg>

Package luatex.def Info: /home/henri/stuff/japanese/tuttle_kanji/radicals/Aozora
Mincho_jpgs/145.jpg  used on input line 179.
(luatex.def)             Requested size: 48.36958pt x 48.52994pt.
</home/henri/stuff/japanese/tuttle_kanji/radicals/StrokeOrders_jpgs/145.jpg, id=
378, 331.2375pt x 331.2375pt>
File: /home/henri/stuff/japanese/tuttle_kanji/radicals/StrokeOrders_jpgs/145.jpg
 Graphic file (type jpg)
<use /home/henri/stuff/japanese/tuttle_kanji/radicals/StrokeOrders_jpgs/145.jpg>

Package luatex.def Info: /home/henri/stuff/japanese/tuttle_kanji/radicals/Stroke
Orders_jpgs/145.jpg  used on input line 179.
(luatex.def)             Requested size: 48.36958pt x 48.36937pt.
</home/henri/stuff/japanese/tuttle_kanji/radicals/variations/145a.jpg, id=379, 3
31.2375pt x 331.2375pt>
File: /home/henri/stuff/japanese/tuttle_kanji/radicals/variations/145a.jpg Graph
ic file (type jpg)
<use /home/henri/stuff/japanese/tuttle_kanji/radicals/variations/145a.jpg>
Package luatex.def Info: /home/henri/stuff/japanese/tuttle_kanji/radicals/variat
ions/145a.jpg  used on input line 179.
(luatex.def)             Requested size: 48.36958pt x 48.36937pt.
</home/henri/stuff/japanese/tuttle_kanji/radicals/AozoraMincho_jpgs/146.jpg, id=
380, 302.12875pt x 303.1325pt>
File: /home/henri/stuff/japanese/tuttle_kanji/radicals/AozoraMincho_jpgs/146.jpg
 Graphic file (type jpg)
<use /home/henri/stuff/japanese/tuttle_kanji/radicals/AozoraMincho_jpgs/146.jpg>

Package luatex.def Info: /home/henri/stuff/japanese/tuttle_kanji/radicals/Aozora
Mincho_jpgs/146.jpg  used on input line 180.
(luatex.def)             Requested size: 48.36958pt x 48.52994pt.
</home/henri/stuff/japanese/tuttle_kanji/radicals/StrokeOrders_jpgs/146.jpg, id=
381, 331.2375pt x 331.2375pt>
File: /home/henri/stuff/japanese/tuttle_kanji/radicals/StrokeOrders_jpgs/146.jpg
 Graphic file (type jpg)
<use /home/henri/stuff/japanese/tuttle_kanji/radicals/StrokeOrders_jpgs/146.jpg>

Package luatex.def Info: /home/henri/stuff/japanese/tuttle_kanji/radicals/Stroke
Orders_jpgs/146.jpg  used on input line 180.
(luatex.def)             Requested size: 48.36958pt x 48.36937pt.
</home/henri/stuff/japanese/tuttle_kanji/radicals/variations/146a.jpg, id=382, 3
31.2375pt x 331.2375pt>
File: /home/henri/stuff/japanese/tuttle_kanji/radicals/variations/146a.jpg Graph
ic file (type jpg)
<use /home/henri/stuff/japanese/tuttle_kanji/radicals/variations/146a.jpg>
Package luatex.def Info: /home/henri/stuff/japanese/tuttle_kanji/radicals/variat
ions/146a.jpg  used on input line 180.
(luatex.def)             Requested size: 48.36958pt x 48.36937pt.
</home/henri/stuff/japanese/tuttle_kanji/radicals/variations/146b.jpg, id=383, 3
31.2375pt x 331.2375pt>
File: /home/henri/stuff/japanese/tuttle_kanji/radicals/variations/146b.jpg Graph
ic file (type jpg)
<use /home/henri/stuff/japanese/tuttle_kanji/radicals/variations/146b.jpg>
Package luatex.def Info: /home/henri/stuff/japanese/tuttle_kanji/radicals/variat
ions/146b.jpg  used on input line 180.
(luatex.def)             Requested size: 48.36958pt x 48.36937pt.
</home/henri/stuff/japanese/tuttle_kanji/radicals/AozoraMincho_jpgs/147.jpg, id=
384, 302.12875pt x 303.1325pt>
File: /home/henri/stuff/japanese/tuttle_kanji/radicals/AozoraMincho_jpgs/147.jpg
 Graphic file (type jpg)
<use /home/henri/stuff/japanese/tuttle_kanji/radicals/AozoraMincho_jpgs/147.jpg>

Package luatex.def Info: /home/henri/stuff/japanese/tuttle_kanji/radicals/Aozora
Mincho_jpgs/147.jpg  used on input line 182.
(luatex.def)             Requested size: 48.36958pt x 48.52994pt.
</home/henri/stuff/japanese/tuttle_kanji/radicals/StrokeOrders_jpgs/147.jpg, id=
385, 331.2375pt x 331.2375pt>
File: /home/henri/stuff/japanese/tuttle_kanji/radicals/StrokeOrders_jpgs/147.jpg
 Graphic file (type jpg)
<use /home/henri/stuff/japanese/tuttle_kanji/radicals/StrokeOrders_jpgs/147.jpg>

Package luatex.def Info: /home/henri/stuff/japanese/tuttle_kanji/radicals/Stroke
Orders_jpgs/147.jpg  used on input line 182.
(luatex.def)             Requested size: 48.36958pt x 48.36937pt.
</home/henri/stuff/japanese/tuttle_kanji/radicals/AozoraMincho_jpgs/148.jpg, id=
386, 302.12875pt x 303.1325pt>
File: /home/henri/stuff/japanese/tuttle_kanji/radicals/AozoraMincho_jpgs/148.jpg
 Graphic file (type jpg)
<use /home/henri/stuff/japanese/tuttle_kanji/radicals/AozoraMincho_jpgs/148.jpg>

Package luatex.def Info: /home/henri/stuff/japanese/tuttle_kanji/radicals/Aozora
Mincho_jpgs/148.jpg  used on input line 183.
(luatex.def)             Requested size: 48.36958pt x 48.52994pt.
</home/henri/stuff/japanese/tuttle_kanji/radicals/StrokeOrders_jpgs/148.jpg, id=
387, 331.2375pt x 331.2375pt>
File: /home/henri/stuff/japanese/tuttle_kanji/radicals/StrokeOrders_jpgs/148.jpg
 Graphic file (type jpg)
<use /home/henri/stuff/japanese/tuttle_kanji/radicals/StrokeOrders_jpgs/148.jpg>

Package luatex.def Info: /home/henri/stuff/japanese/tuttle_kanji/radicals/Stroke
Orders_jpgs/148.jpg  used on input line 183.
(luatex.def)             Requested size: 48.36958pt x 48.36937pt.
</home/henri/stuff/japanese/tuttle_kanji/radicals/AozoraMincho_jpgs/149.jpg, id=
388, 302.12875pt x 303.1325pt>
File: /home/henri/stuff/japanese/tuttle_kanji/radicals/AozoraMincho_jpgs/149.jpg
 Graphic file (type jpg)
<use /home/henri/stuff/japanese/tuttle_kanji/radicals/AozoraMincho_jpgs/149.jpg>

Package luatex.def Info: /home/henri/stuff/japanese/tuttle_kanji/radicals/Aozora
Mincho_jpgs/149.jpg  used on input line 184.
(luatex.def)             Requested size: 48.36958pt x 48.52994pt.
</home/henri/stuff/japanese/tuttle_kanji/radicals/StrokeOrders_jpgs/149.jpg, id=
389, 331.2375pt x 331.2375pt>
File: /home/henri/stuff/japanese/tuttle_kanji/radicals/StrokeOrders_jpgs/149.jpg
 Graphic file (type jpg)
<use /home/henri/stuff/japanese/tuttle_kanji/radicals/StrokeOrders_jpgs/149.jpg>

Package luatex.def Info: /home/henri/stuff/japanese/tuttle_kanji/radicals/Stroke
Orders_jpgs/149.jpg  used on input line 184.
(luatex.def)             Requested size: 48.36958pt x 48.36937pt.
</home/henri/stuff/japanese/tuttle_kanji/radicals/variations/149a.jpg, id=390, 3
31.2375pt x 331.2375pt>
File: /home/henri/stuff/japanese/tuttle_kanji/radicals/variations/149a.jpg Graph
ic file (type jpg)
<use /home/henri/stuff/japanese/tuttle_kanji/radicals/variations/149a.jpg>
Package luatex.def Info: /home/henri/stuff/japanese/tuttle_kanji/radicals/variat
ions/149a.jpg  used on input line 184.
(luatex.def)             Requested size: 48.36958pt x 48.36937pt.
</home/henri/stuff/japanese/tuttle_kanji/radicals/AozoraMincho_jpgs/150.jpg, id=
391, 302.12875pt x 303.1325pt>
File: /home/henri/stuff/japanese/tuttle_kanji/radicals/AozoraMincho_jpgs/150.jpg
 Graphic file (type jpg)
<use /home/henri/stuff/japanese/tuttle_kanji/radicals/AozoraMincho_jpgs/150.jpg>

Package luatex.def Info: /home/henri/stuff/japanese/tuttle_kanji/radicals/Aozora
Mincho_jpgs/150.jpg  used on input line 185.
(luatex.def)             Requested size: 48.36958pt x 48.52994pt.
</home/henri/stuff/japanese/tuttle_kanji/radicals/StrokeOrders_jpgs/150.jpg, id=
392, 331.2375pt x 331.2375pt>
File: /home/henri/stuff/japanese/tuttle_kanji/radicals/StrokeOrders_jpgs/150.jpg
 Graphic file (type jpg)
<use /home/henri/stuff/japanese/tuttle_kanji/radicals/StrokeOrders_jpgs/150.jpg>

Package luatex.def Info: /home/henri/stuff/japanese/tuttle_kanji/radicals/Stroke
Orders_jpgs/150.jpg  used on input line 185.
(luatex.def)             Requested size: 48.36958pt x 48.36937pt.
</home/henri/stuff/japanese/tuttle_kanji/radicals/AozoraMincho_jpgs/151.jpg, id=
393, 302.12875pt x 303.1325pt>
File: /home/henri/stuff/japanese/tuttle_kanji/radicals/AozoraMincho_jpgs/151.jpg
 Graphic file (type jpg)
<use /home/henri/stuff/japanese/tuttle_kanji/radicals/AozoraMincho_jpgs/151.jpg>

Package luatex.def Info: /home/henri/stuff/japanese/tuttle_kanji/radicals/Aozora
Mincho_jpgs/151.jpg  used on input line 186.
(luatex.def)             Requested size: 48.36958pt x 48.52994pt.
</home/henri/stuff/japanese/tuttle_kanji/radicals/StrokeOrders_jpgs/151.jpg, id=
394, 331.2375pt x 331.2375pt>
File: /home/henri/stuff/japanese/tuttle_kanji/radicals/StrokeOrders_jpgs/151.jpg
 Graphic file (type jpg)
<use /home/henri/stuff/japanese/tuttle_kanji/radicals/StrokeOrders_jpgs/151.jpg>

Package luatex.def Info: /home/henri/stuff/japanese/tuttle_kanji/radicals/Stroke
Orders_jpgs/151.jpg  used on input line 186.
(luatex.def)             Requested size: 48.36958pt x 48.36937pt.
</home/henri/stuff/japanese/tuttle_kanji/radicals/AozoraMincho_jpgs/152.jpg, id=
395, 302.12875pt x 303.1325pt>
File: /home/henri/stuff/japanese/tuttle_kanji/radicals/AozoraMincho_jpgs/152.jpg
 Graphic file (type jpg)
<use /home/henri/stuff/japanese/tuttle_kanji/radicals/AozoraMincho_jpgs/152.jpg>

Package luatex.def Info: /home/henri/stuff/japanese/tuttle_kanji/radicals/Aozora
Mincho_jpgs/152.jpg  used on input line 187.
(luatex.def)             Requested size: 48.36958pt x 48.52994pt.
</home/henri/stuff/japanese/tuttle_kanji/radicals/StrokeOrders_jpgs/152.jpg, id=
396, 331.2375pt x 331.2375pt>
File: /home/henri/stuff/japanese/tuttle_kanji/radicals/StrokeOrders_jpgs/152.jpg
 Graphic file (type jpg)
<use /home/henri/stuff/japanese/tuttle_kanji/radicals/StrokeOrders_jpgs/152.jpg>

Package luatex.def Info: /home/henri/stuff/japanese/tuttle_kanji/radicals/Stroke
Orders_jpgs/152.jpg  used on input line 187.
(luatex.def)             Requested size: 48.36958pt x 48.36937pt.
</home/henri/stuff/japanese/tuttle_kanji/radicals/AozoraMincho_jpgs/153.jpg, id=
397, 302.12875pt x 303.1325pt>
File: /home/henri/stuff/japanese/tuttle_kanji/radicals/AozoraMincho_jpgs/153.jpg
 Graphic file (type jpg)
<use /home/henri/stuff/japanese/tuttle_kanji/radicals/AozoraMincho_jpgs/153.jpg>

Package luatex.def Info: /home/henri/stuff/japanese/tuttle_kanji/radicals/Aozora
Mincho_jpgs/153.jpg  used on input line 188.
(luatex.def)             Requested size: 48.36958pt x 48.52994pt.
</home/henri/stuff/japanese/tuttle_kanji/radicals/StrokeOrders_jpgs/153.jpg, id=
398, 331.2375pt x 331.2375pt>
File: /home/henri/stuff/japanese/tuttle_kanji/radicals/StrokeOrders_jpgs/153.jpg
 Graphic file (type jpg)
<use /home/henri/stuff/japanese/tuttle_kanji/radicals/StrokeOrders_jpgs/153.jpg>

Package luatex.def Info: /home/henri/stuff/japanese/tuttle_kanji/radicals/Stroke
Orders_jpgs/153.jpg  used on input line 188.
(luatex.def)             Requested size: 48.36958pt x 48.36937pt.

Overfull \hbox (10.79745pt too wide) in alignment at lines 169--189
 [][][][][][] 
 []

[9</home/henri/stuff/japanese/tuttle_kanji/radicals/AozoraMincho_jpgs/103.jpg></
home/henri/stuff/japanese/tuttle_kanji/radicals/StrokeOrders_jpgs/103.jpg></home
/henri/stuff/japanese/tuttle_kanji/radicals/variations/103a.jpg></home/henri/stu
ff/japanese/tuttle_kanji/radicals/AozoraMincho_jpgs/104.jpg></home/henri/stuff/j
apanese/tuttle_kanji/radicals/StrokeOrders_jpgs/104.jpg></home/henri/stuff/japan
ese/tuttle_kanji/radicals/AozoraMincho_jpgs/105.jpg></home/henri/stuff/japanese/
tuttle_kanji/radicals/StrokeOrders_jpgs/105.jpg></home/henri/stuff/japanese/tutt
le_kanji/radicals/AozoraMincho_jpgs/106.jpg></home/henri/stuff/japanese/tuttle_k
anji/radicals/StrokeOrders_jpgs/106.jpg></home/henri/stuff/japanese/tuttle_kanji
/radicals/AozoraMincho_jpgs/107.jpg></home/henri/stuff/japanese/tuttle_kanji/rad
icals/StrokeOrders_jpgs/107.jpg></home/henri/stuff/japanese/tuttle_kanji/radical
s/AozoraMincho_jpgs/108.jpg></home/henri/stuff/japanese/tuttle_kanji/radicals/St
rokeOrders_jpgs/108.jpg></home/henri/stuff/japanese/tuttle_kanji/radicals/Aozora
Mincho_jpgs/109.jpg></home/henri/stuff/japanese/tuttle_kanji/radicals/StrokeOrde
rs_jpgs/109.jpg></home/henri/stuff/japanese/tuttle_kanji/radicals/AozoraMincho_j
pgs/110.jpg></home/henri/stuff/japanese/tuttle_kanji/radicals/StrokeOrders_jpgs/
110.jpg></home/henri/stuff/japanese/tuttle_kanji/radicals/AozoraMincho_jpgs/111.
jpg></home/henri/stuff/japanese/tuttle_kanji/radicals/StrokeOrders_jpgs/111.jpg>
</home/henri/stuff/japanese/tuttle_kanji/radicals/AozoraMincho_jpgs/112.jpg></ho
me/henri/stuff/japanese/tuttle_kanji/radicals/StrokeOrders_jpgs/112.jpg></home/h
enri/stuff/japanese/tuttle_kanji/radicals/AozoraMincho_jpgs/113.jpg></home/henri
/stuff/japanese/tuttle_kanji/radicals/StrokeOrders_jpgs/113.jpg></home/henri/stu
ff/japanese/tuttle_kanji/radicals/variations/113a.jpg></home/henri/stuff/japanes
e/tuttle_kanji/radicals/AozoraMincho_jpgs/114.jpg></home/henri/stuff/japanese/tu
ttle_kanji/radicals/StrokeOrders_jpgs/114.jpg></home/henri/stuff/japanese/tuttle
_kanji/radicals/AozoraMincho_jpgs/115.jpg></home/henri/stuff/japanese/tuttle_kan
ji/radicals/StrokeOrders_jpgs/115.jpg>] [10</home/henri/stuff/japanese/tuttle_ka
nji/radicals/AozoraMincho_jpgs/116.jpg></home/henri/stuff/japanese/tuttle_kanji/
radicals/StrokeOrders_jpgs/116.jpg></home/henri/stuff/japanese/tuttle_kanji/radi
cals/AozoraMincho_jpgs/117.jpg></home/henri/stuff/japanese/tuttle_kanji/radicals
/StrokeOrders_jpgs/117.jpg></home/henri/stuff/japanese/tuttle_kanji/radicals/Aoz
oraMincho_jpgs/118.jpg></home/henri/stuff/japanese/tuttle_kanji/radicals/StrokeO
rders_jpgs/118.jpg></home/henri/stuff/japanese/tuttle_kanji/radicals/variations/
118a.jpg></home/henri/stuff/japanese/tuttle_kanji/radicals/AozoraMincho_jpgs/119
.jpg></home/henri/stuff/japanese/tuttle_kanji/radicals/StrokeOrders_jpgs/119.jpg
></home/henri/stuff/japanese/tuttle_kanji/radicals/AozoraMincho_jpgs/120.jpg></h
ome/henri/stuff/japanese/tuttle_kanji/radicals/StrokeOrders_jpgs/120.jpg></home/
henri/stuff/japanese/tuttle_kanji/radicals/variations/120a.jpg></home/henri/stuf
f/japanese/tuttle_kanji/radicals/AozoraMincho_jpgs/121.jpg></home/henri/stuff/ja
panese/tuttle_kanji/radicals/StrokeOrders_jpgs/121.jpg></home/henri/stuff/japane
se/tuttle_kanji/radicals/AozoraMincho_jpgs/122.jpg></home/henri/stuff/japanese/t
uttle_kanji/radicals/StrokeOrders_jpgs/122.jpg></home/henri/stuff/japanese/tuttl
e_kanji/radicals/variations/122a.jpg></home/henri/stuff/japanese/tuttle_kanji/ra
dicals/variations/122b.jpg></home/henri/stuff/japanese/tuttle_kanji/radicals/Aoz
oraMincho_jpgs/123.jpg></home/henri/stuff/japanese/tuttle_kanji/radicals/StrokeO
rders_jpgs/123.jpg></home/henri/stuff/japanese/tuttle_kanji/radicals/variations/
123a.jpg></home/henri/stuff/japanese/tuttle_kanji/radicals/variations/123b.jpg><
/home/henri/stuff/japanese/tuttle_kanji/radicals/AozoraMincho_jpgs/124.jpg></hom
e/henri/stuff/japanese/tuttle_kanji/radicals/StrokeOrders_jpgs/124.jpg></home/he
nri/stuff/japanese/tuttle_kanji/radicals/AozoraMincho_jpgs/125.jpg></home/henri/
stuff/japanese/tuttle_kanji/radicals/StrokeOrders_jpgs/125.jpg></home/henri/stuf
f/japanese/tuttle_kanji/radicals/variations/125a.jpg></home/henri/stuff/japanese
/tuttle_kanji/radicals/AozoraMincho_jpgs/126.jpg></home/henri/stuff/japanese/tut
tle_kanji/radicals/StrokeOrders_jpgs/126.jpg></home/henri/stuff/japanese/tuttle_
kanji/radicals/AozoraMincho_jpgs/127.jpg></home/henri/stuff/japanese/tuttle_kanj
i/radicals/StrokeOrders_jpgs/127.jpg></home/henri/stuff/japanese/tuttle_kanji/ra
dicals/AozoraMincho_jpgs/128.jpg></home/henri/stuff/japanese/tuttle_kanji/radica
ls/StrokeOrders_jpgs/128.jpg>]
</home/henri/stuff/japanese/tuttle_kanji/radicals/AozoraMincho_jpgs/154.jpg, id=
405, 302.12875pt x 303.1325pt>
File: /home/henri/stuff/japanese/tuttle_kanji/radicals/AozoraMincho_jpgs/154.jpg
 Graphic file (type jpg)
<use /home/henri/stuff/japanese/tuttle_kanji/radicals/AozoraMincho_jpgs/154.jpg>

Package luatex.def Info: /home/henri/stuff/japanese/tuttle_kanji/radicals/Aozora
Mincho_jpgs/154.jpg  used on input line 189.
(luatex.def)             Requested size: 48.36958pt x 48.52994pt.
</home/henri/stuff/japanese/tuttle_kanji/radicals/StrokeOrders_jpgs/154.jpg, id=
406, 331.2375pt x 331.2375pt>
File: /home/henri/stuff/japanese/tuttle_kanji/radicals/StrokeOrders_jpgs/154.jpg
 Graphic file (type jpg)
<use /home/henri/stuff/japanese/tuttle_kanji/radicals/StrokeOrders_jpgs/154.jpg>

Package luatex.def Info: /home/henri/stuff/japanese/tuttle_kanji/radicals/Stroke
Orders_jpgs/154.jpg  used on input line 189.
(luatex.def)             Requested size: 48.36958pt x 48.36937pt.
</home/henri/stuff/japanese/tuttle_kanji/radicals/AozoraMincho_jpgs/155.jpg, id=
407, 302.12875pt x 303.1325pt>
File: /home/henri/stuff/japanese/tuttle_kanji/radicals/AozoraMincho_jpgs/155.jpg
 Graphic file (type jpg)
<use /home/henri/stuff/japanese/tuttle_kanji/radicals/AozoraMincho_jpgs/155.jpg>

Package luatex.def Info: /home/henri/stuff/japanese/tuttle_kanji/radicals/Aozora
Mincho_jpgs/155.jpg  used on input line 190.
(luatex.def)             Requested size: 48.36958pt x 48.52994pt.
</home/henri/stuff/japanese/tuttle_kanji/radicals/StrokeOrders_jpgs/155.jpg, id=
408, 331.2375pt x 331.2375pt>
File: /home/henri/stuff/japanese/tuttle_kanji/radicals/StrokeOrders_jpgs/155.jpg
 Graphic file (type jpg)
<use /home/henri/stuff/japanese/tuttle_kanji/radicals/StrokeOrders_jpgs/155.jpg>

Package luatex.def Info: /home/henri/stuff/japanese/tuttle_kanji/radicals/Stroke
Orders_jpgs/155.jpg  used on input line 190.
(luatex.def)             Requested size: 48.36958pt x 48.36937pt.
</home/henri/stuff/japanese/tuttle_kanji/radicals/AozoraMincho_jpgs/156.jpg, id=
409, 302.12875pt x 303.1325pt>
File: /home/henri/stuff/japanese/tuttle_kanji/radicals/AozoraMincho_jpgs/156.jpg
 Graphic file (type jpg)
<use /home/henri/stuff/japanese/tuttle_kanji/radicals/AozoraMincho_jpgs/156.jpg>

Package luatex.def Info: /home/henri/stuff/japanese/tuttle_kanji/radicals/Aozora
Mincho_jpgs/156.jpg  used on input line 191.
(luatex.def)             Requested size: 48.36958pt x 48.52994pt.
</home/henri/stuff/japanese/tuttle_kanji/radicals/StrokeOrders_jpgs/156.jpg, id=
410, 331.2375pt x 331.2375pt>
File: /home/henri/stuff/japanese/tuttle_kanji/radicals/StrokeOrders_jpgs/156.jpg
 Graphic file (type jpg)
<use /home/henri/stuff/japanese/tuttle_kanji/radicals/StrokeOrders_jpgs/156.jpg>

Package luatex.def Info: /home/henri/stuff/japanese/tuttle_kanji/radicals/Stroke
Orders_jpgs/156.jpg  used on input line 191.
(luatex.def)             Requested size: 48.36958pt x 48.36937pt.
</home/henri/stuff/japanese/tuttle_kanji/radicals/variations/156a.jpg, id=411, 3
31.2375pt x 331.2375pt>
File: /home/henri/stuff/japanese/tuttle_kanji/radicals/variations/156a.jpg Graph
ic file (type jpg)
<use /home/henri/stuff/japanese/tuttle_kanji/radicals/variations/156a.jpg>
Package luatex.def Info: /home/henri/stuff/japanese/tuttle_kanji/radicals/variat
ions/156a.jpg  used on input line 191.
(luatex.def)             Requested size: 48.36958pt x 48.36937pt.
</home/henri/stuff/japanese/tuttle_kanji/radicals/variations/156b.jpg, id=412, 3
02.12875pt x 303.1325pt>
File: /home/henri/stuff/japanese/tuttle_kanji/radicals/variations/156b.jpg Graph
ic file (type jpg)
<use /home/henri/stuff/japanese/tuttle_kanji/radicals/variations/156b.jpg>
Package luatex.def Info: /home/henri/stuff/japanese/tuttle_kanji/radicals/variat
ions/156b.jpg  used on input line 191.
(luatex.def)             Requested size: 48.36958pt x 48.52994pt.
</home/henri/stuff/japanese/tuttle_kanji/radicals/AozoraMincho_jpgs/157.jpg, id=
413, 302.12875pt x 303.1325pt>
File: /home/henri/stuff/japanese/tuttle_kanji/radicals/AozoraMincho_jpgs/157.jpg
 Graphic file (type jpg)
<use /home/henri/stuff/japanese/tuttle_kanji/radicals/AozoraMincho_jpgs/157.jpg>

Package luatex.def Info: /home/henri/stuff/japanese/tuttle_kanji/radicals/Aozora
Mincho_jpgs/157.jpg  used on input line 192.
(luatex.def)             Requested size: 48.36958pt x 48.52994pt.
</home/henri/stuff/japanese/tuttle_kanji/radicals/StrokeOrders_jpgs/157.jpg, id=
414, 331.2375pt x 331.2375pt>
File: /home/henri/stuff/japanese/tuttle_kanji/radicals/StrokeOrders_jpgs/157.jpg
 Graphic file (type jpg)
<use /home/henri/stuff/japanese/tuttle_kanji/radicals/StrokeOrders_jpgs/157.jpg>

Package luatex.def Info: /home/henri/stuff/japanese/tuttle_kanji/radicals/Stroke
Orders_jpgs/157.jpg  used on input line 192.
(luatex.def)             Requested size: 48.36958pt x 48.36937pt.
</home/henri/stuff/japanese/tuttle_kanji/radicals/variations/157a.jpg, id=415, 3
31.2375pt x 331.2375pt>
File: /home/henri/stuff/japanese/tuttle_kanji/radicals/variations/157a.jpg Graph
ic file (type jpg)
<use /home/henri/stuff/japanese/tuttle_kanji/radicals/variations/157a.jpg>
Package luatex.def Info: /home/henri/stuff/japanese/tuttle_kanji/radicals/variat
ions/157a.jpg  used on input line 192.
(luatex.def)             Requested size: 48.36958pt x 48.36937pt.
</home/henri/stuff/japanese/tuttle_kanji/radicals/AozoraMincho_jpgs/158.jpg, id=
416, 302.12875pt x 303.1325pt>
File: /home/henri/stuff/japanese/tuttle_kanji/radicals/AozoraMincho_jpgs/158.jpg
 Graphic file (type jpg)
<use /home/henri/stuff/japanese/tuttle_kanji/radicals/AozoraMincho_jpgs/158.jpg>

Package luatex.def Info: /home/henri/stuff/japanese/tuttle_kanji/radicals/Aozora
Mincho_jpgs/158.jpg  used on input line 193.
(luatex.def)             Requested size: 48.36958pt x 48.52994pt.
</home/henri/stuff/japanese/tuttle_kanji/radicals/StrokeOrders_jpgs/158.jpg, id=
417, 331.2375pt x 331.2375pt>
File: /home/henri/stuff/japanese/tuttle_kanji/radicals/StrokeOrders_jpgs/158.jpg
 Graphic file (type jpg)
<use /home/henri/stuff/japanese/tuttle_kanji/radicals/StrokeOrders_jpgs/158.jpg>

Package luatex.def Info: /home/henri/stuff/japanese/tuttle_kanji/radicals/Stroke
Orders_jpgs/158.jpg  used on input line 193.
(luatex.def)             Requested size: 48.36958pt x 48.36937pt.
</home/henri/stuff/japanese/tuttle_kanji/radicals/AozoraMincho_jpgs/159.jpg, id=
418, 302.12875pt x 303.1325pt>
File: /home/henri/stuff/japanese/tuttle_kanji/radicals/AozoraMincho_jpgs/159.jpg
 Graphic file (type jpg)
<use /home/henri/stuff/japanese/tuttle_kanji/radicals/AozoraMincho_jpgs/159.jpg>

Package luatex.def Info: /home/henri/stuff/japanese/tuttle_kanji/radicals/Aozora
Mincho_jpgs/159.jpg  used on input line 194.
(luatex.def)             Requested size: 48.36958pt x 48.52994pt.
</home/henri/stuff/japanese/tuttle_kanji/radicals/StrokeOrders_jpgs/159.jpg, id=
419, 331.2375pt x 331.2375pt>
File: /home/henri/stuff/japanese/tuttle_kanji/radicals/StrokeOrders_jpgs/159.jpg
 Graphic file (type jpg)
<use /home/henri/stuff/japanese/tuttle_kanji/radicals/StrokeOrders_jpgs/159.jpg>

Package luatex.def Info: /home/henri/stuff/japanese/tuttle_kanji/radicals/Stroke
Orders_jpgs/159.jpg  used on input line 194.
(luatex.def)             Requested size: 48.36958pt x 48.36937pt.
</home/henri/stuff/japanese/tuttle_kanji/radicals/AozoraMincho_jpgs/160.jpg, id=
420, 302.12875pt x 303.1325pt>
File: /home/henri/stuff/japanese/tuttle_kanji/radicals/AozoraMincho_jpgs/160.jpg
 Graphic file (type jpg)
<use /home/henri/stuff/japanese/tuttle_kanji/radicals/AozoraMincho_jpgs/160.jpg>

Package luatex.def Info: /home/henri/stuff/japanese/tuttle_kanji/radicals/Aozora
Mincho_jpgs/160.jpg  used on input line 195.
(luatex.def)             Requested size: 48.36958pt x 48.52994pt.
</home/henri/stuff/japanese/tuttle_kanji/radicals/StrokeOrders_jpgs/160.jpg, id=
421, 331.2375pt x 331.2375pt>
File: /home/henri/stuff/japanese/tuttle_kanji/radicals/StrokeOrders_jpgs/160.jpg
 Graphic file (type jpg)
<use /home/henri/stuff/japanese/tuttle_kanji/radicals/StrokeOrders_jpgs/160.jpg>

Package luatex.def Info: /home/henri/stuff/japanese/tuttle_kanji/radicals/Stroke
Orders_jpgs/160.jpg  used on input line 195.
(luatex.def)             Requested size: 48.36958pt x 48.36937pt.
</home/henri/stuff/japanese/tuttle_kanji/radicals/AozoraMincho_jpgs/161.jpg, id=
422, 302.12875pt x 303.1325pt>
File: /home/henri/stuff/japanese/tuttle_kanji/radicals/AozoraMincho_jpgs/161.jpg
 Graphic file (type jpg)
<use /home/henri/stuff/japanese/tuttle_kanji/radicals/AozoraMincho_jpgs/161.jpg>

Package luatex.def Info: /home/henri/stuff/japanese/tuttle_kanji/radicals/Aozora
Mincho_jpgs/161.jpg  used on input line 196.
(luatex.def)             Requested size: 48.36958pt x 48.52994pt.
</home/henri/stuff/japanese/tuttle_kanji/radicals/StrokeOrders_jpgs/161.jpg, id=
423, 331.2375pt x 331.2375pt>
File: /home/henri/stuff/japanese/tuttle_kanji/radicals/StrokeOrders_jpgs/161.jpg
 Graphic file (type jpg)
<use /home/henri/stuff/japanese/tuttle_kanji/radicals/StrokeOrders_jpgs/161.jpg>

Package luatex.def Info: /home/henri/stuff/japanese/tuttle_kanji/radicals/Stroke
Orders_jpgs/161.jpg  used on input line 196.
(luatex.def)             Requested size: 48.36958pt x 48.36937pt.
</home/henri/stuff/japanese/tuttle_kanji/radicals/AozoraMincho_jpgs/162.jpg, id=
424, 302.12875pt x 303.1325pt>
File: /home/henri/stuff/japanese/tuttle_kanji/radicals/AozoraMincho_jpgs/162.jpg
 Graphic file (type jpg)
<use /home/henri/stuff/japanese/tuttle_kanji/radicals/AozoraMincho_jpgs/162.jpg>

Package luatex.def Info: /home/henri/stuff/japanese/tuttle_kanji/radicals/Aozora
Mincho_jpgs/162.jpg  used on input line 197.
(luatex.def)             Requested size: 48.36958pt x 48.52994pt.
</home/henri/stuff/japanese/tuttle_kanji/radicals/StrokeOrders_jpgs/162.jpg, id=
425, 331.2375pt x 331.2375pt>
File: /home/henri/stuff/japanese/tuttle_kanji/radicals/StrokeOrders_jpgs/162.jpg
 Graphic file (type jpg)
<use /home/henri/stuff/japanese/tuttle_kanji/radicals/StrokeOrders_jpgs/162.jpg>

Package luatex.def Info: /home/henri/stuff/japanese/tuttle_kanji/radicals/Stroke
Orders_jpgs/162.jpg  used on input line 197.
(luatex.def)             Requested size: 48.36958pt x 48.36937pt.
</home/henri/stuff/japanese/tuttle_kanji/radicals/variations/162a.jpg, id=426, 3
31.2375pt x 331.2375pt>
File: /home/henri/stuff/japanese/tuttle_kanji/radicals/variations/162a.jpg Graph
ic file (type jpg)
<use /home/henri/stuff/japanese/tuttle_kanji/radicals/variations/162a.jpg>
Package luatex.def Info: /home/henri/stuff/japanese/tuttle_kanji/radicals/variat
ions/162a.jpg  used on input line 197.
(luatex.def)             Requested size: 48.36958pt x 48.36937pt.
</home/henri/stuff/japanese/tuttle_kanji/radicals/variations/162b.jpg, id=427, 3
31.2375pt x 331.2375pt>
File: /home/henri/stuff/japanese/tuttle_kanji/radicals/variations/162b.jpg Graph
ic file (type jpg)
<use /home/henri/stuff/japanese/tuttle_kanji/radicals/variations/162b.jpg>
Package luatex.def Info: /home/henri/stuff/japanese/tuttle_kanji/radicals/variat
ions/162b.jpg  used on input line 197.
(luatex.def)             Requested size: 48.36958pt x 48.36937pt.
</home/henri/stuff/japanese/tuttle_kanji/radicals/AozoraMincho_jpgs/163.jpg, id=
428, 302.12875pt x 303.1325pt>
File: /home/henri/stuff/japanese/tuttle_kanji/radicals/AozoraMincho_jpgs/163.jpg
 Graphic file (type jpg)
<use /home/henri/stuff/japanese/tuttle_kanji/radicals/AozoraMincho_jpgs/163.jpg>

Package luatex.def Info: /home/henri/stuff/japanese/tuttle_kanji/radicals/Aozora
Mincho_jpgs/163.jpg  used on input line 198.
(luatex.def)             Requested size: 48.36958pt x 48.52994pt.
</home/henri/stuff/japanese/tuttle_kanji/radicals/StrokeOrders_jpgs/163.jpg, id=
429, 331.2375pt x 331.2375pt>
File: /home/henri/stuff/japanese/tuttle_kanji/radicals/StrokeOrders_jpgs/163.jpg
 Graphic file (type jpg)
<use /home/henri/stuff/japanese/tuttle_kanji/radicals/StrokeOrders_jpgs/163.jpg>

Package luatex.def Info: /home/henri/stuff/japanese/tuttle_kanji/radicals/Stroke
Orders_jpgs/163.jpg  used on input line 198.
(luatex.def)             Requested size: 48.36958pt x 48.36937pt.
</home/henri/stuff/japanese/tuttle_kanji/radicals/variations/163a.jpg, id=430, 3
31.2375pt x 331.2375pt>
File: /home/henri/stuff/japanese/tuttle_kanji/radicals/variations/163a.jpg Graph
ic file (type jpg)
<use /home/henri/stuff/japanese/tuttle_kanji/radicals/variations/163a.jpg>
Package luatex.def Info: /home/henri/stuff/japanese/tuttle_kanji/radicals/variat
ions/163a.jpg  used on input line 198.
(luatex.def)             Requested size: 48.36958pt x 48.36937pt.
</home/henri/stuff/japanese/tuttle_kanji/radicals/AozoraMincho_jpgs/164.jpg, id=
431, 302.12875pt x 303.1325pt>
File: /home/henri/stuff/japanese/tuttle_kanji/radicals/AozoraMincho_jpgs/164.jpg
 Graphic file (type jpg)
<use /home/henri/stuff/japanese/tuttle_kanji/radicals/AozoraMincho_jpgs/164.jpg>

Package luatex.def Info: /home/henri/stuff/japanese/tuttle_kanji/radicals/Aozora
Mincho_jpgs/164.jpg  used on input line 199.
(luatex.def)             Requested size: 48.36958pt x 48.52994pt.
</home/henri/stuff/japanese/tuttle_kanji/radicals/StrokeOrders_jpgs/164.jpg, id=
432, 331.2375pt x 331.2375pt>
File: /home/henri/stuff/japanese/tuttle_kanji/radicals/StrokeOrders_jpgs/164.jpg
 Graphic file (type jpg)
<use /home/henri/stuff/japanese/tuttle_kanji/radicals/StrokeOrders_jpgs/164.jpg>

Package luatex.def Info: /home/henri/stuff/japanese/tuttle_kanji/radicals/Stroke
Orders_jpgs/164.jpg  used on input line 199.
(luatex.def)             Requested size: 48.36958pt x 48.36937pt.
</home/henri/stuff/japanese/tuttle_kanji/radicals/AozoraMincho_jpgs/165.jpg, id=
433, 302.12875pt x 303.1325pt>
File: /home/henri/stuff/japanese/tuttle_kanji/radicals/AozoraMincho_jpgs/165.jpg
 Graphic file (type jpg)
<use /home/henri/stuff/japanese/tuttle_kanji/radicals/AozoraMincho_jpgs/165.jpg>

Package luatex.def Info: /home/henri/stuff/japanese/tuttle_kanji/radicals/Aozora
Mincho_jpgs/165.jpg  used on input line 200.
(luatex.def)             Requested size: 48.36958pt x 48.52994pt.
</home/henri/stuff/japanese/tuttle_kanji/radicals/StrokeOrders_jpgs/165.jpg, id=
434, 331.2375pt x 331.2375pt>
File: /home/henri/stuff/japanese/tuttle_kanji/radicals/StrokeOrders_jpgs/165.jpg
 Graphic file (type jpg)
<use /home/henri/stuff/japanese/tuttle_kanji/radicals/StrokeOrders_jpgs/165.jpg>

Package luatex.def Info: /home/henri/stuff/japanese/tuttle_kanji/radicals/Stroke
Orders_jpgs/165.jpg  used on input line 200.
(luatex.def)             Requested size: 48.36958pt x 48.36937pt.
</home/henri/stuff/japanese/tuttle_kanji/radicals/AozoraMincho_jpgs/166.jpg, id=
435, 302.12875pt x 303.1325pt>
File: /home/henri/stuff/japanese/tuttle_kanji/radicals/AozoraMincho_jpgs/166.jpg
 Graphic file (type jpg)
<use /home/henri/stuff/japanese/tuttle_kanji/radicals/AozoraMincho_jpgs/166.jpg>

Package luatex.def Info: /home/henri/stuff/japanese/tuttle_kanji/radicals/Aozora
Mincho_jpgs/166.jpg  used on input line 201.
(luatex.def)             Requested size: 48.36958pt x 48.52994pt.
</home/henri/stuff/japanese/tuttle_kanji/radicals/StrokeOrders_jpgs/166.jpg, id=
436, 331.2375pt x 331.2375pt>
File: /home/henri/stuff/japanese/tuttle_kanji/radicals/StrokeOrders_jpgs/166.jpg
 Graphic file (type jpg)
<use /home/henri/stuff/japanese/tuttle_kanji/radicals/StrokeOrders_jpgs/166.jpg>

Package luatex.def Info: /home/henri/stuff/japanese/tuttle_kanji/radicals/Stroke
Orders_jpgs/166.jpg  used on input line 201.
(luatex.def)             Requested size: 48.36958pt x 48.36937pt.
</home/henri/stuff/japanese/tuttle_kanji/radicals/AozoraMincho_jpgs/167.jpg, id=
437, 302.12875pt x 303.1325pt>
File: /home/henri/stuff/japanese/tuttle_kanji/radicals/AozoraMincho_jpgs/167.jpg
 Graphic file (type jpg)
<use /home/henri/stuff/japanese/tuttle_kanji/radicals/AozoraMincho_jpgs/167.jpg>

Package luatex.def Info: /home/henri/stuff/japanese/tuttle_kanji/radicals/Aozora
Mincho_jpgs/167.jpg  used on input line 203.
(luatex.def)             Requested size: 48.36958pt x 48.52994pt.
</home/henri/stuff/japanese/tuttle_kanji/radicals/StrokeOrders_jpgs/167.jpg, id=
438, 331.2375pt x 331.2375pt>
File: /home/henri/stuff/japanese/tuttle_kanji/radicals/StrokeOrders_jpgs/167.jpg
 Graphic file (type jpg)
<use /home/henri/stuff/japanese/tuttle_kanji/radicals/StrokeOrders_jpgs/167.jpg>

Package luatex.def Info: /home/henri/stuff/japanese/tuttle_kanji/radicals/Stroke
Orders_jpgs/167.jpg  used on input line 203.
(luatex.def)             Requested size: 48.36958pt x 48.36937pt.
</home/henri/stuff/japanese/tuttle_kanji/radicals/variations/167a.jpg, id=439, 3
31.2375pt x 331.2375pt>
File: /home/henri/stuff/japanese/tuttle_kanji/radicals/variations/167a.jpg Graph
ic file (type jpg)
<use /home/henri/stuff/japanese/tuttle_kanji/radicals/variations/167a.jpg>
Package luatex.def Info: /home/henri/stuff/japanese/tuttle_kanji/radicals/variat
ions/167a.jpg  used on input line 203.
(luatex.def)             Requested size: 48.36958pt x 48.36937pt.
</home/henri/stuff/japanese/tuttle_kanji/radicals/AozoraMincho_jpgs/168.jpg, id=
440, 302.12875pt x 303.1325pt>
File: /home/henri/stuff/japanese/tuttle_kanji/radicals/AozoraMincho_jpgs/168.jpg
 Graphic file (type jpg)
<use /home/henri/stuff/japanese/tuttle_kanji/radicals/AozoraMincho_jpgs/168.jpg>

Package luatex.def Info: /home/henri/stuff/japanese/tuttle_kanji/radicals/Aozora
Mincho_jpgs/168.jpg  used on input line 204.
(luatex.def)             Requested size: 48.36958pt x 48.52994pt.
</home/henri/stuff/japanese/tuttle_kanji/radicals/StrokeOrders_jpgs/168.jpg, id=
441, 331.2375pt x 331.2375pt>
File: /home/henri/stuff/japanese/tuttle_kanji/radicals/StrokeOrders_jpgs/168.jpg
 Graphic file (type jpg)
<use /home/henri/stuff/japanese/tuttle_kanji/radicals/StrokeOrders_jpgs/168.jpg>

Package luatex.def Info: /home/henri/stuff/japanese/tuttle_kanji/radicals/Stroke
Orders_jpgs/168.jpg  used on input line 204.
(luatex.def)             Requested size: 48.36958pt x 48.36937pt.
</home/henri/stuff/japanese/tuttle_kanji/radicals/variations/168a.jpg, id=442, 3
31.2375pt x 331.2375pt>
File: /home/henri/stuff/japanese/tuttle_kanji/radicals/variations/168a.jpg Graph
ic file (type jpg)
<use /home/henri/stuff/japanese/tuttle_kanji/radicals/variations/168a.jpg>
Package luatex.def Info: /home/henri/stuff/japanese/tuttle_kanji/radicals/variat
ions/168a.jpg  used on input line 204.
(luatex.def)             Requested size: 48.36958pt x 48.36937pt.
</home/henri/stuff/japanese/tuttle_kanji/radicals/AozoraMincho_jpgs/169.jpg, id=
443, 302.12875pt x 303.1325pt>
File: /home/henri/stuff/japanese/tuttle_kanji/radicals/AozoraMincho_jpgs/169.jpg
 Graphic file (type jpg)
<use /home/henri/stuff/japanese/tuttle_kanji/radicals/AozoraMincho_jpgs/169.jpg>

Package luatex.def Info: /home/henri/stuff/japanese/tuttle_kanji/radicals/Aozora
Mincho_jpgs/169.jpg  used on input line 205.
(luatex.def)             Requested size: 48.36958pt x 48.52994pt.
</home/henri/stuff/japanese/tuttle_kanji/radicals/StrokeOrders_jpgs/169.jpg, id=
444, 331.2375pt x 331.2375pt>
File: /home/henri/stuff/japanese/tuttle_kanji/radicals/StrokeOrders_jpgs/169.jpg
 Graphic file (type jpg)
<use /home/henri/stuff/japanese/tuttle_kanji/radicals/StrokeOrders_jpgs/169.jpg>

Package luatex.def Info: /home/henri/stuff/japanese/tuttle_kanji/radicals/Stroke
Orders_jpgs/169.jpg  used on input line 205.
(luatex.def)             Requested size: 48.36958pt x 48.36937pt.
</home/henri/stuff/japanese/tuttle_kanji/radicals/AozoraMincho_jpgs/170.jpg, id=
445, 302.12875pt x 303.1325pt>
File: /home/henri/stuff/japanese/tuttle_kanji/radicals/AozoraMincho_jpgs/170.jpg
 Graphic file (type jpg)
<use /home/henri/stuff/japanese/tuttle_kanji/radicals/AozoraMincho_jpgs/170.jpg>

Package luatex.def Info: /home/henri/stuff/japanese/tuttle_kanji/radicals/Aozora
Mincho_jpgs/170.jpg  used on input line 206.
(luatex.def)             Requested size: 48.36958pt x 48.52994pt.
</home/henri/stuff/japanese/tuttle_kanji/radicals/StrokeOrders_jpgs/170.jpg, id=
446, 331.2375pt x 331.2375pt>
File: /home/henri/stuff/japanese/tuttle_kanji/radicals/StrokeOrders_jpgs/170.jpg
 Graphic file (type jpg)
<use /home/henri/stuff/japanese/tuttle_kanji/radicals/StrokeOrders_jpgs/170.jpg>

Package luatex.def Info: /home/henri/stuff/japanese/tuttle_kanji/radicals/Stroke
Orders_jpgs/170.jpg  used on input line 206.
(luatex.def)             Requested size: 48.36958pt x 48.36937pt.
</home/henri/stuff/japanese/tuttle_kanji/radicals/variations/170a.jpg, id=447, 3
31.2375pt x 331.2375pt>
File: /home/henri/stuff/japanese/tuttle_kanji/radicals/variations/170a.jpg Graph
ic file (type jpg)
<use /home/henri/stuff/japanese/tuttle_kanji/radicals/variations/170a.jpg>
Package luatex.def Info: /home/henri/stuff/japanese/tuttle_kanji/radicals/variat
ions/170a.jpg  used on input line 206.
(luatex.def)             Requested size: 48.36958pt x 48.36937pt.
</home/henri/stuff/japanese/tuttle_kanji/radicals/AozoraMincho_jpgs/171.jpg, id=
448, 302.12875pt x 303.1325pt>
File: /home/henri/stuff/japanese/tuttle_kanji/radicals/AozoraMincho_jpgs/171.jpg
 Graphic file (type jpg)
<use /home/henri/stuff/japanese/tuttle_kanji/radicals/AozoraMincho_jpgs/171.jpg>

Package luatex.def Info: /home/henri/stuff/japanese/tuttle_kanji/radicals/Aozora
Mincho_jpgs/171.jpg  used on input line 207.
(luatex.def)             Requested size: 48.36958pt x 48.52994pt.
</home/henri/stuff/japanese/tuttle_kanji/radicals/StrokeOrders_jpgs/171.jpg, id=
449, 331.2375pt x 331.2375pt>
File: /home/henri/stuff/japanese/tuttle_kanji/radicals/StrokeOrders_jpgs/171.jpg
 Graphic file (type jpg)
<use /home/henri/stuff/japanese/tuttle_kanji/radicals/StrokeOrders_jpgs/171.jpg>

Package luatex.def Info: /home/henri/stuff/japanese/tuttle_kanji/radicals/Stroke
Orders_jpgs/171.jpg  used on input line 207.
(luatex.def)             Requested size: 48.36958pt x 48.36937pt.
</home/henri/stuff/japanese/tuttle_kanji/radicals/AozoraMincho_jpgs/172.jpg, id=
450, 302.12875pt x 303.1325pt>
File: /home/henri/stuff/japanese/tuttle_kanji/radicals/AozoraMincho_jpgs/172.jpg
 Graphic file (type jpg)
<use /home/henri/stuff/japanese/tuttle_kanji/radicals/AozoraMincho_jpgs/172.jpg>

Package luatex.def Info: /home/henri/stuff/japanese/tuttle_kanji/radicals/Aozora
Mincho_jpgs/172.jpg  used on input line 208.
(luatex.def)             Requested size: 48.36958pt x 48.52994pt.
</home/henri/stuff/japanese/tuttle_kanji/radicals/StrokeOrders_jpgs/172.jpg, id=
451, 331.2375pt x 331.2375pt>
File: /home/henri/stuff/japanese/tuttle_kanji/radicals/StrokeOrders_jpgs/172.jpg
 Graphic file (type jpg)
<use /home/henri/stuff/japanese/tuttle_kanji/radicals/StrokeOrders_jpgs/172.jpg>

Package luatex.def Info: /home/henri/stuff/japanese/tuttle_kanji/radicals/Stroke
Orders_jpgs/172.jpg  used on input line 208.
(luatex.def)             Requested size: 48.36958pt x 48.36937pt.

Overfull \hbox (10.79745pt too wide) in alignment at lines 189--209
 [][][][][][] 
 []

[11</home/henri/stuff/japanese/tuttle_kanji/radicals/AozoraMincho_jpgs/129.jpg><
/home/henri/stuff/japanese/tuttle_kanji/radicals/StrokeOrders_jpgs/129.jpg></hom
e/henri/stuff/japanese/tuttle_kanji/radicals/variations/129a.jpg></home/henri/st
uff/japanese/tuttle_kanji/radicals/AozoraMincho_jpgs/130.jpg></home/henri/stuff/
japanese/tuttle_kanji/radicals/StrokeOrders_jpgs/130.jpg></home/henri/stuff/japa
nese/tuttle_kanji/radicals/variations/130a.jpg></home/henri/stuff/japanese/tuttl
e_kanji/radicals/variations/130b.jpg></home/henri/stuff/japanese/tuttle_kanji/ra
dicals/AozoraMincho_jpgs/131.jpg></home/henri/stuff/japanese/tuttle_kanji/radica
ls/StrokeOrders_jpgs/131.jpg></home/henri/stuff/japanese/tuttle_kanji/radicals/A
ozoraMincho_jpgs/132.jpg></home/henri/stuff/japanese/tuttle_kanji/radicals/Strok
eOrders_jpgs/132.jpg></home/henri/stuff/japanese/tuttle_kanji/radicals/AozoraMin
cho_jpgs/133.jpg></home/henri/stuff/japanese/tuttle_kanji/radicals/StrokeOrders_
jpgs/133.jpg></home/henri/stuff/japanese/tuttle_kanji/radicals/AozoraMincho_jpgs
/134.jpg></home/henri/stuff/japanese/tuttle_kanji/radicals/StrokeOrders_jpgs/134
.jpg></home/henri/stuff/japanese/tuttle_kanji/radicals/AozoraMincho_jpgs/135.jpg
></home/henri/stuff/japanese/tuttle_kanji/radicals/StrokeOrders_jpgs/135.jpg></h
ome/henri/stuff/japanese/tuttle_kanji/radicals/AozoraMincho_jpgs/136.jpg></home/
henri/stuff/japanese/tuttle_kanji/radicals/StrokeOrders_jpgs/136.jpg></home/henr
i/stuff/japanese/tuttle_kanji/radicals/AozoraMincho_jpgs/137.jpg></home/henri/st
uff/japanese/tuttle_kanji/radicals/StrokeOrders_jpgs/137.jpg></home/henri/stuff/
japanese/tuttle_kanji/radicals/AozoraMincho_jpgs/138.jpg></home/henri/stuff/japa
nese/tuttle_kanji/radicals/StrokeOrders_jpgs/138.jpg></home/henri/stuff/japanese
/tuttle_kanji/radicals/variations/138a.jpg></home/henri/stuff/japanese/tuttle_ka
nji/radicals/AozoraMincho_jpgs/139.jpg></home/henri/stuff/japanese/tuttle_kanji/
radicals/StrokeOrders_jpgs/139.jpg></home/henri/stuff/japanese/tuttle_kanji/radi
cals/AozoraMincho_jpgs/140.jpg></home/henri/stuff/japanese/tuttle_kanji/radicals
/StrokeOrders_jpgs/140.jpg></home/henri/stuff/japanese/tuttle_kanji/radicals/var
iations/140a.jpg></home/henri/stuff/japanese/tuttle_kanji/radicals/variations/14
0b.jpg></home/henri/stuff/japanese/tuttle_kanji/radicals/variations/140c.jpg></h
ome/henri/stuff/japanese/tuttle_kanji/radicals/AozoraMincho_jpgs/141.jpg></home/
henri/stuff/japanese/tuttle_kanji/radicals/StrokeOrders_jpgs/141.jpg>]
</home/henri/stuff/japanese/tuttle_kanji/radicals/AozoraMincho_jpgs/173.jpg, id=
456, 302.12875pt x 303.1325pt>
File: /home/henri/stuff/japanese/tuttle_kanji/radicals/AozoraMincho_jpgs/173.jpg
 Graphic file (type jpg)
<use /home/henri/stuff/japanese/tuttle_kanji/radicals/AozoraMincho_jpgs/173.jpg>

Package luatex.def Info: /home/henri/stuff/japanese/tuttle_kanji/radicals/Aozora
Mincho_jpgs/173.jpg  used on input line 209.
(luatex.def)             Requested size: 48.36958pt x 48.52994pt.
</home/henri/stuff/japanese/tuttle_kanji/radicals/StrokeOrders_jpgs/173.jpg, id=
457, 331.2375pt x 331.2375pt>
File: /home/henri/stuff/japanese/tuttle_kanji/radicals/StrokeOrders_jpgs/173.jpg
 Graphic file (type jpg)
<use /home/henri/stuff/japanese/tuttle_kanji/radicals/StrokeOrders_jpgs/173.jpg>

Package luatex.def Info: /home/henri/stuff/japanese/tuttle_kanji/radicals/Stroke
Orders_jpgs/173.jpg  used on input line 209.
(luatex.def)             Requested size: 48.36958pt x 48.36937pt.
</home/henri/stuff/japanese/tuttle_kanji/radicals/variations/173a.jpg, id=458, 3
31.2375pt x 331.2375pt>
File: /home/henri/stuff/japanese/tuttle_kanji/radicals/variations/173a.jpg Graph
ic file (type jpg)
<use /home/henri/stuff/japanese/tuttle_kanji/radicals/variations/173a.jpg>
Package luatex.def Info: /home/henri/stuff/japanese/tuttle_kanji/radicals/variat
ions/173a.jpg  used on input line 209.
(luatex.def)             Requested size: 48.36958pt x 48.36937pt.
</home/henri/stuff/japanese/tuttle_kanji/radicals/AozoraMincho_jpgs/174.jpg, id=
459, 302.12875pt x 303.1325pt>
File: /home/henri/stuff/japanese/tuttle_kanji/radicals/AozoraMincho_jpgs/174.jpg
 Graphic file (type jpg)
<use /home/henri/stuff/japanese/tuttle_kanji/radicals/AozoraMincho_jpgs/174.jpg>

Package luatex.def Info: /home/henri/stuff/japanese/tuttle_kanji/radicals/Aozora
Mincho_jpgs/174.jpg  used on input line 210.
(luatex.def)             Requested size: 48.36958pt x 48.52994pt.
</home/henri/stuff/japanese/tuttle_kanji/radicals/StrokeOrders_jpgs/174.jpg, id=
460, 331.2375pt x 331.2375pt>
File: /home/henri/stuff/japanese/tuttle_kanji/radicals/StrokeOrders_jpgs/174.jpg
 Graphic file (type jpg)
<use /home/henri/stuff/japanese/tuttle_kanji/radicals/StrokeOrders_jpgs/174.jpg>

Package luatex.def Info: /home/henri/stuff/japanese/tuttle_kanji/radicals/Stroke
Orders_jpgs/174.jpg  used on input line 210.
(luatex.def)             Requested size: 48.36958pt x 48.36937pt.
</home/henri/stuff/japanese/tuttle_kanji/radicals/variations/174a.jpg, id=461, 3
31.2375pt x 331.2375pt>
File: /home/henri/stuff/japanese/tuttle_kanji/radicals/variations/174a.jpg Graph
ic file (type jpg)
<use /home/henri/stuff/japanese/tuttle_kanji/radicals/variations/174a.jpg>
Package luatex.def Info: /home/henri/stuff/japanese/tuttle_kanji/radicals/variat
ions/174a.jpg  used on input line 210.
(luatex.def)             Requested size: 48.36958pt x 48.36937pt.
</home/henri/stuff/japanese/tuttle_kanji/radicals/AozoraMincho_jpgs/175.jpg, id=
462, 302.12875pt x 303.1325pt>
File: /home/henri/stuff/japanese/tuttle_kanji/radicals/AozoraMincho_jpgs/175.jpg
 Graphic file (type jpg)
<use /home/henri/stuff/japanese/tuttle_kanji/radicals/AozoraMincho_jpgs/175.jpg>

Package luatex.def Info: /home/henri/stuff/japanese/tuttle_kanji/radicals/Aozora
Mincho_jpgs/175.jpg  used on input line 211.
(luatex.def)             Requested size: 48.36958pt x 48.52994pt.
</home/henri/stuff/japanese/tuttle_kanji/radicals/StrokeOrders_jpgs/175.jpg, id=
463, 331.2375pt x 331.2375pt>
File: /home/henri/stuff/japanese/tuttle_kanji/radicals/StrokeOrders_jpgs/175.jpg
 Graphic file (type jpg)
<use /home/henri/stuff/japanese/tuttle_kanji/radicals/StrokeOrders_jpgs/175.jpg>

Package luatex.def Info: /home/henri/stuff/japanese/tuttle_kanji/radicals/Stroke
Orders_jpgs/175.jpg  used on input line 211.
(luatex.def)             Requested size: 48.36958pt x 48.36937pt.
</home/henri/stuff/japanese/tuttle_kanji/radicals/AozoraMincho_jpgs/176.jpg, id=
464, 302.12875pt x 303.1325pt>
File: /home/henri/stuff/japanese/tuttle_kanji/radicals/AozoraMincho_jpgs/176.jpg
 Graphic file (type jpg)
<use /home/henri/stuff/japanese/tuttle_kanji/radicals/AozoraMincho_jpgs/176.jpg>

Package luatex.def Info: /home/henri/stuff/japanese/tuttle_kanji/radicals/Aozora
Mincho_jpgs/176.jpg  used on input line 213.
(luatex.def)             Requested size: 48.36958pt x 48.52994pt.
</home/henri/stuff/japanese/tuttle_kanji/radicals/StrokeOrders_jpgs/176.jpg, id=
465, 331.2375pt x 331.2375pt>
File: /home/henri/stuff/japanese/tuttle_kanji/radicals/StrokeOrders_jpgs/176.jpg
 Graphic file (type jpg)
<use /home/henri/stuff/japanese/tuttle_kanji/radicals/StrokeOrders_jpgs/176.jpg>

Package luatex.def Info: /home/henri/stuff/japanese/tuttle_kanji/radicals/Stroke
Orders_jpgs/176.jpg  used on input line 213.
(luatex.def)             Requested size: 48.36958pt x 48.36937pt.
</home/henri/stuff/japanese/tuttle_kanji/radicals/variations/176a.jpg, id=466, 3
31.2375pt x 331.2375pt>
File: /home/henri/stuff/japanese/tuttle_kanji/radicals/variations/176a.jpg Graph
ic file (type jpg)
<use /home/henri/stuff/japanese/tuttle_kanji/radicals/variations/176a.jpg>
Package luatex.def Info: /home/henri/stuff/japanese/tuttle_kanji/radicals/variat
ions/176a.jpg  used on input line 213.
(luatex.def)             Requested size: 48.36958pt x 48.36937pt.
</home/henri/stuff/japanese/tuttle_kanji/radicals/AozoraMincho_jpgs/177.jpg, id=
467, 302.12875pt x 303.1325pt>
File: /home/henri/stuff/japanese/tuttle_kanji/radicals/AozoraMincho_jpgs/177.jpg
 Graphic file (type jpg)
<use /home/henri/stuff/japanese/tuttle_kanji/radicals/AozoraMincho_jpgs/177.jpg>

Package luatex.def Info: /home/henri/stuff/japanese/tuttle_kanji/radicals/Aozora
Mincho_jpgs/177.jpg  used on input line 214.
(luatex.def)             Requested size: 48.36958pt x 48.52994pt.
</home/henri/stuff/japanese/tuttle_kanji/radicals/StrokeOrders_jpgs/177.jpg, id=
468, 331.2375pt x 331.2375pt>
File: /home/henri/stuff/japanese/tuttle_kanji/radicals/StrokeOrders_jpgs/177.jpg
 Graphic file (type jpg)
<use /home/henri/stuff/japanese/tuttle_kanji/radicals/StrokeOrders_jpgs/177.jpg>

Package luatex.def Info: /home/henri/stuff/japanese/tuttle_kanji/radicals/Stroke
Orders_jpgs/177.jpg  used on input line 214.
(luatex.def)             Requested size: 48.36958pt x 48.36937pt.
</home/henri/stuff/japanese/tuttle_kanji/radicals/AozoraMincho_jpgs/178.jpg, id=
469, 302.12875pt x 303.1325pt>
File: /home/henri/stuff/japanese/tuttle_kanji/radicals/AozoraMincho_jpgs/178.jpg
 Graphic file (type jpg)
<use /home/henri/stuff/japanese/tuttle_kanji/radicals/AozoraMincho_jpgs/178.jpg>

Package luatex.def Info: /home/henri/stuff/japanese/tuttle_kanji/radicals/Aozora
Mincho_jpgs/178.jpg  used on input line 215.
(luatex.def)             Requested size: 48.36958pt x 48.52994pt.
</home/henri/stuff/japanese/tuttle_kanji/radicals/StrokeOrders_jpgs/178.jpg, id=
470, 331.2375pt x 331.2375pt>
File: /home/henri/stuff/japanese/tuttle_kanji/radicals/StrokeOrders_jpgs/178.jpg
 Graphic file (type jpg)
<use /home/henri/stuff/japanese/tuttle_kanji/radicals/StrokeOrders_jpgs/178.jpg>

Package luatex.def Info: /home/henri/stuff/japanese/tuttle_kanji/radicals/Stroke
Orders_jpgs/178.jpg  used on input line 215.
(luatex.def)             Requested size: 48.36958pt x 48.36937pt.
</home/henri/stuff/japanese/tuttle_kanji/radicals/AozoraMincho_jpgs/179.jpg, id=
471, 302.12875pt x 303.1325pt>
File: /home/henri/stuff/japanese/tuttle_kanji/radicals/AozoraMincho_jpgs/179.jpg
 Graphic file (type jpg)
<use /home/henri/stuff/japanese/tuttle_kanji/radicals/AozoraMincho_jpgs/179.jpg>

Package luatex.def Info: /home/henri/stuff/japanese/tuttle_kanji/radicals/Aozora
Mincho_jpgs/179.jpg  used on input line 216.
(luatex.def)             Requested size: 48.36958pt x 48.52994pt.
</home/henri/stuff/japanese/tuttle_kanji/radicals/StrokeOrders_jpgs/179.jpg, id=
472, 331.2375pt x 331.2375pt>
File: /home/henri/stuff/japanese/tuttle_kanji/radicals/StrokeOrders_jpgs/179.jpg
 Graphic file (type jpg)
<use /home/henri/stuff/japanese/tuttle_kanji/radicals/StrokeOrders_jpgs/179.jpg>

Package luatex.def Info: /home/henri/stuff/japanese/tuttle_kanji/radicals/Stroke
Orders_jpgs/179.jpg  used on input line 216.
(luatex.def)             Requested size: 48.36958pt x 48.36937pt.
</home/henri/stuff/japanese/tuttle_kanji/radicals/AozoraMincho_jpgs/180.jpg, id=
473, 302.12875pt x 303.1325pt>
File: /home/henri/stuff/japanese/tuttle_kanji/radicals/AozoraMincho_jpgs/180.jpg
 Graphic file (type jpg)
<use /home/henri/stuff/japanese/tuttle_kanji/radicals/AozoraMincho_jpgs/180.jpg>

Package luatex.def Info: /home/henri/stuff/japanese/tuttle_kanji/radicals/Aozora
Mincho_jpgs/180.jpg  used on input line 217.
(luatex.def)             Requested size: 48.36958pt x 48.52994pt.
</home/henri/stuff/japanese/tuttle_kanji/radicals/StrokeOrders_jpgs/180.jpg, id=
474, 331.2375pt x 331.2375pt>
File: /home/henri/stuff/japanese/tuttle_kanji/radicals/StrokeOrders_jpgs/180.jpg
 Graphic file (type jpg)
<use /home/henri/stuff/japanese/tuttle_kanji/radicals/StrokeOrders_jpgs/180.jpg>

Package luatex.def Info: /home/henri/stuff/japanese/tuttle_kanji/radicals/Stroke
Orders_jpgs/180.jpg  used on input line 217.
(luatex.def)             Requested size: 48.36958pt x 48.36937pt.
</home/henri/stuff/japanese/tuttle_kanji/radicals/AozoraMincho_jpgs/181.jpg, id=
475, 302.12875pt x 303.1325pt>
File: /home/henri/stuff/japanese/tuttle_kanji/radicals/AozoraMincho_jpgs/181.jpg
 Graphic file (type jpg)
<use /home/henri/stuff/japanese/tuttle_kanji/radicals/AozoraMincho_jpgs/181.jpg>

Package luatex.def Info: /home/henri/stuff/japanese/tuttle_kanji/radicals/Aozora
Mincho_jpgs/181.jpg  used on input line 218.
(luatex.def)             Requested size: 48.36958pt x 48.52994pt.
</home/henri/stuff/japanese/tuttle_kanji/radicals/StrokeOrders_jpgs/181.jpg, id=
476, 331.2375pt x 331.2375pt>
File: /home/henri/stuff/japanese/tuttle_kanji/radicals/StrokeOrders_jpgs/181.jpg
 Graphic file (type jpg)
<use /home/henri/stuff/japanese/tuttle_kanji/radicals/StrokeOrders_jpgs/181.jpg>

Package luatex.def Info: /home/henri/stuff/japanese/tuttle_kanji/radicals/Stroke
Orders_jpgs/181.jpg  used on input line 218.
(luatex.def)             Requested size: 48.36958pt x 48.36937pt.
</home/henri/stuff/japanese/tuttle_kanji/radicals/AozoraMincho_jpgs/182.jpg, id=
477, 302.12875pt x 303.1325pt>
File: /home/henri/stuff/japanese/tuttle_kanji/radicals/AozoraMincho_jpgs/182.jpg
 Graphic file (type jpg)
<use /home/henri/stuff/japanese/tuttle_kanji/radicals/AozoraMincho_jpgs/182.jpg>

Package luatex.def Info: /home/henri/stuff/japanese/tuttle_kanji/radicals/Aozora
Mincho_jpgs/182.jpg  used on input line 219.
(luatex.def)             Requested size: 48.36958pt x 48.52994pt.
</home/henri/stuff/japanese/tuttle_kanji/radicals/StrokeOrders_jpgs/182.jpg, id=
478, 331.2375pt x 331.2375pt>
File: /home/henri/stuff/japanese/tuttle_kanji/radicals/StrokeOrders_jpgs/182.jpg
 Graphic file (type jpg)
<use /home/henri/stuff/japanese/tuttle_kanji/radicals/StrokeOrders_jpgs/182.jpg>

Package luatex.def Info: /home/henri/stuff/japanese/tuttle_kanji/radicals/Stroke
Orders_jpgs/182.jpg  used on input line 219.
(luatex.def)             Requested size: 48.36958pt x 48.36937pt.
</home/henri/stuff/japanese/tuttle_kanji/radicals/variations/182a.jpg, id=479, 3
02.12875pt x 303.1325pt>
File: /home/henri/stuff/japanese/tuttle_kanji/radicals/variations/182a.jpg Graph
ic file (type jpg)
<use /home/henri/stuff/japanese/tuttle_kanji/radicals/variations/182a.jpg>
Package luatex.def Info: /home/henri/stuff/japanese/tuttle_kanji/radicals/variat
ions/182a.jpg  used on input line 219.
(luatex.def)             Requested size: 48.36958pt x 48.52994pt.
</home/henri/stuff/japanese/tuttle_kanji/radicals/AozoraMincho_jpgs/183.jpg, id=
480, 302.12875pt x 303.1325pt>
File: /home/henri/stuff/japanese/tuttle_kanji/radicals/AozoraMincho_jpgs/183.jpg
 Graphic file (type jpg)
<use /home/henri/stuff/japanese/tuttle_kanji/radicals/AozoraMincho_jpgs/183.jpg>

Package luatex.def Info: /home/henri/stuff/japanese/tuttle_kanji/radicals/Aozora
Mincho_jpgs/183.jpg  used on input line 220.
(luatex.def)             Requested size: 48.36958pt x 48.52994pt.
</home/henri/stuff/japanese/tuttle_kanji/radicals/StrokeOrders_jpgs/183.jpg, id=
481, 331.2375pt x 331.2375pt>
File: /home/henri/stuff/japanese/tuttle_kanji/radicals/StrokeOrders_jpgs/183.jpg
 Graphic file (type jpg)
<use /home/henri/stuff/japanese/tuttle_kanji/radicals/StrokeOrders_jpgs/183.jpg>

Package luatex.def Info: /home/henri/stuff/japanese/tuttle_kanji/radicals/Stroke
Orders_jpgs/183.jpg  used on input line 220.
(luatex.def)             Requested size: 48.36958pt x 48.36937pt.
</home/henri/stuff/japanese/tuttle_kanji/radicals/AozoraMincho_jpgs/184.jpg, id=
482, 302.12875pt x 303.1325pt>
File: /home/henri/stuff/japanese/tuttle_kanji/radicals/AozoraMincho_jpgs/184.jpg
 Graphic file (type jpg)
<use /home/henri/stuff/japanese/tuttle_kanji/radicals/AozoraMincho_jpgs/184.jpg>

Package luatex.def Info: /home/henri/stuff/japanese/tuttle_kanji/radicals/Aozora
Mincho_jpgs/184.jpg  used on input line 221.
(luatex.def)             Requested size: 48.36958pt x 48.52994pt.
</home/henri/stuff/japanese/tuttle_kanji/radicals/StrokeOrders_jpgs/184.jpg, id=
483, 331.2375pt x 331.2375pt>
File: /home/henri/stuff/japanese/tuttle_kanji/radicals/StrokeOrders_jpgs/184.jpg
 Graphic file (type jpg)
<use /home/henri/stuff/japanese/tuttle_kanji/radicals/StrokeOrders_jpgs/184.jpg>

Package luatex.def Info: /home/henri/stuff/japanese/tuttle_kanji/radicals/Stroke
Orders_jpgs/184.jpg  used on input line 221.
(luatex.def)             Requested size: 48.36958pt x 48.36937pt.
</home/henri/stuff/japanese/tuttle_kanji/radicals/variations/184a.jpg, id=484, 3
31.2375pt x 331.2375pt>
File: /home/henri/stuff/japanese/tuttle_kanji/radicals/variations/184a.jpg Graph
ic file (type jpg)
<use /home/henri/stuff/japanese/tuttle_kanji/radicals/variations/184a.jpg>
Package luatex.def Info: /home/henri/stuff/japanese/tuttle_kanji/radicals/variat
ions/184a.jpg  used on input line 221.
(luatex.def)             Requested size: 48.36958pt x 48.36937pt.
</home/henri/stuff/japanese/tuttle_kanji/radicals/variations/184b.jpg, id=485, 3
02.12875pt x 303.1325pt>
File: /home/henri/stuff/japanese/tuttle_kanji/radicals/variations/184b.jpg Graph
ic file (type jpg)
<use /home/henri/stuff/japanese/tuttle_kanji/radicals/variations/184b.jpg>
Package luatex.def Info: /home/henri/stuff/japanese/tuttle_kanji/radicals/variat
ions/184b.jpg  used on input line 221.
(luatex.def)             Requested size: 48.36958pt x 48.52994pt.
</home/henri/stuff/japanese/tuttle_kanji/radicals/AozoraMincho_jpgs/185.jpg, id=
486, 302.12875pt x 303.1325pt>
File: /home/henri/stuff/japanese/tuttle_kanji/radicals/AozoraMincho_jpgs/185.jpg
 Graphic file (type jpg)
<use /home/henri/stuff/japanese/tuttle_kanji/radicals/AozoraMincho_jpgs/185.jpg>

Package luatex.def Info: /home/henri/stuff/japanese/tuttle_kanji/radicals/Aozora
Mincho_jpgs/185.jpg  used on input line 222.
(luatex.def)             Requested size: 48.36958pt x 48.52994pt.
</home/henri/stuff/japanese/tuttle_kanji/radicals/StrokeOrders_jpgs/185.jpg, id=
487, 331.2375pt x 331.2375pt>
File: /home/henri/stuff/japanese/tuttle_kanji/radicals/StrokeOrders_jpgs/185.jpg
 Graphic file (type jpg)
<use /home/henri/stuff/japanese/tuttle_kanji/radicals/StrokeOrders_jpgs/185.jpg>

Package luatex.def Info: /home/henri/stuff/japanese/tuttle_kanji/radicals/Stroke
Orders_jpgs/185.jpg  used on input line 222.
(luatex.def)             Requested size: 48.36958pt x 48.36937pt.
</home/henri/stuff/japanese/tuttle_kanji/radicals/AozoraMincho_jpgs/186.jpg, id=
488, 302.12875pt x 303.1325pt>
File: /home/henri/stuff/japanese/tuttle_kanji/radicals/AozoraMincho_jpgs/186.jpg
 Graphic file (type jpg)
<use /home/henri/stuff/japanese/tuttle_kanji/radicals/AozoraMincho_jpgs/186.jpg>

Package luatex.def Info: /home/henri/stuff/japanese/tuttle_kanji/radicals/Aozora
Mincho_jpgs/186.jpg  used on input line 223.
(luatex.def)             Requested size: 48.36958pt x 48.52994pt.
</home/henri/stuff/japanese/tuttle_kanji/radicals/StrokeOrders_jpgs/186.jpg, id=
489, 331.2375pt x 331.2375pt>
File: /home/henri/stuff/japanese/tuttle_kanji/radicals/StrokeOrders_jpgs/186.jpg
 Graphic file (type jpg)
<use /home/henri/stuff/japanese/tuttle_kanji/radicals/StrokeOrders_jpgs/186.jpg>

Package luatex.def Info: /home/henri/stuff/japanese/tuttle_kanji/radicals/Stroke
Orders_jpgs/186.jpg  used on input line 223.
(luatex.def)             Requested size: 48.36958pt x 48.36937pt.
</home/henri/stuff/japanese/tuttle_kanji/radicals/AozoraMincho_jpgs/187.jpg, id=
490, 302.12875pt x 303.1325pt>
File: /home/henri/stuff/japanese/tuttle_kanji/radicals/AozoraMincho_jpgs/187.jpg
 Graphic file (type jpg)
<use /home/henri/stuff/japanese/tuttle_kanji/radicals/AozoraMincho_jpgs/187.jpg>

Package luatex.def Info: /home/henri/stuff/japanese/tuttle_kanji/radicals/Aozora
Mincho_jpgs/187.jpg  used on input line 225.
(luatex.def)             Requested size: 48.36958pt x 48.52994pt.
</home/henri/stuff/japanese/tuttle_kanji/radicals/StrokeOrders_jpgs/187.jpg, id=
491, 331.2375pt x 331.2375pt>
File: /home/henri/stuff/japanese/tuttle_kanji/radicals/StrokeOrders_jpgs/187.jpg
 Graphic file (type jpg)
<use /home/henri/stuff/japanese/tuttle_kanji/radicals/StrokeOrders_jpgs/187.jpg>

Package luatex.def Info: /home/henri/stuff/japanese/tuttle_kanji/radicals/Stroke
Orders_jpgs/187.jpg  used on input line 225.
(luatex.def)             Requested size: 48.36958pt x 48.36937pt.
</home/henri/stuff/japanese/tuttle_kanji/radicals/AozoraMincho_jpgs/188.jpg, id=
492, 302.12875pt x 303.1325pt>
File: /home/henri/stuff/japanese/tuttle_kanji/radicals/AozoraMincho_jpgs/188.jpg
 Graphic file (type jpg)
<use /home/henri/stuff/japanese/tuttle_kanji/radicals/AozoraMincho_jpgs/188.jpg>

Package luatex.def Info: /home/henri/stuff/japanese/tuttle_kanji/radicals/Aozora
Mincho_jpgs/188.jpg  used on input line 226.
(luatex.def)             Requested size: 48.36958pt x 48.52994pt.
</home/henri/stuff/japanese/tuttle_kanji/radicals/StrokeOrders_jpgs/188.jpg, id=
493, 331.2375pt x 331.2375pt>
File: /home/henri/stuff/japanese/tuttle_kanji/radicals/StrokeOrders_jpgs/188.jpg
 Graphic file (type jpg)
<use /home/henri/stuff/japanese/tuttle_kanji/radicals/StrokeOrders_jpgs/188.jpg>

Package luatex.def Info: /home/henri/stuff/japanese/tuttle_kanji/radicals/Stroke
Orders_jpgs/188.jpg  used on input line 226.
(luatex.def)             Requested size: 48.36958pt x 48.36937pt.
</home/henri/stuff/japanese/tuttle_kanji/radicals/AozoraMincho_jpgs/189.jpg, id=
494, 302.12875pt x 303.1325pt>
File: /home/henri/stuff/japanese/tuttle_kanji/radicals/AozoraMincho_jpgs/189.jpg
 Graphic file (type jpg)
<use /home/henri/stuff/japanese/tuttle_kanji/radicals/AozoraMincho_jpgs/189.jpg>

Package luatex.def Info: /home/henri/stuff/japanese/tuttle_kanji/radicals/Aozora
Mincho_jpgs/189.jpg  used on input line 227.
(luatex.def)             Requested size: 48.36958pt x 48.52994pt.
</home/henri/stuff/japanese/tuttle_kanji/radicals/StrokeOrders_jpgs/189.jpg, id=
495, 331.2375pt x 331.2375pt>
File: /home/henri/stuff/japanese/tuttle_kanji/radicals/StrokeOrders_jpgs/189.jpg
 Graphic file (type jpg)
<use /home/henri/stuff/japanese/tuttle_kanji/radicals/StrokeOrders_jpgs/189.jpg>

Package luatex.def Info: /home/henri/stuff/japanese/tuttle_kanji/radicals/Stroke
Orders_jpgs/189.jpg  used on input line 227.
(luatex.def)             Requested size: 48.36958pt x 48.36937pt.
</home/henri/stuff/japanese/tuttle_kanji/radicals/variations/189a.jpg, id=496, 3
02.12875pt x 303.1325pt>
File: /home/henri/stuff/japanese/tuttle_kanji/radicals/variations/189a.jpg Graph
ic file (type jpg)
<use /home/henri/stuff/japanese/tuttle_kanji/radicals/variations/189a.jpg>
Package luatex.def Info: /home/henri/stuff/japanese/tuttle_kanji/radicals/variat
ions/189a.jpg  used on input line 227.
(luatex.def)             Requested size: 48.36958pt x 48.52994pt.
</home/henri/stuff/japanese/tuttle_kanji/radicals/AozoraMincho_jpgs/190.jpg, id=
497, 302.12875pt x 303.1325pt>
File: /home/henri/stuff/japanese/tuttle_kanji/radicals/AozoraMincho_jpgs/190.jpg
 Graphic file (type jpg)
<use /home/henri/stuff/japanese/tuttle_kanji/radicals/AozoraMincho_jpgs/190.jpg>

Package luatex.def Info: /home/henri/stuff/japanese/tuttle_kanji/radicals/Aozora
Mincho_jpgs/190.jpg  used on input line 228.
(luatex.def)             Requested size: 48.36958pt x 48.52994pt.
</home/henri/stuff/japanese/tuttle_kanji/radicals/StrokeOrders_jpgs/190.jpg, id=
498, 331.2375pt x 331.2375pt>
File: /home/henri/stuff/japanese/tuttle_kanji/radicals/StrokeOrders_jpgs/190.jpg
 Graphic file (type jpg)
<use /home/henri/stuff/japanese/tuttle_kanji/radicals/StrokeOrders_jpgs/190.jpg>

Package luatex.def Info: /home/henri/stuff/japanese/tuttle_kanji/radicals/Stroke
Orders_jpgs/190.jpg  used on input line 228.
(luatex.def)             Requested size: 48.36958pt x 48.36937pt.

Overfull \hbox (10.79745pt too wide) in alignment at lines 209--229
 [][][][][][] 
 []

[12</home/henri/stuff/japanese/tuttle_kanji/radicals/AozoraMincho_jpgs/142.jpg><
/home/henri/stuff/japanese/tuttle_kanji/radicals/StrokeOrders_jpgs/142.jpg></hom
e/henri/stuff/japanese/tuttle_kanji/radicals/AozoraMincho_jpgs/143.jpg></home/he
nri/stuff/japanese/tuttle_kanji/radicals/StrokeOrders_jpgs/143.jpg></home/henri/
stuff/japanese/tuttle_kanji/radicals/AozoraMincho_jpgs/144.jpg></home/henri/stuf
f/japanese/tuttle_kanji/radicals/StrokeOrders_jpgs/144.jpg></home/henri/stuff/ja
panese/tuttle_kanji/radicals/AozoraMincho_jpgs/145.jpg></home/henri/stuff/japane
se/tuttle_kanji/radicals/StrokeOrders_jpgs/145.jpg></home/henri/stuff/japanese/t
uttle_kanji/radicals/variations/145a.jpg></home/henri/stuff/japanese/tuttle_kanj
i/radicals/AozoraMincho_jpgs/146.jpg></home/henri/stuff/japanese/tuttle_kanji/ra
dicals/StrokeOrders_jpgs/146.jpg></home/henri/stuff/japanese/tuttle_kanji/radica
ls/variations/146a.jpg></home/henri/stuff/japanese/tuttle_kanji/radicals/variati
ons/146b.jpg></home/henri/stuff/japanese/tuttle_kanji/radicals/AozoraMincho_jpgs
/147.jpg></home/henri/stuff/japanese/tuttle_kanji/radicals/StrokeOrders_jpgs/147
.jpg></home/henri/stuff/japanese/tuttle_kanji/radicals/AozoraMincho_jpgs/148.jpg
></home/henri/stuff/japanese/tuttle_kanji/radicals/StrokeOrders_jpgs/148.jpg></h
ome/henri/stuff/japanese/tuttle_kanji/radicals/AozoraMincho_jpgs/149.jpg></home/
henri/stuff/japanese/tuttle_kanji/radicals/StrokeOrders_jpgs/149.jpg></home/henr
i/stuff/japanese/tuttle_kanji/radicals/variations/149a.jpg></home/henri/stuff/ja
panese/tuttle_kanji/radicals/AozoraMincho_jpgs/150.jpg></home/henri/stuff/japane
se/tuttle_kanji/radicals/StrokeOrders_jpgs/150.jpg></home/henri/stuff/japanese/t
uttle_kanji/radicals/AozoraMincho_jpgs/151.jpg></home/henri/stuff/japanese/tuttl
e_kanji/radicals/StrokeOrders_jpgs/151.jpg></home/henri/stuff/japanese/tuttle_ka
nji/radicals/AozoraMincho_jpgs/152.jpg></home/henri/stuff/japanese/tuttle_kanji/
radicals/StrokeOrders_jpgs/152.jpg></home/henri/stuff/japanese/tuttle_kanji/radi
cals/AozoraMincho_jpgs/153.jpg></home/henri/stuff/japanese/tuttle_kanji/radicals
/StrokeOrders_jpgs/153.jpg></home/henri/stuff/japanese/tuttle_kanji/radicals/Aoz
oraMincho_jpgs/154.jpg></home/henri/stuff/japanese/tuttle_kanji/radicals/StrokeO
rders_jpgs/154.jpg>] [13</home/henri/stuff/japanese/tuttle_kanji/radicals/Aozora
Mincho_jpgs/155.jpg></home/henri/stuff/japanese/tuttle_kanji/radicals/StrokeOrde
rs_jpgs/155.jpg></home/henri/stuff/japanese/tuttle_kanji/radicals/AozoraMincho_j
pgs/156.jpg></home/henri/stuff/japanese/tuttle_kanji/radicals/StrokeOrders_jpgs/
156.jpg></home/henri/stuff/japanese/tuttle_kanji/radicals/variations/156a.jpg></
home/henri/stuff/japanese/tuttle_kanji/radicals/variations/156b.jpg></home/henri
/stuff/japanese/tuttle_kanji/radicals/AozoraMincho_jpgs/157.jpg></home/henri/stu
ff/japanese/tuttle_kanji/radicals/StrokeOrders_jpgs/157.jpg></home/henri/stuff/j
apanese/tuttle_kanji/radicals/variations/157a.jpg></home/henri/stuff/japanese/tu
ttle_kanji/radicals/AozoraMincho_jpgs/158.jpg></home/henri/stuff/japanese/tuttle
_kanji/radicals/StrokeOrders_jpgs/158.jpg></home/henri/stuff/japanese/tuttle_kan
ji/radicals/AozoraMincho_jpgs/159.jpg></home/henri/stuff/japanese/tuttle_kanji/r
adicals/StrokeOrders_jpgs/159.jpg></home/henri/stuff/japanese/tuttle_kanji/radic
als/AozoraMincho_jpgs/160.jpg></home/henri/stuff/japanese/tuttle_kanji/radicals/
StrokeOrders_jpgs/160.jpg></home/henri/stuff/japanese/tuttle_kanji/radicals/Aozo
raMincho_jpgs/161.jpg></home/henri/stuff/japanese/tuttle_kanji/radicals/StrokeOr
ders_jpgs/161.jpg></home/henri/stuff/japanese/tuttle_kanji/radicals/AozoraMincho
_jpgs/162.jpg></home/henri/stuff/japanese/tuttle_kanji/radicals/StrokeOrders_jpg
s/162.jpg></home/henri/stuff/japanese/tuttle_kanji/radicals/variations/162a.jpg>
</home/henri/stuff/japanese/tuttle_kanji/radicals/variations/162b.jpg></home/hen
ri/stuff/japanese/tuttle_kanji/radicals/AozoraMincho_jpgs/163.jpg></home/henri/s
tuff/japanese/tuttle_kanji/radicals/StrokeOrders_jpgs/163.jpg></home/henri/stuff
/japanese/tuttle_kanji/radicals/variations/163a.jpg></home/henri/stuff/japanese/
tuttle_kanji/radicals/AozoraMincho_jpgs/164.jpg></home/henri/stuff/japanese/tutt
le_kanji/radicals/StrokeOrders_jpgs/164.jpg></home/henri/stuff/japanese/tuttle_k
anji/radicals/AozoraMincho_jpgs/165.jpg></home/henri/stuff/japanese/tuttle_kanji
/radicals/StrokeOrders_jpgs/165.jpg></home/henri/stuff/japanese/tuttle_kanji/rad
icals/AozoraMincho_jpgs/166.jpg></home/henri/stuff/japanese/tuttle_kanji/radical
s/StrokeOrders_jpgs/166.jpg></home/henri/stuff/japanese/tuttle_kanji/radicals/Ao
zoraMincho_jpgs/167.jpg></home/henri/stuff/japanese/tuttle_kanji/radicals/Stroke
Orders_jpgs/167.jpg></home/henri/stuff/japanese/tuttle_kanji/radicals/variations
/167a.jpg>]
</home/henri/stuff/japanese/tuttle_kanji/radicals/AozoraMincho_jpgs/191.jpg, id=
505, 302.12875pt x 303.1325pt>
File: /home/henri/stuff/japanese/tuttle_kanji/radicals/AozoraMincho_jpgs/191.jpg
 Graphic file (type jpg)
<use /home/henri/stuff/japanese/tuttle_kanji/radicals/AozoraMincho_jpgs/191.jpg>

Package luatex.def Info: /home/henri/stuff/japanese/tuttle_kanji/radicals/Aozora
Mincho_jpgs/191.jpg  used on input line 229.
(luatex.def)             Requested size: 48.36958pt x 48.52994pt.
</home/henri/stuff/japanese/tuttle_kanji/radicals/StrokeOrders_jpgs/191.jpg, id=
506, 331.2375pt x 331.2375pt>
File: /home/henri/stuff/japanese/tuttle_kanji/radicals/StrokeOrders_jpgs/191.jpg
 Graphic file (type jpg)
<use /home/henri/stuff/japanese/tuttle_kanji/radicals/StrokeOrders_jpgs/191.jpg>

Package luatex.def Info: /home/henri/stuff/japanese/tuttle_kanji/radicals/Stroke
Orders_jpgs/191.jpg  used on input line 229.
(luatex.def)             Requested size: 48.36958pt x 48.36937pt.
</home/henri/stuff/japanese/tuttle_kanji/radicals/AozoraMincho_jpgs/192.jpg, id=
507, 302.12875pt x 303.1325pt>
File: /home/henri/stuff/japanese/tuttle_kanji/radicals/AozoraMincho_jpgs/192.jpg
 Graphic file (type jpg)
<use /home/henri/stuff/japanese/tuttle_kanji/radicals/AozoraMincho_jpgs/192.jpg>

Package luatex.def Info: /home/henri/stuff/japanese/tuttle_kanji/radicals/Aozora
Mincho_jpgs/192.jpg  used on input line 230.
(luatex.def)             Requested size: 48.36958pt x 48.52994pt.
</home/henri/stuff/japanese/tuttle_kanji/radicals/StrokeOrders_jpgs/192.jpg, id=
508, 331.2375pt x 331.2375pt>
File: /home/henri/stuff/japanese/tuttle_kanji/radicals/StrokeOrders_jpgs/192.jpg
 Graphic file (type jpg)
<use /home/henri/stuff/japanese/tuttle_kanji/radicals/StrokeOrders_jpgs/192.jpg>

Package luatex.def Info: /home/henri/stuff/japanese/tuttle_kanji/radicals/Stroke
Orders_jpgs/192.jpg  used on input line 230.
(luatex.def)             Requested size: 48.36958pt x 48.36937pt.
</home/henri/stuff/japanese/tuttle_kanji/radicals/AozoraMincho_jpgs/193.jpg, id=
509, 302.12875pt x 303.1325pt>
File: /home/henri/stuff/japanese/tuttle_kanji/radicals/AozoraMincho_jpgs/193.jpg
 Graphic file (type jpg)
<use /home/henri/stuff/japanese/tuttle_kanji/radicals/AozoraMincho_jpgs/193.jpg>

Package luatex.def Info: /home/henri/stuff/japanese/tuttle_kanji/radicals/Aozora
Mincho_jpgs/193.jpg  used on input line 231.
(luatex.def)             Requested size: 48.36958pt x 48.52994pt.
</home/henri/stuff/japanese/tuttle_kanji/radicals/StrokeOrders_jpgs/193.jpg, id=
510, 331.2375pt x 331.2375pt>
File: /home/henri/stuff/japanese/tuttle_kanji/radicals/StrokeOrders_jpgs/193.jpg
 Graphic file (type jpg)
<use /home/henri/stuff/japanese/tuttle_kanji/radicals/StrokeOrders_jpgs/193.jpg>

Package luatex.def Info: /home/henri/stuff/japanese/tuttle_kanji/radicals/Stroke
Orders_jpgs/193.jpg  used on input line 231.
(luatex.def)             Requested size: 48.36958pt x 48.36937pt.
</home/henri/stuff/japanese/tuttle_kanji/radicals/AozoraMincho_jpgs/194.jpg, id=
511, 302.12875pt x 303.1325pt>
File: /home/henri/stuff/japanese/tuttle_kanji/radicals/AozoraMincho_jpgs/194.jpg
 Graphic file (type jpg)
<use /home/henri/stuff/japanese/tuttle_kanji/radicals/AozoraMincho_jpgs/194.jpg>

Package luatex.def Info: /home/henri/stuff/japanese/tuttle_kanji/radicals/Aozora
Mincho_jpgs/194.jpg  used on input line 232.
(luatex.def)             Requested size: 48.36958pt x 48.52994pt.
</home/henri/stuff/japanese/tuttle_kanji/radicals/StrokeOrders_jpgs/194.jpg, id=
512, 331.2375pt x 331.2375pt>
File: /home/henri/stuff/japanese/tuttle_kanji/radicals/StrokeOrders_jpgs/194.jpg
 Graphic file (type jpg)
<use /home/henri/stuff/japanese/tuttle_kanji/radicals/StrokeOrders_jpgs/194.jpg>

Package luatex.def Info: /home/henri/stuff/japanese/tuttle_kanji/radicals/Stroke
Orders_jpgs/194.jpg  used on input line 232.
(luatex.def)             Requested size: 48.36958pt x 48.36937pt.
</home/henri/stuff/japanese/tuttle_kanji/radicals/AozoraMincho_jpgs/195.jpg, id=
513, 302.12875pt x 303.1325pt>
File: /home/henri/stuff/japanese/tuttle_kanji/radicals/AozoraMincho_jpgs/195.jpg
 Graphic file (type jpg)
<use /home/henri/stuff/japanese/tuttle_kanji/radicals/AozoraMincho_jpgs/195.jpg>

Package luatex.def Info: /home/henri/stuff/japanese/tuttle_kanji/radicals/Aozora
Mincho_jpgs/195.jpg  used on input line 234.
(luatex.def)             Requested size: 48.36958pt x 48.52994pt.
</home/henri/stuff/japanese/tuttle_kanji/radicals/StrokeOrders_jpgs/195.jpg, id=
514, 331.2375pt x 331.2375pt>
File: /home/henri/stuff/japanese/tuttle_kanji/radicals/StrokeOrders_jpgs/195.jpg
 Graphic file (type jpg)
<use /home/henri/stuff/japanese/tuttle_kanji/radicals/StrokeOrders_jpgs/195.jpg>

Package luatex.def Info: /home/henri/stuff/japanese/tuttle_kanji/radicals/Stroke
Orders_jpgs/195.jpg  used on input line 234.
(luatex.def)             Requested size: 48.36958pt x 48.36937pt.
</home/henri/stuff/japanese/tuttle_kanji/radicals/AozoraMincho_jpgs/196.jpg, id=
515, 302.12875pt x 303.1325pt>
File: /home/henri/stuff/japanese/tuttle_kanji/radicals/AozoraMincho_jpgs/196.jpg
 Graphic file (type jpg)
<use /home/henri/stuff/japanese/tuttle_kanji/radicals/AozoraMincho_jpgs/196.jpg>

Package luatex.def Info: /home/henri/stuff/japanese/tuttle_kanji/radicals/Aozora
Mincho_jpgs/196.jpg  used on input line 235.
(luatex.def)             Requested size: 48.36958pt x 48.52994pt.
</home/henri/stuff/japanese/tuttle_kanji/radicals/StrokeOrders_jpgs/196.jpg, id=
516, 331.2375pt x 331.2375pt>
File: /home/henri/stuff/japanese/tuttle_kanji/radicals/StrokeOrders_jpgs/196.jpg
 Graphic file (type jpg)
<use /home/henri/stuff/japanese/tuttle_kanji/radicals/StrokeOrders_jpgs/196.jpg>

Package luatex.def Info: /home/henri/stuff/japanese/tuttle_kanji/radicals/Stroke
Orders_jpgs/196.jpg  used on input line 235.
(luatex.def)             Requested size: 48.36958pt x 48.36937pt.
</home/henri/stuff/japanese/tuttle_kanji/radicals/AozoraMincho_jpgs/197.jpg, id=
517, 302.12875pt x 303.1325pt>
File: /home/henri/stuff/japanese/tuttle_kanji/radicals/AozoraMincho_jpgs/197.jpg
 Graphic file (type jpg)
<use /home/henri/stuff/japanese/tuttle_kanji/radicals/AozoraMincho_jpgs/197.jpg>

Package luatex.def Info: /home/henri/stuff/japanese/tuttle_kanji/radicals/Aozora
Mincho_jpgs/197.jpg  used on input line 236.
(luatex.def)             Requested size: 48.36958pt x 48.52994pt.
</home/henri/stuff/japanese/tuttle_kanji/radicals/StrokeOrders_jpgs/197.jpg, id=
518, 331.2375pt x 331.2375pt>
File: /home/henri/stuff/japanese/tuttle_kanji/radicals/StrokeOrders_jpgs/197.jpg
 Graphic file (type jpg)
<use /home/henri/stuff/japanese/tuttle_kanji/radicals/StrokeOrders_jpgs/197.jpg>

Package luatex.def Info: /home/henri/stuff/japanese/tuttle_kanji/radicals/Stroke
Orders_jpgs/197.jpg  used on input line 236.
(luatex.def)             Requested size: 48.36958pt x 48.36937pt.
</home/henri/stuff/japanese/tuttle_kanji/radicals/AozoraMincho_jpgs/198.jpg, id=
519, 302.12875pt x 303.1325pt>
File: /home/henri/stuff/japanese/tuttle_kanji/radicals/AozoraMincho_jpgs/198.jpg
 Graphic file (type jpg)
<use /home/henri/stuff/japanese/tuttle_kanji/radicals/AozoraMincho_jpgs/198.jpg>

Package luatex.def Info: /home/henri/stuff/japanese/tuttle_kanji/radicals/Aozora
Mincho_jpgs/198.jpg  used on input line 237.
(luatex.def)             Requested size: 48.36958pt x 48.52994pt.
</home/henri/stuff/japanese/tuttle_kanji/radicals/StrokeOrders_jpgs/198.jpg, id=
520, 331.2375pt x 331.2375pt>
File: /home/henri/stuff/japanese/tuttle_kanji/radicals/StrokeOrders_jpgs/198.jpg
 Graphic file (type jpg)
<use /home/henri/stuff/japanese/tuttle_kanji/radicals/StrokeOrders_jpgs/198.jpg>

Package luatex.def Info: /home/henri/stuff/japanese/tuttle_kanji/radicals/Stroke
Orders_jpgs/198.jpg  used on input line 237.
(luatex.def)             Requested size: 48.36958pt x 48.36937pt.
</home/henri/stuff/japanese/tuttle_kanji/radicals/AozoraMincho_jpgs/199.jpg, id=
521, 302.12875pt x 303.1325pt>
File: /home/henri/stuff/japanese/tuttle_kanji/radicals/AozoraMincho_jpgs/199.jpg
 Graphic file (type jpg)
<use /home/henri/stuff/japanese/tuttle_kanji/radicals/AozoraMincho_jpgs/199.jpg>

Package luatex.def Info: /home/henri/stuff/japanese/tuttle_kanji/radicals/Aozora
Mincho_jpgs/199.jpg  used on input line 238.
(luatex.def)             Requested size: 48.36958pt x 48.52994pt.
</home/henri/stuff/japanese/tuttle_kanji/radicals/StrokeOrders_jpgs/199.jpg, id=
522, 331.2375pt x 331.2375pt>
File: /home/henri/stuff/japanese/tuttle_kanji/radicals/StrokeOrders_jpgs/199.jpg
 Graphic file (type jpg)
<use /home/henri/stuff/japanese/tuttle_kanji/radicals/StrokeOrders_jpgs/199.jpg>

Package luatex.def Info: /home/henri/stuff/japanese/tuttle_kanji/radicals/Stroke
Orders_jpgs/199.jpg  used on input line 238.
(luatex.def)             Requested size: 48.36958pt x 48.36937pt.
</home/henri/stuff/japanese/tuttle_kanji/radicals/variations/199a.jpg, id=523, 3
31.2375pt x 331.2375pt>
File: /home/henri/stuff/japanese/tuttle_kanji/radicals/variations/199a.jpg Graph
ic file (type jpg)
<use /home/henri/stuff/japanese/tuttle_kanji/radicals/variations/199a.jpg>
Package luatex.def Info: /home/henri/stuff/japanese/tuttle_kanji/radicals/variat
ions/199a.jpg  used on input line 238.
(luatex.def)             Requested size: 48.36958pt x 48.36937pt.
</home/henri/stuff/japanese/tuttle_kanji/radicals/AozoraMincho_jpgs/200.jpg, id=
524, 302.12875pt x 303.1325pt>
File: /home/henri/stuff/japanese/tuttle_kanji/radicals/AozoraMincho_jpgs/200.jpg
 Graphic file (type jpg)
<use /home/henri/stuff/japanese/tuttle_kanji/radicals/AozoraMincho_jpgs/200.jpg>

Package luatex.def Info: /home/henri/stuff/japanese/tuttle_kanji/radicals/Aozora
Mincho_jpgs/200.jpg  used on input line 239.
(luatex.def)             Requested size: 48.36958pt x 48.52994pt.
</home/henri/stuff/japanese/tuttle_kanji/radicals/StrokeOrders_jpgs/200.jpg, id=
525, 331.2375pt x 331.2375pt>
File: /home/henri/stuff/japanese/tuttle_kanji/radicals/StrokeOrders_jpgs/200.jpg
 Graphic file (type jpg)
<use /home/henri/stuff/japanese/tuttle_kanji/radicals/StrokeOrders_jpgs/200.jpg>

Package luatex.def Info: /home/henri/stuff/japanese/tuttle_kanji/radicals/Stroke
Orders_jpgs/200.jpg  used on input line 239.
(luatex.def)             Requested size: 48.36958pt x 48.36937pt.
</home/henri/stuff/japanese/tuttle_kanji/radicals/AozoraMincho_jpgs/201.jpg, id=
526, 302.12875pt x 303.1325pt>
File: /home/henri/stuff/japanese/tuttle_kanji/radicals/AozoraMincho_jpgs/201.jpg
 Graphic file (type jpg)
<use /home/henri/stuff/japanese/tuttle_kanji/radicals/AozoraMincho_jpgs/201.jpg>

Package luatex.def Info: /home/henri/stuff/japanese/tuttle_kanji/radicals/Aozora
Mincho_jpgs/201.jpg  used on input line 241.
(luatex.def)             Requested size: 48.36958pt x 48.52994pt.
</home/henri/stuff/japanese/tuttle_kanji/radicals/StrokeOrders_jpgs/201.jpg, id=
527, 331.2375pt x 331.2375pt>
File: /home/henri/stuff/japanese/tuttle_kanji/radicals/StrokeOrders_jpgs/201.jpg
 Graphic file (type jpg)
<use /home/henri/stuff/japanese/tuttle_kanji/radicals/StrokeOrders_jpgs/201.jpg>

Package luatex.def Info: /home/henri/stuff/japanese/tuttle_kanji/radicals/Stroke
Orders_jpgs/201.jpg  used on input line 241.
(luatex.def)             Requested size: 48.36958pt x 48.36937pt.
</home/henri/stuff/japanese/tuttle_kanji/radicals/variations/201a.jpg, id=528, 3
31.2375pt x 331.2375pt>
File: /home/henri/stuff/japanese/tuttle_kanji/radicals/variations/201a.jpg Graph
ic file (type jpg)
<use /home/henri/stuff/japanese/tuttle_kanji/radicals/variations/201a.jpg>
Package luatex.def Info: /home/henri/stuff/japanese/tuttle_kanji/radicals/variat
ions/201a.jpg  used on input line 241.
(luatex.def)             Requested size: 48.36958pt x 48.36937pt.
</home/henri/stuff/japanese/tuttle_kanji/radicals/AozoraMincho_jpgs/202.jpg, id=
529, 302.12875pt x 303.1325pt>
File: /home/henri/stuff/japanese/tuttle_kanji/radicals/AozoraMincho_jpgs/202.jpg
 Graphic file (type jpg)
<use /home/henri/stuff/japanese/tuttle_kanji/radicals/AozoraMincho_jpgs/202.jpg>

Package luatex.def Info: /home/henri/stuff/japanese/tuttle_kanji/radicals/Aozora
Mincho_jpgs/202.jpg  used on input line 242.
(luatex.def)             Requested size: 48.36958pt x 48.52994pt.
</home/henri/stuff/japanese/tuttle_kanji/radicals/StrokeOrders_jpgs/202.jpg, id=
530, 331.2375pt x 331.2375pt>
File: /home/henri/stuff/japanese/tuttle_kanji/radicals/StrokeOrders_jpgs/202.jpg
 Graphic file (type jpg)
<use /home/henri/stuff/japanese/tuttle_kanji/radicals/StrokeOrders_jpgs/202.jpg>

Package luatex.def Info: /home/henri/stuff/japanese/tuttle_kanji/radicals/Stroke
Orders_jpgs/202.jpg  used on input line 242.
(luatex.def)             Requested size: 48.36958pt x 48.36937pt.
</home/henri/stuff/japanese/tuttle_kanji/radicals/AozoraMincho_jpgs/203.jpg, id=
531, 302.12875pt x 303.1325pt>
File: /home/henri/stuff/japanese/tuttle_kanji/radicals/AozoraMincho_jpgs/203.jpg
 Graphic file (type jpg)
<use /home/henri/stuff/japanese/tuttle_kanji/radicals/AozoraMincho_jpgs/203.jpg>

Package luatex.def Info: /home/henri/stuff/japanese/tuttle_kanji/radicals/Aozora
Mincho_jpgs/203.jpg  used on input line 243.
(luatex.def)             Requested size: 48.36958pt x 48.52994pt.
</home/henri/stuff/japanese/tuttle_kanji/radicals/StrokeOrders_jpgs/203.jpg, id=
532, 331.2375pt x 331.2375pt>
File: /home/henri/stuff/japanese/tuttle_kanji/radicals/StrokeOrders_jpgs/203.jpg
 Graphic file (type jpg)
<use /home/henri/stuff/japanese/tuttle_kanji/radicals/StrokeOrders_jpgs/203.jpg>

Package luatex.def Info: /home/henri/stuff/japanese/tuttle_kanji/radicals/Stroke
Orders_jpgs/203.jpg  used on input line 243.
(luatex.def)             Requested size: 48.36958pt x 48.36937pt.
</home/henri/stuff/japanese/tuttle_kanji/radicals/variations/203a.jpg, id=533, 3
31.2375pt x 331.2375pt>
File: /home/henri/stuff/japanese/tuttle_kanji/radicals/variations/203a.jpg Graph
ic file (type jpg)
<use /home/henri/stuff/japanese/tuttle_kanji/radicals/variations/203a.jpg>
Package luatex.def Info: /home/henri/stuff/japanese/tuttle_kanji/radicals/variat
ions/203a.jpg  used on input line 244.
(luatex.def)             Requested size: 48.36958pt x 48.36937pt.
</home/henri/stuff/japanese/tuttle_kanji/radicals/AozoraMincho_jpgs/204.jpg, id=
534, 302.12875pt x 303.1325pt>
File: /home/henri/stuff/japanese/tuttle_kanji/radicals/AozoraMincho_jpgs/204.jpg
 Graphic file (type jpg)
<use /home/henri/stuff/japanese/tuttle_kanji/radicals/AozoraMincho_jpgs/204.jpg>

Package luatex.def Info: /home/henri/stuff/japanese/tuttle_kanji/radicals/Aozora
Mincho_jpgs/204.jpg  used on input line 245.
(luatex.def)             Requested size: 48.36958pt x 48.52994pt.
</home/henri/stuff/japanese/tuttle_kanji/radicals/StrokeOrders_jpgs/204.jpg, id=
535, 331.2375pt x 331.2375pt>
File: /home/henri/stuff/japanese/tuttle_kanji/radicals/StrokeOrders_jpgs/204.jpg
 Graphic file (type jpg)
<use /home/henri/stuff/japanese/tuttle_kanji/radicals/StrokeOrders_jpgs/204.jpg>

Package luatex.def Info: /home/henri/stuff/japanese/tuttle_kanji/radicals/Stroke
Orders_jpgs/204.jpg  used on input line 245.
(luatex.def)             Requested size: 48.36958pt x 48.36937pt.
</home/henri/stuff/japanese/tuttle_kanji/radicals/AozoraMincho_jpgs/205.jpg, id=
536, 302.12875pt x 303.1325pt>
File: /home/henri/stuff/japanese/tuttle_kanji/radicals/AozoraMincho_jpgs/205.jpg
 Graphic file (type jpg)
<use /home/henri/stuff/japanese/tuttle_kanji/radicals/AozoraMincho_jpgs/205.jpg>

Package luatex.def Info: /home/henri/stuff/japanese/tuttle_kanji/radicals/Aozora
Mincho_jpgs/205.jpg  used on input line 247.
(luatex.def)             Requested size: 48.36958pt x 48.52994pt.
</home/henri/stuff/japanese/tuttle_kanji/radicals/StrokeOrders_jpgs/205.jpg, id=
537, 331.2375pt x 331.2375pt>
File: /home/henri/stuff/japanese/tuttle_kanji/radicals/StrokeOrders_jpgs/205.jpg
 Graphic file (type jpg)
<use /home/henri/stuff/japanese/tuttle_kanji/radicals/StrokeOrders_jpgs/205.jpg>

Package luatex.def Info: /home/henri/stuff/japanese/tuttle_kanji/radicals/Stroke
Orders_jpgs/205.jpg  used on input line 247.
(luatex.def)             Requested size: 48.36958pt x 48.36937pt.
</home/henri/stuff/japanese/tuttle_kanji/radicals/AozoraMincho_jpgs/206.jpg, id=
538, 302.12875pt x 303.1325pt>
File: /home/henri/stuff/japanese/tuttle_kanji/radicals/AozoraMincho_jpgs/206.jpg
 Graphic file (type jpg)
<use /home/henri/stuff/japanese/tuttle_kanji/radicals/AozoraMincho_jpgs/206.jpg>

Package luatex.def Info: /home/henri/stuff/japanese/tuttle_kanji/radicals/Aozora
Mincho_jpgs/206.jpg  used on input line 248.
(luatex.def)             Requested size: 48.36958pt x 48.52994pt.
</home/henri/stuff/japanese/tuttle_kanji/radicals/StrokeOrders_jpgs/206.jpg, id=
539, 331.2375pt x 331.2375pt>
File: /home/henri/stuff/japanese/tuttle_kanji/radicals/StrokeOrders_jpgs/206.jpg
 Graphic file (type jpg)
<use /home/henri/stuff/japanese/tuttle_kanji/radicals/StrokeOrders_jpgs/206.jpg>

Package luatex.def Info: /home/henri/stuff/japanese/tuttle_kanji/radicals/Stroke
Orders_jpgs/206.jpg  used on input line 248.
(luatex.def)             Requested size: 48.36958pt x 48.36937pt.
</home/henri/stuff/japanese/tuttle_kanji/radicals/AozoraMincho_jpgs/207.jpg, id=
540, 302.12875pt x 303.1325pt>
File: /home/henri/stuff/japanese/tuttle_kanji/radicals/AozoraMincho_jpgs/207.jpg
 Graphic file (type jpg)
<use /home/henri/stuff/japanese/tuttle_kanji/radicals/AozoraMincho_jpgs/207.jpg>

Package luatex.def Info: /home/henri/stuff/japanese/tuttle_kanji/radicals/Aozora
Mincho_jpgs/207.jpg  used on input line 249.
(luatex.def)             Requested size: 48.36958pt x 48.52994pt.
</home/henri/stuff/japanese/tuttle_kanji/radicals/StrokeOrders_jpgs/207.jpg, id=
541, 331.2375pt x 331.2375pt>
File: /home/henri/stuff/japanese/tuttle_kanji/radicals/StrokeOrders_jpgs/207.jpg
 Graphic file (type jpg)
<use /home/henri/stuff/japanese/tuttle_kanji/radicals/StrokeOrders_jpgs/207.jpg>

Package luatex.def Info: /home/henri/stuff/japanese/tuttle_kanji/radicals/Stroke
Orders_jpgs/207.jpg  used on input line 249.
(luatex.def)             Requested size: 48.36958pt x 48.36937pt.

Overfull \hbox (10.79745pt too wide) in alignment at lines 229--250
 [][][][][][] 
 []

[14</home/henri/stuff/japanese/tuttle_kanji/radicals/AozoraMincho_jpgs/168.jpg><
/home/henri/stuff/japanese/tuttle_kanji/radicals/StrokeOrders_jpgs/168.jpg></hom
e/henri/stuff/japanese/tuttle_kanji/radicals/variations/168a.jpg></home/henri/st
uff/japanese/tuttle_kanji/radicals/AozoraMincho_jpgs/169.jpg></home/henri/stuff/
japanese/tuttle_kanji/radicals/StrokeOrders_jpgs/169.jpg></home/henri/stuff/japa
nese/tuttle_kanji/radicals/AozoraMincho_jpgs/170.jpg></home/henri/stuff/japanese
/tuttle_kanji/radicals/StrokeOrders_jpgs/170.jpg></home/henri/stuff/japanese/tut
tle_kanji/radicals/variations/170a.jpg></home/henri/stuff/japanese/tuttle_kanji/
radicals/AozoraMincho_jpgs/171.jpg></home/henri/stuff/japanese/tuttle_kanji/radi
cals/StrokeOrders_jpgs/171.jpg></home/henri/stuff/japanese/tuttle_kanji/radicals
/AozoraMincho_jpgs/172.jpg></home/henri/stuff/japanese/tuttle_kanji/radicals/Str
okeOrders_jpgs/172.jpg></home/henri/stuff/japanese/tuttle_kanji/radicals/AozoraM
incho_jpgs/173.jpg></home/henri/stuff/japanese/tuttle_kanji/radicals/StrokeOrder
s_jpgs/173.jpg></home/henri/stuff/japanese/tuttle_kanji/radicals/variations/173a
.jpg></home/henri/stuff/japanese/tuttle_kanji/radicals/AozoraMincho_jpgs/174.jpg
></home/henri/stuff/japanese/tuttle_kanji/radicals/StrokeOrders_jpgs/174.jpg></h
ome/henri/stuff/japanese/tuttle_kanji/radicals/variations/174a.jpg></home/henri/
stuff/japanese/tuttle_kanji/radicals/AozoraMincho_jpgs/175.jpg></home/henri/stuf
f/japanese/tuttle_kanji/radicals/StrokeOrders_jpgs/175.jpg></home/henri/stuff/ja
panese/tuttle_kanji/radicals/AozoraMincho_jpgs/176.jpg></home/henri/stuff/japane
se/tuttle_kanji/radicals/StrokeOrders_jpgs/176.jpg></home/henri/stuff/japanese/t
uttle_kanji/radicals/variations/176a.jpg></home/henri/stuff/japanese/tuttle_kanj
i/radicals/AozoraMincho_jpgs/177.jpg></home/henri/stuff/japanese/tuttle_kanji/ra
dicals/StrokeOrders_jpgs/177.jpg></home/henri/stuff/japanese/tuttle_kanji/radica
ls/AozoraMincho_jpgs/178.jpg></home/henri/stuff/japanese/tuttle_kanji/radicals/S
trokeOrders_jpgs/178.jpg></home/henri/stuff/japanese/tuttle_kanji/radicals/Aozor
aMincho_jpgs/179.jpg></home/henri/stuff/japanese/tuttle_kanji/radicals/StrokeOrd
ers_jpgs/179.jpg></home/henri/stuff/japanese/tuttle_kanji/radicals/AozoraMincho_
jpgs/180.jpg></home/henri/stuff/japanese/tuttle_kanji/radicals/StrokeOrders_jpgs
/180.jpg>]
</home/henri/stuff/japanese/tuttle_kanji/radicals/AozoraMincho_jpgs/208.jpg, id=
545, 302.12875pt x 303.1325pt>
File: /home/henri/stuff/japanese/tuttle_kanji/radicals/AozoraMincho_jpgs/208.jpg
 Graphic file (type jpg)
<use /home/henri/stuff/japanese/tuttle_kanji/radicals/AozoraMincho_jpgs/208.jpg>

Package luatex.def Info: /home/henri/stuff/japanese/tuttle_kanji/radicals/Aozora
Mincho_jpgs/208.jpg  used on input line 250.
(luatex.def)             Requested size: 48.36958pt x 48.52994pt.
</home/henri/stuff/japanese/tuttle_kanji/radicals/StrokeOrders_jpgs/208.jpg, id=
546, 331.2375pt x 331.2375pt>
File: /home/henri/stuff/japanese/tuttle_kanji/radicals/StrokeOrders_jpgs/208.jpg
 Graphic file (type jpg)
<use /home/henri/stuff/japanese/tuttle_kanji/radicals/StrokeOrders_jpgs/208.jpg>

Package luatex.def Info: /home/henri/stuff/japanese/tuttle_kanji/radicals/Stroke
Orders_jpgs/208.jpg  used on input line 250.
(luatex.def)             Requested size: 48.36958pt x 48.36937pt.
</home/henri/stuff/japanese/tuttle_kanji/radicals/AozoraMincho_jpgs/209.jpg, id=
547, 302.12875pt x 303.1325pt>
File: /home/henri/stuff/japanese/tuttle_kanji/radicals/AozoraMincho_jpgs/209.jpg
 Graphic file (type jpg)
<use /home/henri/stuff/japanese/tuttle_kanji/radicals/AozoraMincho_jpgs/209.jpg>

Package luatex.def Info: /home/henri/stuff/japanese/tuttle_kanji/radicals/Aozora
Mincho_jpgs/209.jpg  used on input line 252.
(luatex.def)             Requested size: 48.36958pt x 48.52994pt.
</home/henri/stuff/japanese/tuttle_kanji/radicals/StrokeOrders_jpgs/209.jpg, id=
548, 331.2375pt x 331.2375pt>
File: /home/henri/stuff/japanese/tuttle_kanji/radicals/StrokeOrders_jpgs/209.jpg
 Graphic file (type jpg)
<use /home/henri/stuff/japanese/tuttle_kanji/radicals/StrokeOrders_jpgs/209.jpg>

Package luatex.def Info: /home/henri/stuff/japanese/tuttle_kanji/radicals/Stroke
Orders_jpgs/209.jpg  used on input line 252.
(luatex.def)             Requested size: 48.36958pt x 48.36937pt.
</home/henri/stuff/japanese/tuttle_kanji/radicals/AozoraMincho_jpgs/210.jpg, id=
549, 302.12875pt x 303.1325pt>
File: /home/henri/stuff/japanese/tuttle_kanji/radicals/AozoraMincho_jpgs/210.jpg
 Graphic file (type jpg)
<use /home/henri/stuff/japanese/tuttle_kanji/radicals/AozoraMincho_jpgs/210.jpg>

Package luatex.def Info: /home/henri/stuff/japanese/tuttle_kanji/radicals/Aozora
Mincho_jpgs/210.jpg  used on input line 253.
(luatex.def)             Requested size: 48.36958pt x 48.52994pt.
</home/henri/stuff/japanese/tuttle_kanji/radicals/StrokeOrders_jpgs/210.jpg, id=
550, 331.2375pt x 331.2375pt>
File: /home/henri/stuff/japanese/tuttle_kanji/radicals/StrokeOrders_jpgs/210.jpg
 Graphic file (type jpg)
<use /home/henri/stuff/japanese/tuttle_kanji/radicals/StrokeOrders_jpgs/210.jpg>

Package luatex.def Info: /home/henri/stuff/japanese/tuttle_kanji/radicals/Stroke
Orders_jpgs/210.jpg  used on input line 253.
(luatex.def)             Requested size: 48.36958pt x 48.36937pt.
</home/henri/stuff/japanese/tuttle_kanji/radicals/variations/210a.jpg, id=551, 3
31.2375pt x 331.2375pt>
File: /home/henri/stuff/japanese/tuttle_kanji/radicals/variations/210a.jpg Graph
ic file (type jpg)
<use /home/henri/stuff/japanese/tuttle_kanji/radicals/variations/210a.jpg>
Package luatex.def Info: /home/henri/stuff/japanese/tuttle_kanji/radicals/variat
ions/210a.jpg  used on input line 253.
(luatex.def)             Requested size: 48.36958pt x 48.36937pt.
</home/henri/stuff/japanese/tuttle_kanji/radicals/AozoraMincho_jpgs/211.jpg, id=
552, 302.12875pt x 303.1325pt>
File: /home/henri/stuff/japanese/tuttle_kanji/radicals/AozoraMincho_jpgs/211.jpg
 Graphic file (type jpg)
<use /home/henri/stuff/japanese/tuttle_kanji/radicals/AozoraMincho_jpgs/211.jpg>

Package luatex.def Info: /home/henri/stuff/japanese/tuttle_kanji/radicals/Aozora
Mincho_jpgs/211.jpg  used on input line 255.
(luatex.def)             Requested size: 48.36958pt x 48.52994pt.
</home/henri/stuff/japanese/tuttle_kanji/radicals/StrokeOrders_jpgs/211.jpg, id=
553, 331.2375pt x 331.2375pt>
File: /home/henri/stuff/japanese/tuttle_kanji/radicals/StrokeOrders_jpgs/211.jpg
 Graphic file (type jpg)
<use /home/henri/stuff/japanese/tuttle_kanji/radicals/StrokeOrders_jpgs/211.jpg>

Package luatex.def Info: /home/henri/stuff/japanese/tuttle_kanji/radicals/Stroke
Orders_jpgs/211.jpg  used on input line 255.
(luatex.def)             Requested size: 48.36958pt x 48.36937pt.
</home/henri/stuff/japanese/tuttle_kanji/radicals/variations/211a.jpg, id=554, 3
31.2375pt x 331.2375pt>
File: /home/henri/stuff/japanese/tuttle_kanji/radicals/variations/211a.jpg Graph
ic file (type jpg)
<use /home/henri/stuff/japanese/tuttle_kanji/radicals/variations/211a.jpg>
Package luatex.def Info: /home/henri/stuff/japanese/tuttle_kanji/radicals/variat
ions/211a.jpg  used on input line 255.
(luatex.def)             Requested size: 48.36958pt x 48.36937pt.
</home/henri/stuff/japanese/tuttle_kanji/radicals/AozoraMincho_jpgs/212.jpg, id=
555, 302.12875pt x 303.1325pt>
File: /home/henri/stuff/japanese/tuttle_kanji/radicals/AozoraMincho_jpgs/212.jpg
 Graphic file (type jpg)
<use /home/henri/stuff/japanese/tuttle_kanji/radicals/AozoraMincho_jpgs/212.jpg>

Package luatex.def Info: /home/henri/stuff/japanese/tuttle_kanji/radicals/Aozora
Mincho_jpgs/212.jpg  used on input line 257.
(luatex.def)             Requested size: 48.36958pt x 48.52994pt.
</home/henri/stuff/japanese/tuttle_kanji/radicals/StrokeOrders_jpgs/212.jpg, id=
556, 331.2375pt x 331.2375pt>
File: /home/henri/stuff/japanese/tuttle_kanji/radicals/StrokeOrders_jpgs/212.jpg
 Graphic file (type jpg)
<use /home/henri/stuff/japanese/tuttle_kanji/radicals/StrokeOrders_jpgs/212.jpg>

Package luatex.def Info: /home/henri/stuff/japanese/tuttle_kanji/radicals/Stroke
Orders_jpgs/212.jpg  used on input line 257.
(luatex.def)             Requested size: 48.36958pt x 48.36937pt.
</home/henri/stuff/japanese/tuttle_kanji/radicals/variations/212a.jpg, id=557, 3
31.2375pt x 331.2375pt>
File: /home/henri/stuff/japanese/tuttle_kanji/radicals/variations/212a.jpg Graph
ic file (type jpg)
<use /home/henri/stuff/japanese/tuttle_kanji/radicals/variations/212a.jpg>
Package luatex.def Info: /home/henri/stuff/japanese/tuttle_kanji/radicals/variat
ions/212a.jpg  used on input line 257.
(luatex.def)             Requested size: 48.36958pt x 48.36937pt.
</home/henri/stuff/japanese/tuttle_kanji/radicals/AozoraMincho_jpgs/213.jpg, id=
558, 302.12875pt x 303.1325pt>
File: /home/henri/stuff/japanese/tuttle_kanji/radicals/AozoraMincho_jpgs/213.jpg
 Graphic file (type jpg)
<use /home/henri/stuff/japanese/tuttle_kanji/radicals/AozoraMincho_jpgs/213.jpg>

Package luatex.def Info: /home/henri/stuff/japanese/tuttle_kanji/radicals/Aozora
Mincho_jpgs/213.jpg  used on input line 258.
(luatex.def)             Requested size: 48.36958pt x 48.52994pt.
</home/henri/stuff/japanese/tuttle_kanji/radicals/StrokeOrders_jpgs/213.jpg, id=
559, 331.2375pt x 331.2375pt>
File: /home/henri/stuff/japanese/tuttle_kanji/radicals/StrokeOrders_jpgs/213.jpg
 Graphic file (type jpg)
<use /home/henri/stuff/japanese/tuttle_kanji/radicals/StrokeOrders_jpgs/213.jpg>

Package luatex.def Info: /home/henri/stuff/japanese/tuttle_kanji/radicals/Stroke
Orders_jpgs/213.jpg  used on input line 258.
(luatex.def)             Requested size: 48.36958pt x 48.36937pt.
</home/henri/stuff/japanese/tuttle_kanji/radicals/variations/213a.jpg, id=560, 3
31.2375pt x 331.2375pt>
File: /home/henri/stuff/japanese/tuttle_kanji/radicals/variations/213a.jpg Graph
ic file (type jpg)
<use /home/henri/stuff/japanese/tuttle_kanji/radicals/variations/213a.jpg>
Package luatex.def Info: /home/henri/stuff/japanese/tuttle_kanji/radicals/variat
ions/213a.jpg  used on input line 258.
(luatex.def)             Requested size: 48.36958pt x 48.36937pt.
</home/henri/stuff/japanese/tuttle_kanji/radicals/AozoraMincho_jpgs/214.jpg, id=
561, 302.12875pt x 303.1325pt>
File: /home/henri/stuff/japanese/tuttle_kanji/radicals/AozoraMincho_jpgs/214.jpg
 Graphic file (type jpg)
<use /home/henri/stuff/japanese/tuttle_kanji/radicals/AozoraMincho_jpgs/214.jpg>

Package luatex.def Info: /home/henri/stuff/japanese/tuttle_kanji/radicals/Aozora
Mincho_jpgs/214.jpg  used on input line 260.
(luatex.def)             Requested size: 48.36958pt x 48.52994pt.
</home/henri/stuff/japanese/tuttle_kanji/radicals/StrokeOrders_jpgs/214.jpg, id=
562, 331.2375pt x 331.2375pt>
File: /home/henri/stuff/japanese/tuttle_kanji/radicals/StrokeOrders_jpgs/214.jpg
 Graphic file (type jpg)
<use /home/henri/stuff/japanese/tuttle_kanji/radicals/StrokeOrders_jpgs/214.jpg>

Package luatex.def Info: /home/henri/stuff/japanese/tuttle_kanji/radicals/Stroke
Orders_jpgs/214.jpg  used on input line 260.
(luatex.def)             Requested size: 48.36958pt x 48.36937pt.

Overfull \hbox (10.79745pt too wide) in alignment at lines 250--261
 [][][][][][] 
 []

[15</home/henri/stuff/japanese/tuttle_kanji/radicals/AozoraMincho_jpgs/181.jpg><
/home/henri/stuff/japanese/tuttle_kanji/radicals/StrokeOrders_jpgs/181.jpg></hom
e/henri/stuff/japanese/tuttle_kanji/radicals/AozoraMincho_jpgs/182.jpg></home/he
nri/stuff/japanese/tuttle_kanji/radicals/StrokeOrders_jpgs/182.jpg></home/henri/
stuff/japanese/tuttle_kanji/radicals/variations/182a.jpg></home/henri/stuff/japa
nese/tuttle_kanji/radicals/AozoraMincho_jpgs/183.jpg></home/henri/stuff/japanese
/tuttle_kanji/radicals/StrokeOrders_jpgs/183.jpg></home/henri/stuff/japanese/tut
tle_kanji/radicals/AozoraMincho_jpgs/184.jpg></home/henri/stuff/japanese/tuttle_
kanji/radicals/StrokeOrders_jpgs/184.jpg></home/henri/stuff/japanese/tuttle_kanj
i/radicals/variations/184a.jpg></home/henri/stuff/japanese/tuttle_kanji/radicals
/variations/184b.jpg></home/henri/stuff/japanese/tuttle_kanji/radicals/AozoraMin
cho_jpgs/185.jpg></home/henri/stuff/japanese/tuttle_kanji/radicals/StrokeOrders_
jpgs/185.jpg></home/henri/stuff/japanese/tuttle_kanji/radicals/AozoraMincho_jpgs
/186.jpg></home/henri/stuff/japanese/tuttle_kanji/radicals/StrokeOrders_jpgs/186
.jpg></home/henri/stuff/japanese/tuttle_kanji/radicals/AozoraMincho_jpgs/187.jpg
></home/henri/stuff/japanese/tuttle_kanji/radicals/StrokeOrders_jpgs/187.jpg></h
ome/henri/stuff/japanese/tuttle_kanji/radicals/AozoraMincho_jpgs/188.jpg></home/
henri/stuff/japanese/tuttle_kanji/radicals/StrokeOrders_jpgs/188.jpg></home/henr
i/stuff/japanese/tuttle_kanji/radicals/AozoraMincho_jpgs/189.jpg></home/henri/st
uff/japanese/tuttle_kanji/radicals/StrokeOrders_jpgs/189.jpg></home/henri/stuff/
japanese/tuttle_kanji/radicals/variations/189a.jpg></home/henri/stuff/japanese/t
uttle_kanji/radicals/AozoraMincho_jpgs/190.jpg></home/henri/stuff/japanese/tuttl
e_kanji/radicals/StrokeOrders_jpgs/190.jpg></home/henri/stuff/japanese/tuttle_ka
nji/radicals/AozoraMincho_jpgs/191.jpg></home/henri/stuff/japanese/tuttle_kanji/
radicals/StrokeOrders_jpgs/191.jpg></home/henri/stuff/japanese/tuttle_kanji/radi
cals/AozoraMincho_jpgs/192.jpg></home/henri/stuff/japanese/tuttle_kanji/radicals
/StrokeOrders_jpgs/192.jpg></home/henri/stuff/japanese/tuttle_kanji/radicals/Aoz
oraMincho_jpgs/193.jpg></home/henri/stuff/japanese/tuttle_kanji/radicals/StrokeO
rders_jpgs/193.jpg>] [16</home/henri/stuff/japanese/tuttle_kanji/radicals/Aozora
Mincho_jpgs/194.jpg></home/henri/stuff/japanese/tuttle_kanji/radicals/StrokeOrde
rs_jpgs/194.jpg></home/henri/stuff/japanese/tuttle_kanji/radicals/AozoraMincho_j
pgs/195.jpg></home/henri/stuff/japanese/tuttle_kanji/radicals/StrokeOrders_jpgs/
195.jpg></home/henri/stuff/japanese/tuttle_kanji/radicals/AozoraMincho_jpgs/196.
jpg></home/henri/stuff/japanese/tuttle_kanji/radicals/StrokeOrders_jpgs/196.jpg>
</home/henri/stuff/japanese/tuttle_kanji/radicals/AozoraMincho_jpgs/197.jpg></ho
me/henri/stuff/japanese/tuttle_kanji/radicals/StrokeOrders_jpgs/197.jpg></home/h
enri/stuff/japanese/tuttle_kanji/radicals/AozoraMincho_jpgs/198.jpg></home/henri
/stuff/japanese/tuttle_kanji/radicals/StrokeOrders_jpgs/198.jpg></home/henri/stu
ff/japanese/tuttle_kanji/radicals/AozoraMincho_jpgs/199.jpg></home/henri/stuff/j
apanese/tuttle_kanji/radicals/StrokeOrders_jpgs/199.jpg></home/henri/stuff/japan
ese/tuttle_kanji/radicals/variations/199a.jpg></home/henri/stuff/japanese/tuttle
_kanji/radicals/AozoraMincho_jpgs/200.jpg></home/henri/stuff/japanese/tuttle_kan
ji/radicals/StrokeOrders_jpgs/200.jpg></home/henri/stuff/japanese/tuttle_kanji/r
adicals/AozoraMincho_jpgs/201.jpg></home/henri/stuff/japanese/tuttle_kanji/radic
als/StrokeOrders_jpgs/201.jpg></home/henri/stuff/japanese/tuttle_kanji/radicals/
variations/201a.jpg></home/henri/stuff/japanese/tuttle_kanji/radicals/AozoraMinc
ho_jpgs/202.jpg></home/henri/stuff/japanese/tuttle_kanji/radicals/StrokeOrders_j
pgs/202.jpg></home/henri/stuff/japanese/tuttle_kanji/radicals/AozoraMincho_jpgs/
203.jpg></home/henri/stuff/japanese/tuttle_kanji/radicals/StrokeOrders_jpgs/203.
jpg></home/henri/stuff/japanese/tuttle_kanji/radicals/variations/203a.jpg></home
/henri/stuff/japanese/tuttle_kanji/radicals/AozoraMincho_jpgs/204.jpg></home/hen
ri/stuff/japanese/tuttle_kanji/radicals/StrokeOrders_jpgs/204.jpg></home/henri/s
tuff/japanese/tuttle_kanji/radicals/AozoraMincho_jpgs/205.jpg></home/henri/stuff
/japanese/tuttle_kanji/radicals/StrokeOrders_jpgs/205.jpg>] [17</home/henri/stuf
f/japanese/tuttle_kanji/radicals/AozoraMincho_jpgs/206.jpg></home/henri/stuff/ja
panese/tuttle_kanji/radicals/StrokeOrders_jpgs/206.jpg></home/henri/stuff/japane
se/tuttle_kanji/radicals/AozoraMincho_jpgs/207.jpg></home/henri/stuff/japanese/t
uttle_kanji/radicals/StrokeOrders_jpgs/207.jpg></home/henri/stuff/japanese/tuttl
e_kanji/radicals/AozoraMincho_jpgs/208.jpg></home/henri/stuff/japanese/tuttle_ka
nji/radicals/StrokeOrders_jpgs/208.jpg></home/henri/stuff/japanese/tuttle_kanji/
radicals/AozoraMincho_jpgs/209.jpg></home/henri/stuff/japanese/tuttle_kanji/radi
cals/StrokeOrders_jpgs/209.jpg></home/henri/stuff/japanese/tuttle_kanji/radicals
/AozoraMincho_jpgs/210.jpg></home/henri/stuff/japanese/tuttle_kanji/radicals/Str
okeOrders_jpgs/210.jpg></home/henri/stuff/japanese/tuttle_kanji/radicals/variati
ons/210a.jpg></home/henri/stuff/japanese/tuttle_kanji/radicals/AozoraMincho_jpgs
/211.jpg></home/henri/stuff/japanese/tuttle_kanji/radicals/StrokeOrders_jpgs/211
.jpg></home/henri/stuff/japanese/tuttle_kanji/radicals/variations/211a.jpg></hom
e/henri/stuff/japanese/tuttle_kanji/radicals/AozoraMincho_jpgs/212.jpg></home/he
nri/stuff/japanese/tuttle_kanji/radicals/StrokeOrders_jpgs/212.jpg></home/henri/
stuff/japanese/tuttle_kanji/radicals/variations/212a.jpg></home/henri/stuff/japa
nese/tuttle_kanji/radicals/AozoraMincho_jpgs/213.jpg></home/henri/stuff/japanese
/tuttle_kanji/radicals/StrokeOrders_jpgs/213.jpg></home/henri/stuff/japanese/tut
tle_kanji/radicals/variations/213a.jpg></home/henri/stuff/japanese/tuttle_kanji/
radicals/AozoraMincho_jpgs/214.jpg></home/henri/stuff/japanese/tuttle_kanji/radi
cals/StrokeOrders_jpgs/214.jpg>]
Overfull \hbox (2.8538pt too wide) in paragraph at lines 270--270
[]|[]|  
 []

</home/henri/stuff/japanese/tuttle_kanji/radicals/standalone/01.jpg, id=572, 262
.9825pt x 303.1325pt>
File: /home/henri/stuff/japanese/tuttle_kanji/radicals/standalone/01.jpg Graphic
 file (type jpg)
<use /home/henri/stuff/japanese/tuttle_kanji/radicals/standalone/01.jpg>
Package luatex.def Info: /home/henri/stuff/japanese/tuttle_kanji/radicals/standa
lone/01.jpg  used on input line 272.
(luatex.def)             Requested size: 48.36958pt x 55.75023pt.
</home/henri/stuff/japanese/tuttle_kanji/radicals/standalone/01s.jpg, id=573, 33
1.2375pt x 331.2375pt>
File: /home/henri/stuff/japanese/tuttle_kanji/radicals/standalone/01s.jpg Graphi
c file (type jpg)
<use /home/henri/stuff/japanese/tuttle_kanji/radicals/standalone/01s.jpg>
Package luatex.def Info: /home/henri/stuff/japanese/tuttle_kanji/radicals/standa
lone/01s.jpg  used on input line 272.
(luatex.def)             Requested size: 48.36958pt x 48.36937pt.
</home/henri/stuff/japanese/tuttle_kanji/radicals/standalone/02.jpg, id=574, 281
.05pt x 303.1325pt>
File: /home/henri/stuff/japanese/tuttle_kanji/radicals/standalone/02.jpg Graphic
 file (type jpg)
<use /home/henri/stuff/japanese/tuttle_kanji/radicals/standalone/02.jpg>
Package luatex.def Info: /home/henri/stuff/japanese/tuttle_kanji/radicals/standa
lone/02.jpg  used on input line 273.
(luatex.def)             Requested size: 48.36958pt x 52.17015pt.
</home/henri/stuff/japanese/tuttle_kanji/radicals/standalone/02s.jpg, id=575, 33
1.2375pt x 331.2375pt>
File: /home/henri/stuff/japanese/tuttle_kanji/radicals/standalone/02s.jpg Graphi
c file (type jpg)
<use /home/henri/stuff/japanese/tuttle_kanji/radicals/standalone/02s.jpg>
Package luatex.def Info: /home/henri/stuff/japanese/tuttle_kanji/radicals/standa
lone/02s.jpg  used on input line 273.
(luatex.def)             Requested size: 48.36958pt x 48.36937pt.
</home/henri/stuff/japanese/tuttle_kanji/radicals/standalone/03.jpg, id=576, 302
.12875pt x 303.1325pt>
File: /home/henri/stuff/japanese/tuttle_kanji/radicals/standalone/03.jpg Graphic
 file (type jpg)
<use /home/henri/stuff/japanese/tuttle_kanji/radicals/standalone/03.jpg>
Package luatex.def Info: /home/henri/stuff/japanese/tuttle_kanji/radicals/standa
lone/03.jpg  used on input line 274.
(luatex.def)             Requested size: 48.36958pt x 48.52994pt.
</home/henri/stuff/japanese/tuttle_kanji/radicals/standalone/03s.jpg, id=577, 33
1.2375pt x 331.2375pt>
File: /home/henri/stuff/japanese/tuttle_kanji/radicals/standalone/03s.jpg Graphi
c file (type jpg)
<use /home/henri/stuff/japanese/tuttle_kanji/radicals/standalone/03s.jpg>
Package luatex.def Info: /home/henri/stuff/japanese/tuttle_kanji/radicals/standa
lone/03s.jpg  used on input line 274.
(luatex.def)             Requested size: 48.36958pt x 48.36937pt.
</home/henri/stuff/japanese/tuttle_kanji/radicals/standalone/04.jpg, id=578, 302
.12875pt x 303.1325pt>
File: /home/henri/stuff/japanese/tuttle_kanji/radicals/standalone/04.jpg Graphic
 file (type jpg)
<use /home/henri/stuff/japanese/tuttle_kanji/radicals/standalone/04.jpg>
Package luatex.def Info: /home/henri/stuff/japanese/tuttle_kanji/radicals/standa
lone/04.jpg  used on input line 275.
(luatex.def)             Requested size: 48.36958pt x 48.52994pt.
</home/henri/stuff/japanese/tuttle_kanji/radicals/standalone/04s.jpg, id=579, 33
1.2375pt x 331.2375pt>
File: /home/henri/stuff/japanese/tuttle_kanji/radicals/standalone/04s.jpg Graphi
c file (type jpg)
<use /home/henri/stuff/japanese/tuttle_kanji/radicals/standalone/04s.jpg>
Package luatex.def Info: /home/henri/stuff/japanese/tuttle_kanji/radicals/standa
lone/04s.jpg  used on input line 275.
(luatex.def)             Requested size: 48.36958pt x 48.36937pt.
</home/henri/stuff/japanese/tuttle_kanji/radicals/standalone/05.jpg, id=580, 302
.12875pt x 303.1325pt>
File: /home/henri/stuff/japanese/tuttle_kanji/radicals/standalone/05.jpg Graphic
 file (type jpg)
<use /home/henri/stuff/japanese/tuttle_kanji/radicals/standalone/05.jpg>
Package luatex.def Info: /home/henri/stuff/japanese/tuttle_kanji/radicals/standa
lone/05.jpg  used on input line 276.
(luatex.def)             Requested size: 48.36958pt x 48.52994pt.
</home/henri/stuff/japanese/tuttle_kanji/radicals/standalone/05s.jpg, id=581, 33
1.2375pt x 331.2375pt>
File: /home/henri/stuff/japanese/tuttle_kanji/radicals/standalone/05s.jpg Graphi
c file (type jpg)
<use /home/henri/stuff/japanese/tuttle_kanji/radicals/standalone/05s.jpg>
Package luatex.def Info: /home/henri/stuff/japanese/tuttle_kanji/radicals/standa
lone/05s.jpg  used on input line 276.
(luatex.def)             Requested size: 48.36958pt x 48.36937pt.
</home/henri/stuff/japanese/tuttle_kanji/radicals/standalone/06.jpg, id=582, 302
.12875pt x 303.1325pt>
File: /home/henri/stuff/japanese/tuttle_kanji/radicals/standalone/06.jpg Graphic
 file (type jpg)
<use /home/henri/stuff/japanese/tuttle_kanji/radicals/standalone/06.jpg>
Package luatex.def Info: /home/henri/stuff/japanese/tuttle_kanji/radicals/standa
lone/06.jpg  used on input line 277.
(luatex.def)             Requested size: 48.36958pt x 48.52994pt.
</home/henri/stuff/japanese/tuttle_kanji/radicals/standalone/06s.jpg, id=583, 33
1.2375pt x 331.2375pt>
File: /home/henri/stuff/japanese/tuttle_kanji/radicals/standalone/06s.jpg Graphi
c file (type jpg)
<use /home/henri/stuff/japanese/tuttle_kanji/radicals/standalone/06s.jpg>
Package luatex.def Info: /home/henri/stuff/japanese/tuttle_kanji/radicals/standa
lone/06s.jpg  used on input line 277.
(luatex.def)             Requested size: 48.36958pt x 48.36937pt.
</home/henri/stuff/japanese/tuttle_kanji/radicals/standalone/07.jpg, id=584, 302
.12875pt x 303.1325pt>
File: /home/henri/stuff/japanese/tuttle_kanji/radicals/standalone/07.jpg Graphic
 file (type jpg)
<use /home/henri/stuff/japanese/tuttle_kanji/radicals/standalone/07.jpg>
Package luatex.def Info: /home/henri/stuff/japanese/tuttle_kanji/radicals/standa
lone/07.jpg  used on input line 278.
(luatex.def)             Requested size: 48.36958pt x 48.52994pt.
</home/henri/stuff/japanese/tuttle_kanji/radicals/standalone/07s.jpg, id=585, 33
1.2375pt x 331.2375pt>
File: /home/henri/stuff/japanese/tuttle_kanji/radicals/standalone/07s.jpg Graphi
c file (type jpg)
<use /home/henri/stuff/japanese/tuttle_kanji/radicals/standalone/07s.jpg>
Package luatex.def Info: /home/henri/stuff/japanese/tuttle_kanji/radicals/standa
lone/07s.jpg  used on input line 278.
(luatex.def)             Requested size: 48.36958pt x 48.36937pt.
</home/henri/stuff/japanese/tuttle_kanji/radicals/standalone/08.jpg, id=586, 302
.12875pt x 303.1325pt>
File: /home/henri/stuff/japanese/tuttle_kanji/radicals/standalone/08.jpg Graphic
 file (type jpg)
<use /home/henri/stuff/japanese/tuttle_kanji/radicals/standalone/08.jpg>
Package luatex.def Info: /home/henri/stuff/japanese/tuttle_kanji/radicals/standa
lone/08.jpg  used on input line 279.
(luatex.def)             Requested size: 48.36958pt x 48.52994pt.
</home/henri/stuff/japanese/tuttle_kanji/radicals/standalone/08s.jpg, id=587, 33
1.2375pt x 331.2375pt>
File: /home/henri/stuff/japanese/tuttle_kanji/radicals/standalone/08s.jpg Graphi
c file (type jpg)
<use /home/henri/stuff/japanese/tuttle_kanji/radicals/standalone/08s.jpg>
Package luatex.def Info: /home/henri/stuff/japanese/tuttle_kanji/radicals/standa
lone/08s.jpg  used on input line 279.
(luatex.def)             Requested size: 48.36958pt x 48.36937pt.
</home/henri/stuff/japanese/tuttle_kanji/radicals/standalone/09.jpg, id=588, 302
.12875pt x 303.1325pt>
File: /home/henri/stuff/japanese/tuttle_kanji/radicals/standalone/09.jpg Graphic
 file (type jpg)
<use /home/henri/stuff/japanese/tuttle_kanji/radicals/standalone/09.jpg>
Package luatex.def Info: /home/henri/stuff/japanese/tuttle_kanji/radicals/standa
lone/09.jpg  used on input line 280.
(luatex.def)             Requested size: 48.36958pt x 48.52994pt.
</home/henri/stuff/japanese/tuttle_kanji/radicals/standalone/09s.jpg, id=589, 33
1.2375pt x 331.2375pt>
File: /home/henri/stuff/japanese/tuttle_kanji/radicals/standalone/09s.jpg Graphi
c file (type jpg)
<use /home/henri/stuff/japanese/tuttle_kanji/radicals/standalone/09s.jpg>
Package luatex.def Info: /home/henri/stuff/japanese/tuttle_kanji/radicals/standa
lone/09s.jpg  used on input line 280.
(luatex.def)             Requested size: 48.36958pt x 48.36937pt.
</home/henri/stuff/japanese/tuttle_kanji/radicals/standalone/10.jpg, id=590, 302
.12875pt x 303.1325pt>
File: /home/henri/stuff/japanese/tuttle_kanji/radicals/standalone/10.jpg Graphic
 file (type jpg)
<use /home/henri/stuff/japanese/tuttle_kanji/radicals/standalone/10.jpg>
Package luatex.def Info: /home/henri/stuff/japanese/tuttle_kanji/radicals/standa
lone/10.jpg  used on input line 281.
(luatex.def)             Requested size: 48.36958pt x 48.52994pt.
</home/henri/stuff/japanese/tuttle_kanji/radicals/standalone/10s.jpg, id=591, 33
1.2375pt x 331.2375pt>
File: /home/henri/stuff/japanese/tuttle_kanji/radicals/standalone/10s.jpg Graphi
c file (type jpg)
<use /home/henri/stuff/japanese/tuttle_kanji/radicals/standalone/10s.jpg>
Package luatex.def Info: /home/henri/stuff/japanese/tuttle_kanji/radicals/standa
lone/10s.jpg  used on input line 281.
(luatex.def)             Requested size: 48.36958pt x 48.36937pt.
</home/henri/stuff/japanese/tuttle_kanji/radicals/standalone/11.jpg, id=592, 302
.12875pt x 303.1325pt>
File: /home/henri/stuff/japanese/tuttle_kanji/radicals/standalone/11.jpg Graphic
 file (type jpg)
<use /home/henri/stuff/japanese/tuttle_kanji/radicals/standalone/11.jpg>
Package luatex.def Info: /home/henri/stuff/japanese/tuttle_kanji/radicals/standa
lone/11.jpg  used on input line 282.
(luatex.def)             Requested size: 48.36958pt x 48.52994pt.
</home/henri/stuff/japanese/tuttle_kanji/radicals/standalone/11s.jpg, id=593, 33
1.2375pt x 331.2375pt>
File: /home/henri/stuff/japanese/tuttle_kanji/radicals/standalone/11s.jpg Graphi
c file (type jpg)
<use /home/henri/stuff/japanese/tuttle_kanji/radicals/standalone/11s.jpg>
Package luatex.def Info: /home/henri/stuff/japanese/tuttle_kanji/radicals/standa
lone/11s.jpg  used on input line 282.
(luatex.def)             Requested size: 48.36958pt x 48.36937pt.
</home/henri/stuff/japanese/tuttle_kanji/radicals/standalone/12.jpg, id=594, 302
.12875pt x 303.1325pt>
File: /home/henri/stuff/japanese/tuttle_kanji/radicals/standalone/12.jpg Graphic
 file (type jpg)
<use /home/henri/stuff/japanese/tuttle_kanji/radicals/standalone/12.jpg>
Package luatex.def Info: /home/henri/stuff/japanese/tuttle_kanji/radicals/standa
lone/12.jpg  used on input line 283.
(luatex.def)             Requested size: 48.36958pt x 48.52994pt.
</home/henri/stuff/japanese/tuttle_kanji/radicals/standalone/12s.jpg, id=595, 33
1.2375pt x 331.2375pt>
File: /home/henri/stuff/japanese/tuttle_kanji/radicals/standalone/12s.jpg Graphi
c file (type jpg)
<use /home/henri/stuff/japanese/tuttle_kanji/radicals/standalone/12s.jpg>
Package luatex.def Info: /home/henri/stuff/japanese/tuttle_kanji/radicals/standa
lone/12s.jpg  used on input line 283.
(luatex.def)             Requested size: 48.36958pt x 48.36937pt.
</home/henri/stuff/japanese/tuttle_kanji/radicals/standalone/13.jpg, id=596, 302
.12875pt x 303.1325pt>
File: /home/henri/stuff/japanese/tuttle_kanji/radicals/standalone/13.jpg Graphic
 file (type jpg)
<use /home/henri/stuff/japanese/tuttle_kanji/radicals/standalone/13.jpg>
Package luatex.def Info: /home/henri/stuff/japanese/tuttle_kanji/radicals/standa
lone/13.jpg  used on input line 284.
(luatex.def)             Requested size: 48.36958pt x 48.52994pt.
</home/henri/stuff/japanese/tuttle_kanji/radicals/standalone/13s.jpg, id=597, 33
1.2375pt x 331.2375pt>
File: /home/henri/stuff/japanese/tuttle_kanji/radicals/standalone/13s.jpg Graphi
c file (type jpg)
<use /home/henri/stuff/japanese/tuttle_kanji/radicals/standalone/13s.jpg>
Package luatex.def Info: /home/henri/stuff/japanese/tuttle_kanji/radicals/standa
lone/13s.jpg  used on input line 284.
(luatex.def)             Requested size: 48.36958pt x 48.36937pt.
</home/henri/stuff/japanese/tuttle_kanji/radicals/standalone/14.jpg, id=598, 302
.12875pt x 303.1325pt>
File: /home/henri/stuff/japanese/tuttle_kanji/radicals/standalone/14.jpg Graphic
 file (type jpg)
<use /home/henri/stuff/japanese/tuttle_kanji/radicals/standalone/14.jpg>
Package luatex.def Info: /home/henri/stuff/japanese/tuttle_kanji/radicals/standa
lone/14.jpg  used on input line 285.
(luatex.def)             Requested size: 48.36958pt x 48.52994pt.
</home/henri/stuff/japanese/tuttle_kanji/radicals/standalone/14s.jpg, id=599, 33
1.2375pt x 331.2375pt>
File: /home/henri/stuff/japanese/tuttle_kanji/radicals/standalone/14s.jpg Graphi
c file (type jpg)
<use /home/henri/stuff/japanese/tuttle_kanji/radicals/standalone/14s.jpg>
Package luatex.def Info: /home/henri/stuff/japanese/tuttle_kanji/radicals/standa
lone/14s.jpg  used on input line 285.
(luatex.def)             Requested size: 48.36958pt x 48.36937pt.
</home/henri/stuff/japanese/tuttle_kanji/radicals/standalone/15.jpg, id=600, 302
.12875pt x 303.1325pt>
File: /home/henri/stuff/japanese/tuttle_kanji/radicals/standalone/15.jpg Graphic
 file (type jpg)
<use /home/henri/stuff/japanese/tuttle_kanji/radicals/standalone/15.jpg>
Package luatex.def Info: /home/henri/stuff/japanese/tuttle_kanji/radicals/standa
lone/15.jpg  used on input line 286.
(luatex.def)             Requested size: 48.36958pt x 48.52994pt.
</home/henri/stuff/japanese/tuttle_kanji/radicals/standalone/15s.jpg, id=601, 33
1.2375pt x 331.2375pt>
File: /home/henri/stuff/japanese/tuttle_kanji/radicals/standalone/15s.jpg Graphi
c file (type jpg)
<use /home/henri/stuff/japanese/tuttle_kanji/radicals/standalone/15s.jpg>
Package luatex.def Info: /home/henri/stuff/japanese/tuttle_kanji/radicals/standa
lone/15s.jpg  used on input line 286.
(luatex.def)             Requested size: 48.36958pt x 48.36937pt.
</home/henri/stuff/japanese/tuttle_kanji/radicals/standalone/16.jpg, id=602, 302
.12875pt x 303.1325pt>
File: /home/henri/stuff/japanese/tuttle_kanji/radicals/standalone/16.jpg Graphic
 file (type jpg)
<use /home/henri/stuff/japanese/tuttle_kanji/radicals/standalone/16.jpg>
Package luatex.def Info: /home/henri/stuff/japanese/tuttle_kanji/radicals/standa
lone/16.jpg  used on input line 287.
(luatex.def)             Requested size: 48.36958pt x 48.52994pt.
</home/henri/stuff/japanese/tuttle_kanji/radicals/standalone/16s.jpg, id=603, 33
1.2375pt x 331.2375pt>
File: /home/henri/stuff/japanese/tuttle_kanji/radicals/standalone/16s.jpg Graphi
c file (type jpg)
<use /home/henri/stuff/japanese/tuttle_kanji/radicals/standalone/16s.jpg>
Package luatex.def Info: /home/henri/stuff/japanese/tuttle_kanji/radicals/standa
lone/16s.jpg  used on input line 287.
(luatex.def)             Requested size: 48.36958pt x 48.36937pt.
</home/henri/stuff/japanese/tuttle_kanji/radicals/standalone/17.jpg, id=604, 302
.12875pt x 303.1325pt>
File: /home/henri/stuff/japanese/tuttle_kanji/radicals/standalone/17.jpg Graphic
 file (type jpg)
<use /home/henri/stuff/japanese/tuttle_kanji/radicals/standalone/17.jpg>
Package luatex.def Info: /home/henri/stuff/japanese/tuttle_kanji/radicals/standa
lone/17.jpg  used on input line 288.
(luatex.def)             Requested size: 48.36958pt x 48.52994pt.
</home/henri/stuff/japanese/tuttle_kanji/radicals/standalone/17s.jpg, id=605, 33
1.2375pt x 331.2375pt>
File: /home/henri/stuff/japanese/tuttle_kanji/radicals/standalone/17s.jpg Graphi
c file (type jpg)
<use /home/henri/stuff/japanese/tuttle_kanji/radicals/standalone/17s.jpg>
Package luatex.def Info: /home/henri/stuff/japanese/tuttle_kanji/radicals/standa
lone/17s.jpg  used on input line 288.
(luatex.def)             Requested size: 48.36958pt x 48.36937pt.
</home/henri/stuff/japanese/tuttle_kanji/radicals/standalone/18.jpg, id=606, 302
.12875pt x 303.1325pt>
File: /home/henri/stuff/japanese/tuttle_kanji/radicals/standalone/18.jpg Graphic
 file (type jpg)
<use /home/henri/stuff/japanese/tuttle_kanji/radicals/standalone/18.jpg>
Package luatex.def Info: /home/henri/stuff/japanese/tuttle_kanji/radicals/standa
lone/18.jpg  used on input line 289.
(luatex.def)             Requested size: 48.36958pt x 48.52994pt.
</home/henri/stuff/japanese/tuttle_kanji/radicals/standalone/18s.jpg, id=607, 33
1.2375pt x 331.2375pt>
File: /home/henri/stuff/japanese/tuttle_kanji/radicals/standalone/18s.jpg Graphi
c file (type jpg)
<use /home/henri/stuff/japanese/tuttle_kanji/radicals/standalone/18s.jpg>
Package luatex.def Info: /home/henri/stuff/japanese/tuttle_kanji/radicals/standa
lone/18s.jpg  used on input line 289.
(luatex.def)             Requested size: 48.36958pt x 48.36937pt.
</home/henri/stuff/japanese/tuttle_kanji/radicals/standalone/19.jpg, id=608, 302
.12875pt x 303.1325pt>
File: /home/henri/stuff/japanese/tuttle_kanji/radicals/standalone/19.jpg Graphic
 file (type jpg)
<use /home/henri/stuff/japanese/tuttle_kanji/radicals/standalone/19.jpg>
Package luatex.def Info: /home/henri/stuff/japanese/tuttle_kanji/radicals/standa
lone/19.jpg  used on input line 290.
(luatex.def)             Requested size: 48.36958pt x 48.52994pt.
</home/henri/stuff/japanese/tuttle_kanji/radicals/standalone/19s.jpg, id=609, 33
1.2375pt x 331.2375pt>
File: /home/henri/stuff/japanese/tuttle_kanji/radicals/standalone/19s.jpg Graphi
c file (type jpg)
<use /home/henri/stuff/japanese/tuttle_kanji/radicals/standalone/19s.jpg>
Package luatex.def Info: /home/henri/stuff/japanese/tuttle_kanji/radicals/standa
lone/19s.jpg  used on input line 290.
(luatex.def)             Requested size: 48.36958pt x 48.36937pt.
</home/henri/stuff/japanese/tuttle_kanji/radicals/standalone/20.jpg, id=610, 302
.12875pt x 303.1325pt>
File: /home/henri/stuff/japanese/tuttle_kanji/radicals/standalone/20.jpg Graphic
 file (type jpg)
<use /home/henri/stuff/japanese/tuttle_kanji/radicals/standalone/20.jpg>
Package luatex.def Info: /home/henri/stuff/japanese/tuttle_kanji/radicals/standa
lone/20.jpg  used on input line 291.
(luatex.def)             Requested size: 48.36958pt x 48.52994pt.
</home/henri/stuff/japanese/tuttle_kanji/radicals/standalone/20s.jpg, id=611, 33
1.2375pt x 331.2375pt>
File: /home/henri/stuff/japanese/tuttle_kanji/radicals/standalone/20s.jpg Graphi
c file (type jpg)
<use /home/henri/stuff/japanese/tuttle_kanji/radicals/standalone/20s.jpg>
Package luatex.def Info: /home/henri/stuff/japanese/tuttle_kanji/radicals/standa
lone/20s.jpg  used on input line 291.
(luatex.def)             Requested size: 48.36958pt x 48.36937pt.
</home/henri/stuff/japanese/tuttle_kanji/radicals/standalone/21.jpg, id=612, 302
.12875pt x 303.1325pt>
File: /home/henri/stuff/japanese/tuttle_kanji/radicals/standalone/21.jpg Graphic
 file (type jpg)
<use /home/henri/stuff/japanese/tuttle_kanji/radicals/standalone/21.jpg>
Package luatex.def Info: /home/henri/stuff/japanese/tuttle_kanji/radicals/standa
lone/21.jpg  used on input line 292.
(luatex.def)             Requested size: 48.36958pt x 48.52994pt.
</home/henri/stuff/japanese/tuttle_kanji/radicals/standalone/21s.jpg, id=613, 30
2.12875pt x 303.1325pt>
File: /home/henri/stuff/japanese/tuttle_kanji/radicals/standalone/21s.jpg Graphi
c file (type jpg)
<use /home/henri/stuff/japanese/tuttle_kanji/radicals/standalone/21s.jpg>
Package luatex.def Info: /home/henri/stuff/japanese/tuttle_kanji/radicals/standa
lone/21s.jpg  used on input line 292.
(luatex.def)             Requested size: 48.36958pt x 48.52994pt.
</home/henri/stuff/japanese/tuttle_kanji/radicals/standalone/22.jpg, id=614, 302
.12875pt x 303.1325pt>
File: /home/henri/stuff/japanese/tuttle_kanji/radicals/standalone/22.jpg Graphic
 file (type jpg)
<use /home/henri/stuff/japanese/tuttle_kanji/radicals/standalone/22.jpg>
Package luatex.def Info: /home/henri/stuff/japanese/tuttle_kanji/radicals/standa
lone/22.jpg  used on input line 293.
(luatex.def)             Requested size: 48.36958pt x 48.52994pt.
</home/henri/stuff/japanese/tuttle_kanji/radicals/standalone/22s.jpg, id=615, 33
1.2375pt x 331.2375pt>
File: /home/henri/stuff/japanese/tuttle_kanji/radicals/standalone/22s.jpg Graphi
c file (type jpg)
<use /home/henri/stuff/japanese/tuttle_kanji/radicals/standalone/22s.jpg>
Package luatex.def Info: /home/henri/stuff/japanese/tuttle_kanji/radicals/standa
lone/22s.jpg  used on input line 293.
(luatex.def)             Requested size: 48.36958pt x 48.36937pt.
[18</home/henri/stuff/japanese/tuttle_kanji/radicals/standalone/01.jpg></home/he
nri/stuff/japanese/tuttle_kanji/radicals/standalone/01s.jpg></home/henri/stuff/j
apanese/tuttle_kanji/radicals/standalone/02.jpg></home/henri/stuff/japanese/tutt
le_kanji/radicals/standalone/02s.jpg></home/henri/stuff/japanese/tuttle_kanji/ra
dicals/standalone/03.jpg></home/henri/stuff/japanese/tuttle_kanji/radicals/stand
alone/03s.jpg></home/henri/stuff/japanese/tuttle_kanji/radicals/standalone/04.jp
g></home/henri/stuff/japanese/tuttle_kanji/radicals/standalone/04s.jpg></home/he
nri/stuff/japanese/tuttle_kanji/radicals/standalone/05.jpg></home/henri/stuff/ja
panese/tuttle_kanji/radicals/standalone/05s.jpg></home/henri/stuff/japanese/tutt
le_kanji/radicals/standalone/06.jpg></home/henri/stuff/japanese/tuttle_kanji/rad
icals/standalone/06s.jpg></home/henri/stuff/japanese/tuttle_kanji/radicals/stand
alone/07.jpg></home/henri/stuff/japanese/tuttle_kanji/radicals/standalone/07s.jp
g></home/henri/stuff/japanese/tuttle_kanji/radicals/standalone/08.jpg></home/hen
ri/stuff/japanese/tuttle_kanji/radicals/standalone/08s.jpg></home/henri/stuff/ja
panese/tuttle_kanji/radicals/standalone/09.jpg></home/henri/stuff/japanese/tuttl
e_kanji/radicals/standalone/09s.jpg></home/henri/stuff/japanese/tuttle_kanji/rad
icals/standalone/10.jpg></home/henri/stuff/japanese/tuttle_kanji/radicals/standa
lone/10s.jpg></home/henri/stuff/japanese/tuttle_kanji/radicals/standalone/11.jpg
></home/henri/stuff/japanese/tuttle_kanji/radicals/standalone/11s.jpg>]
</home/henri/stuff/japanese/tuttle_kanji/radicals/tips/tip_01.jpg, id=619, 963.6
pt x 351.3125pt>
File: /home/henri/stuff/japanese/tuttle_kanji/radicals/tips/tip_01.jpg Graphic f
ile (type jpg)
<use /home/henri/stuff/japanese/tuttle_kanji/radicals/tips/tip_01.jpg>
Package luatex.def Info: /home/henri/stuff/japanese/tuttle_kanji/radicals/tips/t
ip_01.jpg  used on input line 299.
(luatex.def)             Requested size: 426.79134pt x 155.59648pt.
</home/henri/stuff/japanese/tuttle_kanji/radicals/tips/tip_02.jpg, id=620, 963.6
pt x 351.3125pt>
File: /home/henri/stuff/japanese/tuttle_kanji/radicals/tips/tip_02.jpg Graphic f
ile (type jpg)
<use /home/henri/stuff/japanese/tuttle_kanji/radicals/tips/tip_02.jpg>
Package luatex.def Info: /home/henri/stuff/japanese/tuttle_kanji/radicals/tips/t
ip_02.jpg  used on input line 305.
(luatex.def)             Requested size: 426.79134pt x 155.59648pt.
</home/henri/stuff/japanese/tuttle_kanji/radicals/tips/tip_03.jpg, id=621, 963.6
pt x 351.3125pt>
File: /home/henri/stuff/japanese/tuttle_kanji/radicals/tips/tip_03.jpg Graphic f
ile (type jpg)
<use /home/henri/stuff/japanese/tuttle_kanji/radicals/tips/tip_03.jpg>
Package luatex.def Info: /home/henri/stuff/japanese/tuttle_kanji/radicals/tips/t
ip_03.jpg  used on input line 311.
(luatex.def)             Requested size: 426.79134pt x 155.59648pt.
</home/henri/stuff/japanese/tuttle_kanji/radicals/tips/tip_04.jpg, id=622, 963.6
pt x 351.3125pt>
File: /home/henri/stuff/japanese/tuttle_kanji/radicals/tips/tip_04.jpg Graphic f
ile (type jpg)
<use /home/henri/stuff/japanese/tuttle_kanji/radicals/tips/tip_04.jpg>
Package luatex.def Info: /home/henri/stuff/japanese/tuttle_kanji/radicals/tips/t
ip_04.jpg  used on input line 317.
(luatex.def)             Requested size: 426.79134pt x 155.59648pt.
</home/henri/stuff/japanese/tuttle_kanji/radicals/tips/tip_05.jpg, id=623, 963.6
pt x 351.3125pt>
File: /home/henri/stuff/japanese/tuttle_kanji/radicals/tips/tip_05.jpg Graphic f
ile (type jpg)
<use /home/henri/stuff/japanese/tuttle_kanji/radicals/tips/tip_05.jpg>
Package luatex.def Info: /home/henri/stuff/japanese/tuttle_kanji/radicals/tips/t
ip_05.jpg  used on input line 323.
(luatex.def)             Requested size: 426.79134pt x 155.59648pt.
</home/henri/stuff/japanese/tuttle_kanji/radicals/tips/tip_06.jpg, id=624, 963.6
pt x 351.3125pt>
File: /home/henri/stuff/japanese/tuttle_kanji/radicals/tips/tip_06.jpg Graphic f
ile (type jpg)
<use /home/henri/stuff/japanese/tuttle_kanji/radicals/tips/tip_06.jpg>
Package luatex.def Info: /home/henri/stuff/japanese/tuttle_kanji/radicals/tips/t
ip_06.jpg  used on input line 329.
(luatex.def)             Requested size: 426.79134pt x 155.59648pt.
</home/henri/stuff/japanese/tuttle_kanji/radicals/tips/tip_07.jpg, id=625, 963.6
pt x 351.3125pt>
File: /home/henri/stuff/japanese/tuttle_kanji/radicals/tips/tip_07.jpg Graphic f
ile (type jpg)
<use /home/henri/stuff/japanese/tuttle_kanji/radicals/tips/tip_07.jpg>
Package luatex.def Info: /home/henri/stuff/japanese/tuttle_kanji/radicals/tips/t
ip_07.jpg  used on input line 335.
(luatex.def)             Requested size: 426.79134pt x 155.59648pt.
</home/henri/stuff/japanese/tuttle_kanji/radicals/tips/tip_08.jpg, id=626, 963.6
pt x 351.3125pt>
File: /home/henri/stuff/japanese/tuttle_kanji/radicals/tips/tip_08.jpg Graphic f
ile (type jpg)
<use /home/henri/stuff/japanese/tuttle_kanji/radicals/tips/tip_08.jpg>
Package luatex.def Info: /home/henri/stuff/japanese/tuttle_kanji/radicals/tips/t
ip_08.jpg  used on input line 341.
(luatex.def)             Requested size: 426.79134pt x 155.59648pt.
</home/henri/stuff/japanese/tuttle_kanji/radicals/tips/tip_09.jpg, id=627, 963.6
pt x 351.3125pt>
File: /home/henri/stuff/japanese/tuttle_kanji/radicals/tips/tip_09.jpg Graphic f
ile (type jpg)
<use /home/henri/stuff/japanese/tuttle_kanji/radicals/tips/tip_09.jpg>
Package luatex.def Info: /home/henri/stuff/japanese/tuttle_kanji/radicals/tips/t
ip_09.jpg  used on input line 347.
(luatex.def)             Requested size: 426.79134pt x 155.59648pt.
</home/henri/stuff/japanese/tuttle_kanji/radicals/tips/tip_10.jpg, id=628, 963.6
pt x 351.3125pt>
File: /home/henri/stuff/japanese/tuttle_kanji/radicals/tips/tip_10.jpg Graphic f
ile (type jpg)
<use /home/henri/stuff/japanese/tuttle_kanji/radicals/tips/tip_10.jpg>
Package luatex.def Info: /home/henri/stuff/japanese/tuttle_kanji/radicals/tips/t
ip_10.jpg  used on input line 353.
(luatex.def)             Requested size: 426.79134pt x 155.59648pt.
</home/henri/stuff/japanese/tuttle_kanji/radicals/tips/tip_11.jpg, id=629, 963.6
pt x 351.3125pt>
File: /home/henri/stuff/japanese/tuttle_kanji/radicals/tips/tip_11.jpg Graphic f
ile (type jpg)
<use /home/henri/stuff/japanese/tuttle_kanji/radicals/tips/tip_11.jpg>
Package luatex.def Info: /home/henri/stuff/japanese/tuttle_kanji/radicals/tips/t
ip_11.jpg  used on input line 359.
(luatex.def)             Requested size: 426.79134pt x 155.59648pt.
 [19</home/henri/stuff/japanese/tuttle_kanji/radicals/standalone/12.jpg></home/h
enri/stuff/japanese/tuttle_kanji/radicals/standalone/12s.jpg></home/henri/stuff/
japanese/tuttle_kanji/radicals/standalone/13.jpg></home/henri/stuff/japanese/tut
tle_kanji/radicals/standalone/13s.jpg></home/henri/stuff/japanese/tuttle_kanji/r
adicals/standalone/14.jpg></home/henri/stuff/japanese/tuttle_kanji/radicals/stan
dalone/14s.jpg></home/henri/stuff/japanese/tuttle_kanji/radicals/standalone/15.j
pg></home/henri/stuff/japanese/tuttle_kanji/radicals/standalone/15s.jpg></home/h
enri/stuff/japanese/tuttle_kanji/radicals/standalone/16.jpg></home/henri/stuff/j
apanese/tuttle_kanji/radicals/standalone/16s.jpg></home/henri/stuff/japanese/tut
tle_kanji/radicals/standalone/17.jpg></home/henri/stuff/japanese/tuttle_kanji/ra
dicals/standalone/17s.jpg></home/henri/stuff/japanese/tuttle_kanji/radicals/stan
dalone/18.jpg></home/henri/stuff/japanese/tuttle_kanji/radicals/standalone/18s.j
pg></home/henri/stuff/japanese/tuttle_kanji/radicals/standalone/19.jpg></home/he
nri/stuff/japanese/tuttle_kanji/radicals/standalone/19s.jpg></home/henri/stuff/j
apanese/tuttle_kanji/radicals/standalone/20.jpg></home/henri/stuff/japanese/tutt
le_kanji/radicals/standalone/20s.jpg></home/henri/stuff/japanese/tuttle_kanji/ra
dicals/standalone/21.jpg></home/henri/stuff/japanese/tuttle_kanji/radicals/stand
alone/21s.jpg></home/henri/stuff/japanese/tuttle_kanji/radicals/standalone/22.jp
g></home/henri/stuff/japanese/tuttle_kanji/radicals/standalone/22s.jpg>] [20</ho
me/henri/stuff/japanese/tuttle_kanji/radicals/tips/tip_01.jpg></home/henri/stuff
/japanese/tuttle_kanji/radicals/tips/tip_02.jpg></home/henri/stuff/japanese/tutt
le_kanji/radicals/tips/tip_03.jpg>] [21</home/henri/stuff/japanese/tuttle_kanji/
radicals/tips/tip_04.jpg></home/henri/stuff/japanese/tuttle_kanji/radicals/tips/
tip_05.jpg></home/henri/stuff/japanese/tuttle_kanji/radicals/tips/tip_06.jpg>] 
[22</home/henri/stuff/japanese/tuttle_kanji/radicals/tips/tip_07.jpg></home/henr
i/stuff/japanese/tuttle_kanji/radicals/tips/tip_08.jpg></home/henri/stuff/japane
se/tuttle_kanji/radicals/tips/tip_09.jpg>]
[23</home/henri/stuff/japanese/tuttle_kanji/radicals/tips/tip_10.jpg></home/henr
i/stuff/japanese/tuttle_kanji/radicals/tips/tip_11.jpg>]
(./henri__table_of_radicals.aux))

Here is how much of LuaTeX's memory you used:
 10737 strings out of 481351
 100000,552014 words of node,token memory allocated
 538 words of node memory still in use:
   6 hlist, 2 vlist, 2 rule, 2 glue, 4 kern, 1 glyph, 7 attribute, 62 glue_spec,
 7 attribute_list, 1 write nodes
   avail lists: 2:4616,3:1070,4:48,5:376,6:323,7:4598,8:1,9:3780,10:9,11:139
 24247 multiletter control sequences out of 65536+600000
 43 fonts using 4794923 bytes
 38i,13n,43p,720b,294s stack positions out of 5000i,500n,10000p,200000b,100000s
</usr/local/texlive/2019/texmf-dist/fonts/opentype/public/lm/lmroman10-italic.ot
f></usr/local/texlive/2019/texmf-dist/fonts/opentype/public/lm/lmroman10-regular
.otf></usr/local/texlive/2019/texmf-dist/fonts/opentype/public/lm/lmroman10-bold
.otf></usr/local/texlive/2019/texmf-dist/fonts/opentype/public/lm/lmroman12-bold
.otf>
Output written on henri__table_of_radicals.pdf (23 pages, 5593720 bytes).

PDF statistics: 673 PDF objects out of 1000 (max. 8388607)
 67 compressed objects within 1 object stream
 0 named destinations out of 1000 (max. 131072)
 1 words of extra memory for PDF output out of 10000 (max. 100000000)

